fyear,series,ac_code,month
31-03-2025,"WPR",48793,"10/16,7/15,12/15"
31-03-2025,"WPR",48794,"6/20"
31-03-2025,"WPR",48798,"3/21"
31-03-2025,"WPR",48808,"10/17"
31-03-2025,"WPR",48809,"4/20,5/20"
31-03-2025,"WPR",48810,"6/10"
31-03-2025,"WPR",48811,"1/13,4/13"
31-03-2025,"WPR",48812,"4/08,4/23,5/23,9/07,10/07,11/07,12/07"
31-03-2025,"WPR",48820,"8/07,11/07"
31-03-2025,"WPR",48823,"3/22"
31-03-2025,"WPR",48826,"3/22"
31-03-2025,"WPR",48839,"3/22"
31-03-2025,"WPR",48841,"12/14"
31-03-2025,"WPR",48842,"3/16"
31-03-2025,"WPR",48846,"3/24"
31-03-2025,"WPR",48849,"3/22,4/12,5/12"
31-03-2025,"WPR",48852,"12/14,3/11"
31-03-2025,"WPR",48854,"10/16,3/17,6/17,7/17"
31-03-2025,"WPR",48855,"3/11"
31-03-2025,"WPR",48856,"2/11,3/21,5/13,7/21,8/15,10/15"
31-03-2025,"WPR",48857,"1/15"
31-03-2025,"WPR",48860,"3/22"
31-03-2025,"WPR",48866,"11/20,8/15"
31-03-2025,"WPR",48868,"2/16,3/16"
31-03-2025,"WPR",48869,"12/20,6/07"
31-03-2025,"WPR",48870,"2/17"
31-03-2025,"WPR",48872,"8/15"
31-03-2025,"WPR",48874,"2/12"
31-03-2025,"WPR",48875,"2/13"
31-03-2025,"WPR",48878,"1/16,7/16"
31-03-2025,"WPR",48885,"6/17,7/17"
31-03-2025,"WPR",48890,"1/16,5/13"
31-03-2025,"WPR",48892,"3/22"
31-03-2025,"WPR",48893,"3/13,5/13,6/13,7/13"
31-03-2025,"WPR",48898,"10/07"
31-03-2025,"WPR",48903,"12/09,1/10"
31-03-2025,"WPR",48904,"10/14,1/15,2/15,2/21,8/21"
31-03-2025,"WPR",48908,"7/17"
31-03-2025,"WPR",48911,"12/14"
31-03-2025,"WPR",48913,"9/07"
31-03-2025,"WPR",48916,"6/07"
31-03-2025,"WPR",48919,"10/07"
31-03-2025,"WPR",48920,"10/13"
31-03-2025,"WPR",48924,"10/19,2/21,7/14,8/14,8/21"
31-03-2025,"WPR",48925,"1/13,10/14,1/15,2/15,12/09,4/13,8/19,9/19,10/19,11/19"
31-03-2025,"WPR",48927,"3/13"
31-03-2025,"WPR",48937,"11/07"
31-03-2025,"WPR",48940,"10/09,10/16,7/17"
31-03-2025,"WPR",48942,"1/13,4/13,7/14,10/14,1/15,2/15"
31-03-2025,"WPR",48943,"4/18"
31-03-2025,"WPR",48951,"8/10"
31-03-2025,"WPR",48958,"1/10"
31-03-2025,"WPR",48959,"1/10"
31-03-2025,"WPR",48960,"8/20"
31-03-2025,"WPR",48961,"9/12"
31-03-2025,"WPR",48962,"3/11"
31-03-2025,"WPR",48974,"1/13,3/18,4/13"
31-03-2025,"WPR",48976,"1/10,3/16"
31-03-2025,"WPR",48977,"2/10,3/21"
31-03-2025,"WPR",48978,"2/10"
31-03-2025,"WPR",48980,"2/10"
31-03-2025,"WPR",48981,"2/10"
31-03-2025,"WPR",48982,"2/10"
31-03-2025,"WPR",48983,"2/10,2/21"
31-03-2025,"WPR",48984,"1/13,2/10,2/22,4/13"
31-03-2025,"WPR",48985,"2/10"
31-03-2025,"WPR",48986,"2/10"
31-03-2025,"WPR",48988,"3/11"
31-03-2025,"WPR",48989,"3/11"
31-03-2025,"WPR",48992,"2/20,3/20,4/20,5/20,6/20,7/20,8/20,11/20"
31-03-2025,"WPR",48995,"1/10"
31-03-2025,"WPR",48997,"1/10"
31-03-2025,"WPR",48999,"10/08,5/20"
31-03-2025,"WPR",49002,"1/10,10/14,2/13,4/17,5/19,6/22,7/22,8/22,9/22,7/16,3/17,8/10,9/10,9/18,10/18,9/21"
31-03-2025,"WPR",49007,"1/10"
31-03-2025,"WPR",49008,"3/11"
31-03-2025,"WPR",49012,"6/15"
31-03-2025,"WPR",49014,"4/12,5/12"
31-03-2025,"WPR",49017,"1/13,4/13"
31-03-2025,"WPR",49020,"4/09,7/09"
31-03-2025,"WPR",49021,"6/15"
31-03-2025,"WPR",49023,"5/13"
31-03-2025,"WPR",49025,"1/10,2/10,3/10,2/16,3/16,2/17,4/10,9/17"
31-03-2025,"WPR",49027,"1/13,4/13,5/16,6/16,7/16,8/16,9/16,10/16,11/16,12/16,1/17,2/17,3/17"
31-03-2025,"WPR",49029,"1/15"
31-03-2025,"WPR",49031,"5/13"
31-03-2025,"WPR",49034,"1/13"
31-03-2025,"WPR",49035,"2/21,7/16"
31-03-2025,"WPR",49037,"4/15,5/15"
31-03-2025,"WPR",49038,"12/14,6/08"
31-03-2025,"WPR",49042,"1/10"
31-03-2025,"WPR",49050,"2/13"
31-03-2025,"WPR",49051,"3/22"
31-03-2025,"WPR",49057,"3/22"
31-03-2025,"WPR",49059,"1/19,4/15,5/15"
31-03-2025,"WPR",49060,"3/22"
31-03-2025,"WPR",49065,"12/16,2/17"
31-03-2025,"WPR",49072,"3/22,4/19"
31-03-2025,"WPR",49076,"11/09"
31-03-2025,"WPR",49081,"1/13,4/13"
31-03-2025,"WPR",49086,"7/17"
31-03-2025,"WPR",49087,"7/21"
31-03-2025,"WPR",49088,"3/18,3/24,9/20"
31-03-2025,"WPR",49094,"5/20,6/20"
31-03-2025,"WPR",49095,"8/13,9/13,10/13,11/13,12/13,1/14,2/14"
31-03-2025,"WPR",49097,"1/13,4/13"
31-03-2025,"WPR",49099,"5/13"
31-03-2025,"WPR",49104,"2/12"
31-03-2025,"WPR",49108,"9/16"
31-03-2025,"WPR",49110,"5/13"
31-03-2025,"WPR",49111,"3/16"
31-03-2025,"WPR",49116,"12/18"
31-03-2025,"WPR",49117,"4/12,5/12,6/12,7/12,8/12"
31-03-2025,"WPR",49123,"5/13"
31-03-2025,"WPR",49124,"1/16,3/16,6/10"
31-03-2025,"WPR",49125,"9/18"
31-03-2025,"WPR",49129,"1/13,4/13,5/13"
31-03-2025,"WPR",49130,"3/13"
31-03-2025,"WPR",49139,"11/20"
31-03-2025,"WPR",49140,"7/11"
31-03-2025,"WPR",49142,"3/21,5/13,8/15"
31-03-2025,"WPR",49143,"7/15"
31-03-2025,"WPR",49144,"2/21,8/21,9/21,10/21,11/21"
31-03-2025,"WPR",49145,"10/07,12/20,2/21,8/21"
31-03-2025,"WPR",49146,"1/09,7/11"
31-03-2025,"WPR",49150,"1/13"
31-03-2025,"WPR",49151,"3/22"
31-03-2025,"WPR",49154,"6/20,7/21"
31-03-2025,"WPR",49158,"10/07"
31-03-2025,"WPR",49167,"11/09"
31-03-2025,"WPR",49170,"10/07,3/11"
31-03-2025,"WPR",49171,"7/13,8/13,9/13,10/13"
31-03-2025,"WPR",49172,"1/10,6/15"
31-03-2025,"WPR",49173,"11/09"
31-03-2025,"WPR",49177,"12/20,3/19,4/21"
31-03-2025,"WPR",49179,"3/10,6/11,7/15,12/15,2/16"
31-03-2025,"WPR",49183,"4/14,9/16"
31-03-2025,"WPR",49184,"4/09,5/09,6/09,7/09,8/09,9/09,7/08,8/08,9/08,10/08,11/08,12/08,1/09,2/09,3/09"
31-03-2025,"WPR",49186,"8/10"
31-03-2025,"WPR",49188,"8/14"
31-03-2025,"WPR",49191,"9/12"
31-03-2025,"WPR",49196,"1/15,12/19"
31-03-2025,"WPR",49204,"12/09,7/08,8/08"
31-03-2025,"WPR",49206,"1/19,2/19,4/21,5/21,6/21,7/21"
31-03-2025,"WPR",49210,"12/14"
31-03-2025,"WPR",49215,"2/10"
31-03-2025,"WPR",49216,"8/21"
31-03-2025,"WPR",49218,"3/23,4/08,5/08,6/08,7/08,8/08,9/08,10/08,11/08,12/08,1/09,2/09,3/09,4/09,5/09,6/09,7/09,8/09,9/09,10/09,11/09,12/09,1/10,2/10,3/10,4/12,5/12"
31-03-2025,"WPR",49229,"5/16"
31-03-2025,"WPR",49233,"5/13"
31-03-2025,"WPR",49237,"12/09"
31-03-2025,"WPR",49239,"12/09"
31-03-2025,"WPR",49240,"2/15"
31-03-2025,"WPR",49251,"8/09,10/09,12/09"
31-03-2025,"WPR",49260,"11/09"
31-03-2025,"WPR",49263,"10/16"
31-03-2025,"WPR",49267,"11/09,12/09"
31-03-2025,"WPR",49279,"12/09,1/10"
31-03-2025,"WPR",49282,"10/11"
31-03-2025,"WPR",49288,"11/09"
31-03-2025,"WPR",49292,"11/09"
31-03-2025,"WPR",49302,"7/07"
31-03-2025,"WPR",49303,"7/07"
31-03-2025,"WPR",49304,"7/07"
31-03-2025,"WPR",49312,"7/07,9/08"
31-03-2025,"WPR",49313,"11/09"
31-03-2025,"WPR",49314,"11/09"
31-03-2025,"WPR",49315,"11/09"
31-03-2025,"WPR",49316,"11/09"
31-03-2025,"WPR",49317,"11/09"
31-03-2025,"WPR",49320,"3/19,4/19,5/19"
31-03-2025,"WPR",49328,"6/10"
31-03-2025,"WPR",49330,"11/09,3/21"
31-03-2025,"WPR",49331,"8/09,10/09,12/09"
31-03-2025,"WPR",49333,"11/09"
31-03-2025,"WPR",49339,"12/09"
31-03-2025,"WPR",49352,"11/23"
31-03-2025,"WPR",49353,"10/09"
31-03-2025,"WPR",49355,"1/09"
31-03-2025,"WPR",49356,"1/12,11/09"
31-03-2025,"WPR",49357,"12/09"
31-03-2025,"WPR",49359,"11/09"
31-03-2025,"WPR",49364,"1/16"
31-03-2025,"WPR",49376,"2/17"
31-03-2025,"WPR",49385,"1/10"
31-03-2025,"WPR",49392,"10/08,11/08,12/08,3/09,11/07,4/09,5/09,6/09,7/09,8/09,9/09,10/09,11/09,4/11,5/11,6/11,10/11,3/12,4/12,7/12,8/12,9/12,11/12,12/12,1/13,2/13,4/13,5/13,6/13,7/13,8/13,9/13,10/13,11/13,12/13,1/14,2/14,3/14,4/14,6/14,7/14,10/14,11/14,12/14,1/15,2/15,3/15,4/15,6/15,9/15,10/15,11/15,12/15,1/16,2/16,3/16,4/16,5/16,6/16,7/16,10/16,11/16,12/16,3/17,4/17,5/17,6/17,7/17,8/17,9/17,10/17,11/17,12/17,1/18,2/18,3/18,4/18,5/18,6/18,7/18,8/18,9/18,10/18,11/18,12/18,1/19,2/19,3/19,4/19,5/19,6/19,7/19,8/19,9/19,10/19,11/19,12/19,1/20,2/20,3/20,4/20,5/20,6/20,7/20,8/20,9/20,10/20,11/20,12/20,1/21,2/21,3/21,4/22,5/22,6/22,7/22,8/22,9/22,5/10,6/10,9/10,11/10,12/10,6/23,7/23,8/23,9/23,10/23,8/21,9/21,10/21,11/21,12/21,1/22,2/22,3/22"
31-03-2025,"WPR",49393,"4/14,5/14,6/14,7/14,8/14,9/14,10/14,11/14,12/14,1/15,2/15,3/15"
31-03-2025,"WPR",49394,"6/18"
31-03-2025,"WPR",49404,"11/16,12/20"
31-03-2025,"WPR",49405,"4/13"
31-03-2025,"WPR",49407,"7/07"
31-03-2025,"WPR",49408,"2/14"
31-03-2025,"WPR",49409,"3/22"
31-03-2025,"WPR",49412,"11/21,12/14"
31-03-2025,"WPR",49415,"11/12,11/21,7/07"
31-03-2025,"WPR",49419,"3/18"
31-03-2025,"WPR",49420,"1/16,6/07,6/13"
31-03-2025,"WPR",49422,"12/07"
31-03-2025,"WPR",49424,"1/13,4/13"
31-03-2025,"WPR",49427,"1/13,4/13"
31-03-2025,"WPR",49429,"2/13,4/08,5/08,6/08,7/08,11/08,1/09,2/09,3/09,4/20,8/20,9/20,6/19,7/19,10/19,11/19,12/19,2/20,7/18,8/18,10/18,11/18,7/21,2/22,9/09,10/09,9/16,12/16,3/17"
31-03-2025,"WPR",49433,"1/13,4/13"
31-03-2025,"WPR",49435,"3/22"
31-03-2025,"WPR",49437,"3/22"
31-03-2025,"WPR",49438,"1/17"
31-03-2025,"WPR",49439,"10/07"
31-03-2025,"WPR",49445,"10/07,5/20"
31-03-2025,"WPR",49446,"3/22"
31-03-2025,"WPR",49447,"10/10"
31-03-2025,"WPR",49450,"1/10,3/23"
31-03-2025,"WPR",49455,"11/09"
31-03-2025,"WPR",49460,"4/12,5/12"
31-03-2025,"WPR",49462,"4/08"
31-03-2025,"WPR",49463,"10/17"
31-03-2025,"WPR",49465,"12/08,2/16,7/22,9/13"
31-03-2025,"WPR",49466,"6/23"
31-03-2025,"WPR",49467,"10/09"
31-03-2025,"WPR",49468,"8/15"
31-03-2025,"WPR",49478,"5/16"
31-03-2025,"WPR",49482,"1/18,2/18,10/09,11/09,1/10"
31-03-2025,"WPR",49483,"1/10,7/11"
31-03-2025,"WPR",49484,"9/09,10/09,11/09,1/10"
31-03-2025,"WPR",49486,"9/11"
31-03-2025,"WPR",49488,"4/16"
31-03-2025,"WPR",49507,"8/09,10/09,11/09,12/09,1/10,2/10"
31-03-2025,"WPR",49508,"1/10"
31-03-2025,"WPR",49514,"8/09,9/13"
31-03-2025,"WPR",49515,"1/09,11/09"
31-03-2025,"WPR",49523,"2/15"
31-03-2025,"WPR",49525,"2/20,3/20,3/23,4/08,6/08,11/08,12/08,1/09,2/09,3/09,4/09,5/09,6/09,7/09,8/09,9/09,10/09,11/09,12/09,1/10,2/10,3/10,4/10,5/10,4/17,7/17,8/17,3/18,4/20,5/20,6/20,7/20,8/20,9/20,10/20,4/23,5/12,5/15,6/15,6/16,7/16,2/17,3/17,7/14,12/14,1/15,3/15"
31-03-2025,"WPR",49532,"12/08"
31-03-2025,"WPR",49533,"11/09"
31-03-2025,"WPR",49534,"8/10"
31-03-2025,"WPR",49536,"6/12"
31-03-2025,"WPR",49539,"11/09"
31-03-2025,"WPR",49540,"11/09"
31-03-2025,"WPR",49542,"4/11"
31-03-2025,"WPR",49548,"7/16"
31-03-2025,"WPR",49550,"11/09,1/10"
31-03-2025,"WPR",49551,"11/09"
31-03-2025,"WPR",49555,"11/09"
31-03-2025,"WPR",49564,"11/09"
31-03-2025,"WPR",49575,"1/10,7/07"
31-03-2025,"WPR",49576,"11/09,1/10"
31-03-2025,"WPR",49577,"1/10"
31-03-2025,"WPR",49578,"11/09,1/10"
31-03-2025,"WPR",49579,"1/10,11/07"
31-03-2025,"WPR",49581,"3/16,4/16,5/17,6/17"
31-03-2025,"WPR",49583,"1/10"
31-03-2025,"WPR",49585,"1/10,2/10"
31-03-2025,"WPR",49586,"6/13"
31-03-2025,"WPR",49589,"11/13,9/09"
31-03-2025,"WPR",49592,"9/09"
31-03-2025,"WPR",49597,"10/13"
31-03-2025,"WPR",49598,"1/17,9/09"
31-03-2025,"WPR",49601,"2/23"
31-03-2025,"WPR",49608,"1/17"
31-03-2025,"WPR",49609,"3/16,3/21,4/09,5/09,6/11"
31-03-2025,"WPR",49610,"11/09,1/10"
31-03-2025,"WPR",49619,"2/24,3/24"
31-03-2025,"WPR",49620,"11/07"
31-03-2025,"WPR",49621,"7/07"
31-03-2025,"WPR",49622,"3/11"
31-03-2025,"WPR",49627,"11/09"
31-03-2025,"WPR",49631,"7/21"
31-03-2025,"WPR",49632,"8/09,10/09,12/09"
31-03-2025,"WPR",49634,"12/20"
31-03-2025,"WPR",49637,"8/09,11/09"
31-03-2025,"WPR",49658,"1/15,4/08,11/08,12/08,1/09,2/09,3/09,4/10,5/10,6/10,1/11,2/11,3/11,4/11,5/11,6/11,7/11,8/11,9/11,11/11,12/11,1/12,2/12,3/12,4/12,5/12,6/12,7/12,8/12,9/12,10/12,11/12,12/12,1/13,2/13,3/13,4/13,5/13,6/13,7/13,8/13,9/13,4/17,5/17,6/17,7/17,8/17,9/17,5/09,6/09,9/09,12/09,1/10,2/10,3/10,8/07,9/07,10/07,11/07,12/07,1/08,2/08,3/08,8/16,9/16,10/16,11/16,12/16,1/17,2/17,3/17"
31-03-2025,"WPR",49676,"9/15"
31-03-2025,"WPR",49689,"1/15,2/15,3/15"
31-03-2025,"WPR",49698,"1/09,11/11"
31-03-2025,"WPR",49707,"10/12,12/08"
31-03-2025,"WPR",49710,"5/20"
31-03-2025,"WPR",49712,"2/10"
31-03-2025,"WPR",49713,"12/11"
31-03-2025,"WPR",49732,"12/09"
31-03-2025,"WPR",49733,"12/09"
31-03-2025,"WPR",49738,"12/09"
31-03-2025,"WPR",49740,"8/09,10/09,12/09"
31-03-2025,"WPR",49742,"12/09"
31-03-2025,"WPR",49750,"3/18,4/18,5/18,6/14"
31-03-2025,"WPR",49751,"9/13"
31-03-2025,"WPR",49754,"12/13"
31-03-2025,"WPR",49756,"1/10"
31-03-2025,"WPR",49763,"10/14"
31-03-2025,"WPR",49768,"1/12,5/07,6/07,11/07"
31-03-2025,"WPR",49770,"1/10"
31-03-2025,"WPR",49771,"4/09,5/09"
31-03-2025,"WPR",49772,"5/16"
31-03-2025,"WPR",49773,"3/21"
31-03-2025,"WPR",49774,"10/13,11/13,11/14,12/14,3/17,4/15,5/15,6/15,7/15,8/15,9/15,12/15,3/16,4/17,5/17,6/17,10/17,4/19,5/19,7/19,8/19,9/19,10/19,11/19,12/19,1/20,2/20,3/20,4/20,5/20,6/20,7/20,8/20,9/20,10/20,11/20,12/20,1/21,2/21,3/21,4/21,5/21,6/21,7/21,8/21,9/21,12/21,1/22,2/22,3/22,4/22,6/22,7/22,9/22,10/22,11/22,12/22,1/23,2/23,3/23,4/23,7/18,10/18,11/18,12/18,1/19,2/19,3/19"
31-03-2025,"WPR",49777,"7/07"
31-03-2025,"WPR",49782,"1/10"
31-03-2025,"WPR",49783,"1/10"
31-03-2025,"WPR",49784,"1/10"
31-03-2025,"WPR",49792,"3/24"
31-03-2025,"WPR",49795,"9/09"
31-03-2025,"WPR",49796,"1/10,12/22"
31-03-2025,"WPR",49804,"6/10"
31-03-2025,"WPR",49809,"2/15"
31-03-2025,"WPR",49812,"12/09,1/10"
31-03-2025,"WPR",49815,"11/07,12/09,1/10"
31-03-2025,"WPR",49816,"9/09,10/09,11/09,1/10"
31-03-2025,"WPR",49820,"6/14,1/15"
31-03-2025,"WPR",49821,"1/10,10/18"
31-03-2025,"WPR",49825,"8/15"
31-03-2025,"WPR",49831,"4/19,4/21,5/21,6/21,7/21,8/21,4/23,5/23,6/23,7/23,8/23,9/23,10/23,11/23,12/23,1/24,2/24,3/24,8/20,9/20,11/20,3/21,8/22,9/22,10/22,11/22,12/22,1/23,2/23,3/23"
31-03-2025,"WPR",49835,"12/09"
31-03-2025,"WPR",49841,"8/09,10/09,12/09"
31-03-2025,"WPR",49843,"12/13,1/14,2/14,3/14"
31-03-2025,"WPR",49848,"2/11"
31-03-2025,"WPR",49850,"8/09,10/09,12/09"
31-03-2025,"WPR",49851,"1/09,3/09,12/09"
31-03-2025,"WPR",49853,"11/09"
31-03-2025,"WPR",49857,"11/09"
31-03-2025,"WPR",49862,"10/07,4/14,5/14,6/14,7/14,8/14,9/14,10/14,11/14,12/14,1/15,2/15,3/15,4/15,5/15,6/15,7/15,8/15,9/15,10/15,11/15,12/15,1/16,2/16,3/16"
31-03-2025,"WPR",49863,"3/15"
31-03-2025,"WPR",49864,"2/15,8/09,10/09,12/09"
31-03-2025,"WPR",49866,"8/09,10/09,12/09"
31-03-2025,"WPR",49868,"9/11"
31-03-2025,"WPR",49869,"1/16"
31-03-2025,"WPR",49872,"8/10"
31-03-2025,"WPR",49873,"5/23,6/23,8/23,9/23,10/23,11/23,12/23,1/24,2/24,3/24,6/10,8/19,9/19,11/19,12/19"
31-03-2025,"WPR",49875,"11/20,12/09,1/10,6/14,1/15"
31-03-2025,"WPR",49877,"12/15,1/16,8/09,10/09,12/09"
31-03-2025,"WPR",49879,"12/07"
31-03-2025,"WPR",49882,"6/14"
31-03-2025,"WPR",49884,"9/20"
31-03-2025,"WPR",49885,"8/22,9/22,10/22"
31-03-2025,"WPR",49890,"7/22,8/22,9/22"
31-03-2025,"WPR",49893,"3/13"
31-03-2025,"WPR",49895,"3/21,7/21,8/09,8/15"
31-03-2025,"WPR",49904,"1/16,10/13,11/13,12/13,1/14,9/10,10/10,11/10,12/10,1/11,2/11"
31-03-2025,"WPR",49915,"12/09,1/10,2/10,3/10,4/10,5/10,6/10,7/10,8/10"
31-03-2025,"WPR",49930,"11/12"
31-03-2025,"WPR",49933,"9/07,11/07"
31-03-2025,"WPR",49935,"4/07,5/07,7/07,5/10,7/08"
31-03-2025,"WPR",49937,"1/17"
31-03-2025,"WPR",49938,"6/21"
31-03-2025,"WPR",49941,"1/15"
31-03-2025,"WPR",49946,"1/15,10/08"
31-03-2025,"WPR",49949,"11/09"
31-03-2025,"WPR",49952,"1/10,11/14,12/15,2/13"
31-03-2025,"WPR",49960,"3/09"
31-03-2025,"WPR",49964,"1/10"
31-03-2025,"WPR",49973,"8/09"
31-03-2025,"WPR",49980,"12/09,1/10"
31-03-2025,"WPR",49981,"6/10"
31-03-2025,"WPR",49982,"1/14"
31-03-2025,"WPR",49985,"12/07"
31-03-2025,"WPR",49988,"5/23,7/23"
31-03-2025,"WPR",49990,"1/10,4/10"
31-03-2025,"WPR",49993,"9/22"
31-03-2025,"WPR",49994,"8/09"
31-03-2025,"WPR",49997,"10/14,11/14,12/14,1/15,2/15,3/15,12/09,1/10,2/10,3/10,7/07,8/07,9/07,10/07,11/07,12/07,8/15,9/15,12/15,1/16,2/16,3/16"
31-03-2025,"WPR",49998,"5/08,6/08,7/08,8/08,9/08,10/08,8/20,9/20,10/20"
31-03-2025,"WPR",50010,"1/18,3/18"
31-03-2025,"WPR",50017,"3/13"
31-03-2025,"WPR",50021,"11/12,3/22"
31-03-2025,"WPR",50023,"11/09,6/16,1/17"
31-03-2025,"WPR",50024,"11/09"
31-03-2025,"WPR",50025,"11/09"
31-03-2025,"WPR",50027,"11/09"
31-03-2025,"WPR",50028,"11/09,6/13,7/13"
31-03-2025,"WPR",50029,"11/09,12/18,3/18"
31-03-2025,"WPR",50030,"11/09"
31-03-2025,"WPR",50031,"11/12"
31-03-2025,"WPR",50032,"11/09"
31-03-2025,"WPR",50033,"11/09"
31-03-2025,"WPR",50034,"11/09"
31-03-2025,"WPR",50035,"10/13,3/17"
31-03-2025,"WPR",50036,"11/09"
31-03-2025,"WPR",50037,"11/09"
31-03-2025,"WPR",55575,"4/14,5/14,6/14,7/14,8/14,9/14,10/14,11/14,4/16,5/16,6/16,7/16,8/16,12/16,3/17,4/17,5/17,8/17,9/17,11/17,12/17,1/18,3/18,4/18,7/18,9/18,10/18,11/18,2/19,3/19,4/19,7/15,10/15,11/15,12/15,1/16,2/16,3/16,9/20,10/20,11/20"
31-03-2025,"WPR",55582,"11/16,12/16,1/17,2/17,3/17,4/17,5/17,8/17,9/17,10/17,11/17,12/17,1/18,2/18,3/18,4/18,7/18,8/18,9/18,10/18,11/18,12/18,1/19,2/19,3/19,4/19,5/19,6/19,7/19,8/19,9/19,10/19,11/19,12/19,1/20,2/20,3/20,4/22,5/22,4/23,5/23,6/23,7/23,8/23,9/23,10/23,11/23,12/23,1/24,2/24,3/24,9/15,10/15,11/15,12/15,1/16,2/16,3/16"
31-03-2025,"WPR",55595,"2/21"
31-03-2025,"WPR",55599,"2/15"
31-03-2025,"WPR",55606,"3/17"
31-03-2025,"WPR",55607,"3/17,9/21"
31-03-2025,"WPR",55610,"9/20"
31-03-2025,"WPR",55629,"7/15"
31-03-2025,"WPR",55631,"7/15"
31-03-2025,"WPR",55632,"7/15"
31-03-2025,"WPR",55633,"7/15"
31-03-2025,"WPR",55634,"7/15"
31-03-2025,"WPR",55635,"7/15"
31-03-2025,"WPR",55637,"2/21,8/21"
31-03-2025,"WPR",55638,"7/15"
31-03-2025,"WPR",55645,"7/15"
31-03-2025,"WPR",55667,"6/16"
31-03-2025,"WPR",55671,"1/21,5/16,6/16,7/16"
31-03-2025,"WPR",55675,"3/22"
31-03-2025,"WPR",55689,"1/16,2/16"
31-03-2025,"WPR",55695,"5/20"
31-03-2025,"WPR",55696,"3/17"
31-03-2025,"WPR",55699,"3/17"
31-03-2025,"WPR",55701,"3/16,3/17,3/22"
31-03-2025,"WPR",55705,"3/17"
31-03-2025,"WPR",55706,"1/21"
31-03-2025,"WPR",55709,"3/22"
31-03-2025,"WPR",55711,"3/22"
31-03-2025,"WPR",55714,"1/21,3/17"
31-03-2025,"WPR",55718,"1/21"
31-03-2025,"WPR",55722,"2/15,3/17"
31-03-2025,"WPR",55734,"10/20,11/20,12/20,1/21,2/21,10/21,11/21,12/18,1/19,2/19,3/19,5/17"
31-03-2025,"WPR",55736,"6/19"
31-03-2025,"WPR",55739,"2/21,8/21"
31-03-2025,"WPR",55740,"11/19,12/19"
31-03-2025,"WPR",55741,"2/15"
31-03-2025,"WPR",55742,"2/15"
31-03-2025,"WPR",55744,"4/15,5/15,7/14"
31-03-2025,"WPR",55748,"3/22"
31-03-2025,"WPR",55749,"1/15"
31-03-2025,"WPR",55750,"1/15"
31-03-2025,"WPR",55751,"1/15"
31-03-2025,"WPR",55755,"6/15"
31-03-2025,"WPR",55757,"2/18"
31-03-2025,"WPR",55760,"4/14,5/14,6/14,7/14,8/14,9/14,10/14,11/14,12/14,1/15,2/15,3/15"
31-03-2025,"WPR",55763,"3/21,7/21"
31-03-2025,"WPR",55767,"1/15"
31-03-2025,"WPR",55776,"4/16,5/16"
31-03-2025,"WPR",55778,"11/17,12/17"
31-03-2025,"WPR",55780,"7/21"
31-03-2025,"WPR",55781,"7/14"
31-03-2025,"WPR",55789,"7/15,9/18"
31-03-2025,"WPR",55790,"11/20,7/15"
31-03-2025,"WPR",55791,"7/15"
31-03-2025,"WPR",55792,"3/22"
31-03-2025,"WPR",55794,"11/16"
31-03-2025,"WPR",55796,"7/15"
31-03-2025,"WPR",55797,"7/15"
31-03-2025,"WPR",55798,"11/20,7/15"
31-03-2025,"WPR",55799,"7/15"
31-03-2025,"WPR",55801,"7/15"
31-03-2025,"WPR",55809,"5/20"
31-03-2025,"WPR",55810,"2/24,3/24"
31-03-2025,"WPR",55812,"6/17,7/17,8/17,2/18"
31-03-2025,"WPR",55813,"12/19,1/20,2/20,3/20,4/20,5/20,6/20,7/20,8/20,9/20,10/20,11/20,3/21"
31-03-2025,"WPR",55816,"6/17,7/17,8/17,8/16,10/16,12/16,3/17"
31-03-2025,"WPR",55818,"4/17,8/16,1/17"
31-03-2025,"WPR",55837,"5/19,6/19,7/19,8/19,9/19,10/19"
31-03-2025,"WPR",55852,"4/19"
31-03-2025,"WPR",55895,"5/18"
31-03-2025,"WPR",55897,"2/21,8/21"
31-03-2025,"WPR",55903,"5/20"
31-03-2025,"WPR",55909,"3/21"
31-03-2025,"WPR",55910,"3/17"
31-03-2025,"WPR",55924,"3/17,3/22"
31-03-2025,"WPR",55925,"5/20"
31-03-2025,"WPR",55928,"8/18"
31-03-2025,"WPR",55929,"4/15,5/15,6/15,8/16,9/16,10/16"
31-03-2025,"WPR",55931,"8/16"
31-03-2025,"WPR",55940,"2/16"
31-03-2025,"WPR",55941,"4/18,5/18,6/18,7/18,8/18,9/18,10/18,11/18,12/18,1/19,2/19,3/19,5/17,6/17,7/17,8/17,9/17,10/17,11/17,12/17,1/18,2/18,3/18"
31-03-2025,"WPR",55942,"5/22,6/22,7/22,8/22"
31-03-2025,"WPR",55943,"10/20,11/20"
31-03-2025,"WPR",55955,"10/21,8/16"
31-03-2025,"WPR",55961,"1/24,2/24,3/24"
31-03-2025,"WPR",55966,"1/17"
31-03-2025,"WPR",55976,"3/22,4/22,5/22,6/22,7/22,8/22,9/22,10/22,11/22,12/22,1/23,2/23,3/23,4/23,5/23,6/23,7/23,8/23,9/23,10/23,11/23,12/23,1/24,2/24,3/24"
31-03-2025,"WPR",55986,"6/16"
31-03-2025,"WPR",55990,"9/16"
31-03-2025,"WPR",55996,"1/21"
31-03-2025,"WPR",56004,"5/15"
31-03-2025,"WPR",56006,"3/16"
31-03-2025,"WPR",56011,"1/21"
31-03-2025,"WPR",56026,"11/16"
31-03-2025,"WPR",56027,"1/21"
31-03-2025,"WPR",56035,"12/15,1/16"
31-03-2025,"WPR",56044,"6/15,7/16,12/16,2/17"
31-03-2025,"WPR",56048,"6/15,7/16,2/17"
31-03-2025,"WPR",56052,"6/15,7/16,12/16,2/17"
31-03-2025,"WPR",56053,"3/22,6/15"
31-03-2025,"WPR",56055,"6/15,7/16,12/16,2/17"
31-03-2025,"WPR",56059,"6/15,7/16,12/16,2/17"
31-03-2025,"WPR",56064,"3/22,6/15,7/16,12/16,2/17"
31-03-2025,"WPR",56065,"6/15,7/16,12/16,2/17"
31-03-2025,"WPR",56069,"3/22,6/15,7/16,12/16,2/17"
31-03-2025,"WPR",56070,"3/22"
31-03-2025,"WPR",56073,"6/15,7/16,12/16,2/17"
31-03-2025,"WPR",56074,"6/15,7/16,12/16,2/17"
31-03-2025,"WPR",56075,"3/21,7/21"
31-03-2025,"WPR",56077,"6/15,7/16,12/16,2/17"
31-03-2025,"WPR",56080,"3/22,6/15,7/16,12/16,2/17"
31-03-2025,"WPR",56084,"6/15,7/16,12/16,2/17"
31-03-2025,"WPR",56085,"6/15,7/16,12/16,2/17"
31-03-2025,"WPR",56087,"3/22,6/15,7/16,12/16,2/17"
31-03-2025,"WPR",56088,"1/17"
31-03-2025,"WPR",56089,"12/21,2/22"
31-03-2025,"WPR",56113,"1/21"
31-03-2025,"WPR",56118,"4/15,5/15"
31-03-2025,"WPR",56120,"1/21"
31-03-2025,"WPR",56122,"1/21"
31-03-2025,"WPR",56143,"11/20"
31-03-2025,"WPR",56147,"12/23,1/24,2/24,3/24,4/17,5/17,6/17,7/17,8/17,9/17,10/17,5/16,6/16,7/16,2/17,3/17,5/18,6/18,9/20,10/20,11/20,12/20,1/21,2/21,3/21"
31-03-2025,"WPR",56148,"1/23"
31-03-2025,"WPR",56149,"4/16,5/16,6/16,7/16"
31-03-2025,"WPR",56155,"4/16,9/16,10/16"
31-03-2025,"WPR",56159,"4/16,5/16,6/16"
31-03-2025,"WPR",56164,"4/16,5/16,6/16,7/16,8/16"
31-03-2025,"WPR",56205,"1/21"
31-03-2025,"WPR",56214,"6/16,9/16"
31-03-2025,"WPR",56217,"11/20"
31-03-2025,"WPR",56221,"1/21"
31-03-2025,"WPR",56235,"4/15,5/15,6/15,7/15,8/15,9/15,10/15,11/15,12/15,1/16,2/16,3/16,4/16"
31-03-2025,"WPR",56239,"3/17"
31-03-2025,"WPR",56240,"3/17"
31-03-2025,"WPR",56244,"8/16,3/17"
31-03-2025,"WPR",56248,"5/20"
31-03-2025,"WPR",56256,"5/20"
31-03-2025,"WPR",56268,"4/15,5/15,6/15,7/15,8/15,9/15,10/15,11/15,12/15,1/16,2/16,3/16,4/16,5/16,6/16,7/16,8/16,9/16,10/16,11/16,12/16,1/17,2/17,3/17"
31-03-2025,"WPR",56283,"8/15"
31-03-2025,"WPR",56286,"6/16"
31-03-2025,"WPR",56292,"7/15,9/15,11/15"
31-03-2025,"WPR",56294,"5/20"
31-03-2025,"WPR",56348,"5/20"
31-03-2025,"WPR",56350,"5/22,6/22,7/22,8/22,9/22,10/22,11/22,12/22,1/23,2/23,6/15,7/15,8/15,9/15"
31-03-2025,"WPR",56355,"1/21"
31-03-2025,"WPR",56356,"3/17"
31-03-2025,"WPR",56357,"5/20"
31-03-2025,"WPR",56359,"5/20"
31-03-2025,"WPR",56368,"3/22"
31-03-2025,"WPR",56375,"5/20"
31-03-2025,"WPR",56377,"3/17"
31-03-2025,"WPR",56379,"10/16"
31-03-2025,"WPR",56381,"3/17"
31-03-2025,"WPR",56384,"3/17"
31-03-2025,"WPR",56385,"3/17"
31-03-2025,"WPR",56387,"3/17"
31-03-2025,"WPR",56389,"5/20"
31-03-2025,"WPR",56418,"1/21"
31-03-2025,"WPR",56419,"1/21"
31-03-2025,"WPR",56425,"1/17,10/17,11/17,12/17,1/18,12/18,1/19,2/19,3/19,9/15"
31-03-2025,"WPR",56434,"1/17,2/17,3/17,4/15,5/15,6/15,4/17,5/17,6/17,7/17,8/17"
31-03-2025,"WPR",56443,"9/15"
31-03-2025,"WPR",56448,"1/19"
31-03-2025,"WPR",56463,"1/21"
31-03-2025,"WPR",56464,"3/23"
31-03-2025,"WPR",56490,"4/23,5/23,6/23,7/23"
31-03-2025,"WPR",56492,"1/21"
31-03-2025,"WPR",56515,"3/17"
31-03-2025,"WPR",56517,"2/17,3/17"
31-03-2025,"WPR",56519,"5/16,3/17"
31-03-2025,"WPR",56520,"12/19,3/17"
31-03-2025,"WPR",56523,"3/17"
31-03-2025,"WPR",56525,"3/17"
31-03-2025,"WPR",56530,"3/17"
31-03-2025,"WPR",56564,"3/17"
31-03-2025,"WPR",56567,"3/17"
31-03-2025,"WPR",56568,"3/17"
31-03-2025,"WPR",56582,"5/16"
31-03-2025,"WPR",56583,"5/16"
31-03-2025,"WPR",56597,"11/22,7/21,8/21,10/21,11/21,12/21,8/20"
31-03-2025,"WPR",56607,"5/16"
31-03-2025,"WPR",56625,"6/20"
31-03-2025,"WPR",56627,"6/20"
31-03-2025,"WPR",56634,"10/16"
31-03-2025,"WPR",56641,"5/16"
31-03-2025,"WPR",56648,"6/20"
31-03-2025,"WPR",56656,"5/16,6/20"
31-03-2025,"WPR",56659,"5/16"
31-03-2025,"WPR",56661,"6/21,8/18,9/17,10/17,11/17,3/18"
31-03-2025,"WPR",56667,"4/22"
31-03-2025,"WPR",56715,"1/21"
31-03-2025,"WPR",56727,"5/18,6/18,7/18,8/18,9/18,10/18,11/18,5/20,7/19,8/19,10/19,9/21,10/21"
31-03-2025,"WPR",56748,"12/23,1/24,2/24,3/24,3/22"
31-03-2025,"WPR",56780,"3/22"
31-03-2025,"WPR",56788,"1/21"
31-03-2025,"WPR",56789,"1/21"
31-03-2025,"WPR",56803,"1/21"
31-03-2025,"WPR",56818,"1/21"
31-03-2025,"WPR",56825,"1/21"
31-03-2025,"WPR",56840,"7/20"
31-03-2025,"WPR",56885,"3/17"
31-03-2025,"WPR",56901,"1/21"
31-03-2025,"WPR",56904,"1/23,2/23,3/23,4/23,5/23,6/23,7/23,8/23,9/23,10/23,11/23,12/23,1/24,2/24,3/24"
31-03-2025,"WPR",56909,"2/18,3/18"
31-03-2025,"WPR",56931,"12/17"
31-03-2025,"WPR",56934,"1/21"
31-03-2025,"WPR",56939,"3/22"
31-03-2025,"WPR",56942,"1/21"
31-03-2025,"WPR",56949,"8/17"
31-03-2025,"WPR",56957,"4/23,5/23,6/23"
31-03-2025,"WPR",56959,"10/16,3/17"
31-03-2025,"WPR",56969,"3/17"
31-03-2025,"WPR",56981,"6/23,7/23,8/23,9/23,10/23,11/23,12/23,1/24,2/24,3/24"
31-03-2025,"WPR",56997,"7/21"
31-03-2025,"WPR",57008,"3/22"
31-03-2025,"WPR",57036,"6/19"
31-03-2025,"WPR",57048,"3/22"
31-03-2025,"WPR",57049,"1/22,2/22,6/23,7/23,8/23,9/23"
31-03-2025,"WPR",57063,"10/16"
31-03-2025,"WPR",57066,"12/16"
31-03-2025,"WPR",57069,"3/18"
31-03-2025,"WPR",57071,"4/17,5/17,5/16"
31-03-2025,"WPR",57077,"5/16"
31-03-2025,"WPR",57080,"10/16"
31-03-2025,"WPR",57081,"5/16"
31-03-2025,"WPR",57083,"5/16"
31-03-2025,"WPR",57101,"1/20,6/20,7/20,8/20,9/20,10/20,11/20"
31-03-2025,"WPR",57102,"5/16"
31-03-2025,"WPR",57110,"5/16"
31-03-2025,"WPR",57111,"3/24"
31-03-2025,"WPR",57118,"5/17"
31-03-2025,"WPR",57124,"5/16"
31-03-2025,"WPR",57136,"5/16"
31-03-2025,"WPR",57139,"11/16"
31-03-2025,"WPR",57147,"6/20"
31-03-2025,"WPR",57156,"5/16"
31-03-2025,"WPR",57166,"1/21"
31-03-2025,"WPR",57177,"1/21"
31-03-2025,"WPR",57180,"1/21"
31-03-2025,"WPR",57185,"1/21"
31-03-2025,"WPR",57192,"5/18"
31-03-2025,"WPR",57198,"3/22"
31-03-2025,"WPR",57203,"1/21"
31-03-2025,"WPR",57211,"3/22"
31-03-2025,"WPR",57223,"1/21"
31-03-2025,"WPR",57225,"1/21"
31-03-2025,"WPR",57227,"1/21"
31-03-2025,"WPR",57230,"1/21"
31-03-2025,"WPR",57242,"1/21"
31-03-2025,"WPR",57257,"4/16,6/16"
31-03-2025,"WPR",57277,"3/19"
31-03-2025,"WPR",57289,"1/21"
31-03-2025,"WPR",57292,"3/22"
31-03-2025,"WPR",57296,"1/21"
31-03-2025,"WPR",57391,"3/23,4/21,5/21,6/21,9/21,3/22,4/23,1/24,2/24,8/20,3/21"
31-03-2025,"WPR",57406,"12/17,12/19,12/20,1/21,2/21,2/24,3/24"
31-03-2025,"WPR",57440,"2/19,7/21"
31-03-2025,"WPR",57447,"5/20"
31-03-2025,"WPR",57456,"5/20"
31-03-2025,"WPR",57466,"5/19,6/19"
31-03-2025,"WPR",57470,"5/20"
31-03-2025,"WPR",57473,"10/20,11/20"
31-03-2025,"WPR",57579,"8/20"
31-03-2025,"WPR",57621,"7/21,8/21,9/21,10/21,8/19,9/19,10/19,11/19,12/19,8/22,9/20,10/20,11/20,12/20,1/21,2/21,3/21"
31-03-2025,"WPR",57649,"2/19,3/19"
31-03-2025,"WPR",57670,"5/20"
31-03-2025,"WPR",57678,"9/22"
31-03-2025,"WPR",57692,"12/18"
31-03-2025,"WPR",57722,"11/16,12/16,11/19,12/19,1/20,12/23,4/21,7/21,8/21,12/21,2/22,3/22,4/22,8/22,9/22,10/22,11/22,6/17,7/17,9/20,3/21"
31-03-2025,"WPR",57727,"3/22,4/19,8/19,9/19,10/19,11/19,12/19,3/20,4/20,5/20,6/20,6/23,7/23,8/23,9/23,10/23,11/23,7/18,12/18,1/19,9/22,10/22,11/22,3/23"
31-03-2025,"WPR",57728,"2/19,3/19,4/19"
31-03-2025,"WPR",57736,"3/24,6/19"
31-03-2025,"WPR",57759,"6/19"
31-03-2025,"WPR",57769,"6/19"
31-03-2025,"WPR",57859,"4/18,5/18,6/18,9/17,12/17,2/18,3/18"
31-03-2025,"WPR",57861,"5/20"
31-03-2025,"WPR",57865,"5/20"
31-03-2025,"WPR",57906,"10/17"
31-03-2025,"WPR",57975,"4/17,5/17,6/17,7/17,8/17,9/17,10/17"
31-03-2025,"WPR",57985,"8/22,9/22"
31-03-2025,"WPR",57997,"1/21"
31-03-2025,"WPR",57998,"1/21"
31-03-2025,"WPR",58005,"1/21"
31-03-2025,"WPR",58011,"12/20"
31-03-2025,"WPR",58012,"4/21"
31-03-2025,"WPR",58019,"1/21"
31-03-2025,"WPR",58023,"1/21"
31-03-2025,"WPR",58037,"3/22"
31-03-2025,"WPR",58043,"10/16"
31-03-2025,"WPR",58053,"5/16"
31-03-2025,"WPR",58054,"5/16"
31-03-2025,"WPR",58059,"5/16"
31-03-2025,"WPR",58063,"5/16"
31-03-2025,"WPR",58064,"5/16,10/16"
31-03-2025,"WPR",58067,"5/16,10/16"
31-03-2025,"WPR",58068,"5/16,10/16"
31-03-2025,"WPR",58107,"6/21"
31-03-2025,"WPR",58130,"11/16"
31-03-2025,"WPR",58133,"5/16"
31-03-2025,"WPR",58143,"5/16"
31-03-2025,"WPR",58147,"11/16"
31-03-2025,"WPR",58150,"5/16"
31-03-2025,"WPR",58158,"10/21"
31-03-2025,"WPR",58164,"5/16"
31-03-2025,"WPR",58183,"5/16"
31-03-2025,"WPR",58186,"5/16"
31-03-2025,"WPR",58211,"5/16"
31-03-2025,"WPR",58212,"12/18,1/19,2/19,6/21"
31-03-2025,"WPR",58215,"5/16"
31-03-2025,"WPR",58219,"5/16,10/16"
31-03-2025,"WPR",58224,"6/21"
31-03-2025,"WPR",58228,"1/24"
31-03-2025,"WPR",58235,"10/16,11/16"
31-03-2025,"WPR",58245,"4/19,5/19,5/21"
31-03-2025,"WPR",58248,"5/16"
31-03-2025,"WPR",58251,"5/16"
31-03-2025,"WPR",58252,"5/16"
31-03-2025,"WPR",58253,"5/16"
31-03-2025,"WPR",58272,"6/21"
31-03-2025,"WPR",58276,"5/16"
31-03-2025,"WPR",58291,"7/20,8/20,9/20"
31-03-2025,"WPR",58293,"5/16"
31-03-2025,"WPR",58323,"1/21"
31-03-2025,"WPR",58327,"1/21"
31-03-2025,"WPR",58340,"2/18,4/21"
31-03-2025,"WPR",58346,"1/21"
31-03-2025,"WPR",58363,"5/16"
31-03-2025,"WPR",58366,"5/16"
31-03-2025,"WPR",58371,"3/18"
31-03-2025,"WPR",58374,"6/20"
31-03-2025,"WPR",58376,"5/16,10/16"
31-03-2025,"WPR",58387,"5/16"
31-03-2025,"WPR",58394,"5/16"
31-03-2025,"WPR",58397,"5/16"
31-03-2025,"WPR",58408,"3/24"
31-03-2025,"WPR",58414,"5/16"
31-03-2025,"WPR",58415,"7/23"
31-03-2025,"WPR",58417,"1/21"
31-03-2025,"WPR",58429,"1/21"
31-03-2025,"WPR",58430,"3/22"
31-03-2025,"WPR",58431,"1/21,9/23"
31-03-2025,"WPR",58444,"7/19,8/19"
31-03-2025,"WPR",58515,"9/23,10/23,11/23,12/23,1/24,2/24,3/24"
31-03-2025,"WPR",58538,"2/21,3/21"
31-03-2025,"WPR",58550,"12/18"
31-03-2025,"WPR",58574,"1/17,2/17,3/17"
31-03-2025,"WPR",58575,"4/16,6/16,8/16,9/16"
31-03-2025,"WPR",58582,"2/23,3/23,4/23,5/23,6/23,7/23,8/23,9/23,10/23,11/23"
31-03-2025,"WPR",58606,"11/17"
31-03-2025,"WPR",58651,"6/18"
31-03-2025,"WPR",58691,"6/18"
31-03-2025,"WPR",58699,"1/21"
31-03-2025,"WPR",58724,"5/17,6/17,7/17,8/17"
31-03-2025,"WPR",58727,"6/23"
31-03-2025,"WPR",58730,"11/21,12/21,1/22,6/20"
31-03-2025,"WPR",58739,"10/16"
31-03-2025,"WPR",58741,"3/18"
31-03-2025,"WPR",58752,"2/19"
31-03-2025,"WPR",58757,"6/20"
31-03-2025,"WPR",58765,"5/16"
31-03-2025,"WPR",58806,"1/24"
31-03-2025,"WPR",58807,"3/21,4/21,5/21,6/21,7/21,8/21,9/21,10/21,11/21,12/21,1/22,2/22,3/22,4/22,5/22,6/22,7/22,8/22,9/22,10/22"
31-03-2025,"WPR",58829,"12/19,1/20,2/20,3/20,12/22,1/23,2/23,4/20,5/20"
31-03-2025,"WPR",58843,"9/23,10/23"
31-03-2025,"WPR",58853,"4/20,5/20,6/20,7/20,8/20,9/20,10/20,11/20,12/20,1/21,2/21,3/21,4/21,5/21,6/21,7/21,8/21,9/21,10/21,11/21,12/21,1/22,2/22,3/22,4/22,5/22,5/19,8/19,1/20,2/20,3/20"
31-03-2025,"WPR",58862,"5/21"
31-03-2025,"WPR",58866,"5/19"
31-03-2025,"WPR",58889,"1/21"
31-03-2025,"WPR",58894,"1/21"
31-03-2025,"WPR",58902,"12/21"
31-03-2025,"WPR",58909,"6/21"
31-03-2025,"WPR",58928,"1/18"
31-03-2025,"WPR",58964,"12/18"
31-03-2025,"WPR",58965,"7/22,8/22,9/22,7/23"
31-03-2025,"WPR",58971,"4/19"
31-03-2025,"WPR",58980,"12/17"
31-03-2025,"WPR",58981,"12/17,1/18,2/18"
31-03-2025,"WPR",58991,"12/18"
31-03-2025,"WPR",59008,"4/20,5/20"
31-03-2025,"WPR",59029,"12/22,1/23,2/23,3/23,4/23,5/23,6/23,8/20,9/18"
31-03-2025,"WPR",59061,"7/19,8/19"
31-03-2025,"WPR",59090,"1/18"
31-03-2025,"WPR",59093,"12/19,1/20,2/20"
31-03-2025,"WPR",59113,"2/22,3/22,4/22,5/22"
31-03-2025,"WPR",59124,"1/18"
31-03-2025,"WPR",59135,"4/16,5/16,6/16,7/16,8/16,9/16,10/16,11/16,12/16,1/17,2/17,3/17,4/17,5/17,6/17,7/17,8/17,9/17,10/17,11/17,12/17,1/18,2/18,3/18,4/18,5/18,6/18,7/18,8/18,9/18,10/18,11/18,12/18,1/19,2/19,3/19,4/19,5/19,6/19,7/19,8/19,9/19,10/19,11/19,12/19,1/20,2/20,3/20,4/20,5/20,6/20,7/20,8/20,9/20,10/20,11/20,12/20,1/21"
31-03-2025,"WPR",59160,"12/21,9/19,10/19,11/19,12/19,1/20"
31-03-2025,"WPR",59170,"6/17"
31-03-2025,"WPR",59185,"5/16"
31-03-2025,"WPR",59201,"10/16"
31-03-2025,"WPR",59205,"8/19"
31-03-2025,"WPR",50038,"11/09"
31-03-2025,"WPR",50039,"11/09"
31-03-2025,"WPR",50041,"1/14,12/12,1/13,2/13,3/13,5/14,6/14,7/14,8/14,9/14,10/14,11/14,12/14,1/15"
31-03-2025,"WPR",50042,"11/09"
31-03-2025,"WPR",50043,"11/09"
31-03-2025,"WPR",50044,"11/09"
31-03-2025,"WPR",50045,"11/09"
31-03-2025,"WPR",50046,"11/09"
31-03-2025,"WPR",50047,"11/09"
31-03-2025,"WPR",50048,"11/09"
31-03-2025,"WPR",50049,"11/09"
31-03-2025,"WPR",50050,"11/12"
31-03-2025,"WPR",50052,"12/09"
31-03-2025,"WPR",50063,"1/10"
31-03-2025,"WPR",50076,"9/08"
31-03-2025,"WPR",50077,"9/08"
31-03-2025,"WPR",50080,"8/16"
31-03-2025,"WPR",50082,"9/08"
31-03-2025,"WPR",50085,"9/08"
31-03-2025,"WPR",50088,"9/08"
31-03-2025,"WPR",50089,"9/08"
31-03-2025,"WPR",50090,"1/10"
31-03-2025,"WPR",50091,"12/09,3/19,4/13,5/13,6/13,4/16,5/16,6/16,7/16,8/16,9/16,4/19,5/19,6/19,7/19,8/19,9/19,10/19,11/19,12/19,1/20,2/20,3/20,4/20,5/20,6/20,7/20,8/20,9/20,10/20,11/20,12/20,1/21,2/21,3/21,4/21,5/21,6/21,7/21,8/21,9/21,10/21,11/21,12/21,1/22,2/22,3/22,4/22,5/22,6/22,7/22,8/22,9/22,10/22,11/22,12/22,1/23,2/23,3/23,9/10,10/10,11/10,9/12,10/12,11/12,12/12,1/13,2/13,3/13,9/15,10/15,11/15,12/15,1/16,2/16,3/16"
31-03-2025,"WPR",50093,"9/21"
31-03-2025,"WPR",50098,"1/10"
31-03-2025,"WPR",50106,"10/07"
31-03-2025,"WPR",50110,"11/21"
31-03-2025,"WPR",50112,"5/07"
31-03-2025,"WPR",50114,"8/21"
31-03-2025,"WPR",50116,"3/11"
31-03-2025,"WPR",50118,"10/20,8/09"
31-03-2025,"WPR",50125,"2/18"
31-03-2025,"WPR",50132,"11/09"
31-03-2025,"WPR",50133,"11/09"
31-03-2025,"WPR",50135,"7/07"
31-03-2025,"WPR",50136,"4/07"
31-03-2025,"WPR",50138,"9/08"
31-03-2025,"WPR",50146,"10/12,11/12,12/12,1/13,3/10,4/10,5/10,6/10,7/10,12/10,1/11,2/11,3/11,4/11,5/11,2/12,3/12"
31-03-2025,"WPR",50150,"4/08"
31-03-2025,"WPR",50156,"12/11"
31-03-2025,"WPR",50159,"1/15"
31-03-2025,"WPR",50165,"4/10,4/12"
31-03-2025,"WPR",50167,"11/09,3/11,4/12,5/12"
31-03-2025,"WPR",50172,"8/15"
31-03-2025,"WPR",50174,"5/10"
31-03-2025,"WPR",50176,"1/17,8/15"
31-03-2025,"WPR",50182,"7/15"
31-03-2025,"WPR",50183,"3/22,9/09"
31-03-2025,"WPR",50185,"5/17,8/15"
31-03-2025,"WPR",50187,"3/11,4/12,5/12,4/13,5/13,7/15"
31-03-2025,"WPR",50189,"8/15"
31-03-2025,"WPR",50191,"11/09,3/11,4/12,5/12,5/13,7/15"
31-03-2025,"WPR",50196,"11/09,3/11,4/12,5/12,5/17"
31-03-2025,"WPR",50197,"3/11,4/12,5/12"
31-03-2025,"WPR",50199,"1/17,8/15"
31-03-2025,"WPR",50201,"11/09,3/11"
31-03-2025,"WPR",50204,"6/17"
31-03-2025,"WPR",50207,"4/13,5/13,7/15"
31-03-2025,"WPR",50208,"8/21"
31-03-2025,"WPR",50213,"5/15"
31-03-2025,"WPR",50215,"1/15"
31-03-2025,"WPR",50216,"1/15"
31-03-2025,"WPR",50219,"11/20,12/19,7/22"
31-03-2025,"WPR",50221,"10/21,7/17"
31-03-2025,"WPR",50222,"9/13"
31-03-2025,"WPR",50224,"7/15"
31-03-2025,"WPR",50228,"9/13"
31-03-2025,"WPR",50235,"10/17,3/19"
31-03-2025,"WPR",50240,"7/12,8/12,9/12"
31-03-2025,"WPR",50243,"8/15,9/15"
31-03-2025,"WPR",50244,"10/13,11/13"
31-03-2025,"WPR",50245,"12/11,2/10,7/07,8/07,9/07,10/07,11/07"
31-03-2025,"WPR",50247,"11/09,7/22,8/22,9/22,10/22,11/22,12/22,1/23"
31-03-2025,"WPR",50251,"1/09"
31-03-2025,"WPR",50252,"4/19,4/23,5/23,6/23,7/23,8/23,9/23,10/23,11/23,12/23,1/24,2/24,3/24,9/22,10/22,11/22,12/22,1/23,2/23,3/23"
31-03-2025,"WPR",50255,"5/10"
31-03-2025,"WPR",50257,"12/07"
31-03-2025,"WPR",50258,"2/16,9/13"
31-03-2025,"WPR",50264,"11/14"
31-03-2025,"WPR",50271,"6/17"
31-03-2025,"WPR",50272,"12/09"
31-03-2025,"WPR",50275,"9/13"
31-03-2025,"WPR",50279,"1/17,1/20,4/20"
31-03-2025,"WPR",50284,"8/15"
31-03-2025,"WPR",50286,"11/09,12/09"
31-03-2025,"WPR",50293,"4/10,5/10,6/10,7/10,8/10,9/10,10/10,11/10,12/10,1/11,2/11,3/11"
31-03-2025,"WPR",50306,"4/17"
31-03-2025,"WPR",50309,"10/16,11/16,12/16,1/17,12/08"
31-03-2025,"WPR",50323,"11/09"
31-03-2025,"WPR",50326,"2/10"
31-03-2025,"WPR",50333,"12/16,3/18"
31-03-2025,"WPR",50341,"4/17"
31-03-2025,"WPR",50345,"5/20,7/15"
31-03-2025,"WPR",50360,"11/13,12/09"
31-03-2025,"WPR",50361,"9/18"
31-03-2025,"WPR",50370,"1/15,12/09"
31-03-2025,"WPR",50374,"1/10,2/10,3/10,7/17"
31-03-2025,"WPR",50375,"11/09"
31-03-2025,"WPR",50376,"11/09"
31-03-2025,"WPR",50377,"11/09,4/20,5/20,6/20,7/20,8/20,9/20,10/20,11/20,7/19,8/19,9/19,10/19,11/19,12/19,1/20,2/20,3/20"
31-03-2025,"WPR",50378,"11/09"
31-03-2025,"WPR",50379,"11/09"
31-03-2025,"WPR",50380,"11/09"
31-03-2025,"WPR",50381,"11/09"
31-03-2025,"WPR",50382,"11/09"
31-03-2025,"WPR",50383,"11/09"
31-03-2025,"WPR",50384,"11/09"
31-03-2025,"WPR",50385,"11/09"
31-03-2025,"WPR",50386,"11/09,12/15,1/16,6/16"
31-03-2025,"WPR",50387,"11/09"
31-03-2025,"WPR",50388,"11/09"
31-03-2025,"WPR",50389,"11/09"
31-03-2025,"WPR",50390,"11/09"
31-03-2025,"WPR",50391,"11/09"
31-03-2025,"WPR",50392,"12/18"
31-03-2025,"WPR",50393,"11/09"
31-03-2025,"WPR",50394,"11/09"
31-03-2025,"WPR",50395,"11/09"
31-03-2025,"WPR",50396,"11/09"
31-03-2025,"WPR",50397,"11/09"
31-03-2025,"WPR",50434,"5/10"
31-03-2025,"WPR",50436,"1/10"
31-03-2025,"WPR",50437,"1/10"
31-03-2025,"WPR",50438,"1/10"
31-03-2025,"WPR",50442,"1/10"
31-03-2025,"WPR",50443,"1/14,11/18,12/18,1/19,2/19,3/19,4/19,7/10,8/10,7/12,11/12,12/12,1/13,9/14,10/14,11/14,12/14"
31-03-2025,"WPR",50450,"11/09"
31-03-2025,"WPR",50452,"11/09"
31-03-2025,"WPR",50454,"9/08"
31-03-2025,"WPR",50461,"11/09"
31-03-2025,"WPR",50468,"10/09,12/09,8/10"
31-03-2025,"WPR",50469,"7/10"
31-03-2025,"WPR",50471,"11/09"
31-03-2025,"WPR",50477,"9/11"
31-03-2025,"WPR",50478,"3/13"
31-03-2025,"WPR",50482,"11/09"
31-03-2025,"WPR",50483,"12/09,12/20"
31-03-2025,"WPR",50485,"12/08,1/09,3/11,4/12,5/12,4/13,5/13,7/15"
31-03-2025,"WPR",50499,"10/14,9/11"
31-03-2025,"WPR",50505,"11/12,4/15,5/15,8/14,9/11"
31-03-2025,"WPR",50507,"4/15,5/15"
31-03-2025,"WPR",50508,"8/21"
31-03-2025,"WPR",50509,"11/09,4/12,5/12"
31-03-2025,"WPR",50512,"4/12,5/12,4/13,5/13,7/09,7/15"
31-03-2025,"WPR",50514,"10/09,12/09"
31-03-2025,"WPR",50516,"8/21"
31-03-2025,"WPR",50519,"8/09,10/09,12/09"
31-03-2025,"WPR",50525,"12/08"
31-03-2025,"WPR",50536,"11/17,12/17,1/18,2/18,3/18,2/15,4/18,8/18,9/18,10/18,11/18,4/19,5/19,5/15,2/16,3/16,5/23,6/23,9/23,10/23,11/23,6/22,7/22,8/22,9/22,12/22"
31-03-2025,"WPR",50537,"1/10"
31-03-2025,"WPR",50538,"1/10,2/10"
31-03-2025,"WPR",50540,"12/14,1/15,2/15,4/11,12/11,1/12,2/12,3/12,4/12,9/12,10/12,11/12,3/13,4/13,5/13,6/13,7/13,4/15,5/15,6/15,4/17,5/17,6/17,5/16,6/16,7/16,8/16,9/16,10/16,11/16,12/16,1/17,2/17,3/17"
31-03-2025,"WPR",50541,"1/21,2/21,3/21,4/21,5/21,6/21,7/21,8/21,9/21,10/21,11/21,12/21"
31-03-2025,"WPR",50543,"1/10,4/10,9/08"
31-03-2025,"WPR",50555,"4/10"
31-03-2025,"WPR",50559,"1/15,12/09"
31-03-2025,"WPR",50562,"10/09,12/09,2/15"
31-03-2025,"WPR",50565,"5/15"
31-03-2025,"WPR",50567,"4/12,5/12,4/13,5/13,7/15"
31-03-2025,"WPR",50568,"6/18"
31-03-2025,"WPR",50570,"10/11,2/14,3/14,4/12,5/12,6/12,7/12,4/16,5/16,6/16,7/16,6/15,7/15,8/15,9/15,2/16,3/16,6/23,7/14,8/14,9/14,12/14,1/15"
31-03-2025,"WPR",50574,"8/09,10/09,12/09"
31-03-2025,"WPR",50575,"4/17"
31-03-2025,"WPR",50581,"10/09,12/09,7/16,7/17"
31-03-2025,"WPR",50582,"10/10,12/09,9/21"
31-03-2025,"WPR",50587,"4/23,8/12,9/12,10/12,9/21"
31-03-2025,"WPR",50590,"1/19"
31-03-2025,"WPR",50591,"8/09"
31-03-2025,"WPR",50593,"9/19"
31-03-2025,"WPR",50611,"5/13"
31-03-2025,"WPR",50613,"10/09,12/09,5/13"
31-03-2025,"WPR",50618,"2/12"
31-03-2025,"WPR",50619,"2/12"
31-03-2025,"WPR",50620,"2/12"
31-03-2025,"WPR",50622,"5/13,3/14"
31-03-2025,"WPR",50632,"6/18"
31-03-2025,"WPR",50636,"4/15,5/15"
31-03-2025,"WPR",50638,"11/22,4/17"
31-03-2025,"WPR",50641,"1/10,7/20"
31-03-2025,"WPR",50644,"8/11"
31-03-2025,"WPR",50654,"1/10"
31-03-2025,"WPR",50664,"7/21"
31-03-2025,"WPR",50676,"10/17,11/17,12/17,3/18,4/20,5/20,6/20,7/20,8/20,9/20,10/20,11/20,12/20,1/21,2/21,3/21,4/21,5/21,7/21,8/21,9/21,11/21,2/22,3/22,4/22,10/22,11/22,12/22,1/23,3/23,4/23,7/23,8/23,9/23,10/23,11/23,12/23,1/24,5/18,8/19,12/19"
31-03-2025,"WPR",50679,"11/09"
31-03-2025,"WPR",50682,"8/17"
31-03-2025,"WPR",50683,"1/10"
31-03-2025,"WPR",50684,"11/09,1/10,11/12,12/12,1/13,2/13,3/13,4/13,5/13"
31-03-2025,"WPR",50688,"9/15"
31-03-2025,"WPR",50711,"5/13"
31-03-2025,"WPR",50725,"12/09"
31-03-2025,"WPR",50728,"8/10"
31-03-2025,"WPR",50733,"8/10"
31-03-2025,"WPR",50747,"2/16,4/17"
31-03-2025,"WPR",50750,"5/13"
31-03-2025,"WPR",50754,"5/17"
31-03-2025,"WPR",50758,"4/17"
31-03-2025,"WPR",50759,"5/13"
31-03-2025,"WPR",50763,"2/17,3/17,9/21"
31-03-2025,"WPR",50770,"6/15"
31-03-2025,"WPR",50773,"11/11"
31-03-2025,"WPR",50780,"5/13"
31-03-2025,"WPR",50781,"5/13"
31-03-2025,"WPR",50789,"4/10"
31-03-2025,"WPR",50790,"5/20"
31-03-2025,"WPR",50798,"1/10"
31-03-2025,"WPR",50799,"2/24,3/24"
31-03-2025,"WPR",50807,"4/12,7/10,8/11"
31-03-2025,"WPR",50822,"1/11"
31-03-2025,"WPR",50841,"10/18,11/18,1/19,2/19,3/19,11/16,12/16,2/13,3/13,4/13,8/13,9/13,10/13,11/13,4/17,5/17,6/17,7/17,9/17,10/17,11/17,12/17,1/18,2/18,4/20,5/20,6/20,7/20,9/20,10/20,11/20,12/20,1/21,2/21,3/21,4/21,5/21,6/21,7/21,8/21,9/21,10/21,11/21,12/21,2/22,3/22,4/22,5/22,6/22,7/22,8/22,9/22,11/22,12/22,1/23,2/23,3/23,4/23,5/23,6/23,7/23,8/23,9/23,10/23,11/23,12/23,1/24,2/24,3/24,5/15,7/15,8/15,9/15,11/15,12/15,1/16,8/19,9/19,10/19,11/19,12/19,1/20,2/20,3/20"
31-03-2025,"WPR",50846,"5/13,9/23,10/23,11/23,12/23,1/24,2/24,3/24"
31-03-2025,"WPR",50856,"5/13"
31-03-2025,"WPR",50861,"8/17,9/17,10/17"
31-03-2025,"WPR",50863,"1/10,1/21,8/17"
31-03-2025,"WPR",50864,"4/18"
31-03-2025,"WPR",50866,"11/09"
31-03-2025,"WPR",50873,"11/09"
31-03-2025,"WPR",50874,"11/09"
31-03-2025,"WPR",50875,"11/09"
31-03-2025,"WPR",50876,"11/09,12/09,1/10,2/10,3/10,4/10,5/10,6/10,7/10,8/10,9/10,10/10,11/10,12/10,1/11,2/11,3/11,4/11,5/11,6/11,7/11,8/11,9/11,10/11"
31-03-2025,"WPR",50877,"11/09"
31-03-2025,"WPR",50878,"11/09,1/10"
31-03-2025,"WPR",50879,"11/09"
31-03-2025,"WPR",50882,"7/21"
31-03-2025,"WPR",50883,"10/09,12/09,3/14"
31-03-2025,"WPR",50884,"1/24,2/24"
31-03-2025,"WPR",50889,"3/13"
31-03-2025,"WPR",50895,"1/15"
31-03-2025,"WPR",50901,"1/10"
31-03-2025,"WPR",50905,"1/10"
31-03-2025,"WPR",50906,"10/17"
31-03-2025,"WPR",50907,"10/13"
31-03-2025,"WPR",50909,"6/12,9/21"
31-03-2025,"WPR",50911,"11/09"
31-03-2025,"WPR",50913,"11/09"
31-03-2025,"WPR",50915,"11/09"
31-03-2025,"WPR",50917,"11/09"
31-03-2025,"WPR",50922,"12/11,4/20,5/20"
31-03-2025,"WPR",50927,"1/18,2/16"
31-03-2025,"WPR",50931,"3/16,4/16,5/16,6/16,7/16"
31-03-2025,"WPR",50941,"12/11,12/12,1/13,6/23,7/23,8/23,9/23,10/23,11/23,12/23,1/24,2/24,3/24"
31-03-2025,"WPR",50943,"11/11,12/11"
31-03-2025,"WPR",50946,"1/15,2/15,11/18,12/18,1/19,2/19,3/19,4/19,5/19,6/19,7/19,8/19"
31-03-2025,"WPR",50965,"5/12,7/10,8/11"
31-03-2025,"WPR",50974,"10/23,11/23"
31-03-2025,"WPR",50975,"11/17"
31-03-2025,"WPR",50987,"1/17,2/17,3/17"
31-03-2025,"WPR",50994,"10/11,11/12,12/12,1/13,2/13,3/13,4/13,5/13"
31-03-2025,"WPR",50996,"11/09"
31-03-2025,"WPR",50998,"4/15"
31-03-2025,"WPR",51012,"5/20"
31-03-2025,"WPR",51018,"11/15"
31-03-2025,"WPR",51026,"3/11"
31-03-2025,"WPR",51031,"1/10"
31-03-2025,"WPR",51032,"9/13"
31-03-2025,"WPR",51040,"4/07,5/07,6/07,8/07,5/13"
31-03-2025,"WPR",51048,"4/18"
31-03-2025,"WPR",51051,"5/13"
31-03-2025,"WPR",51065,"5/13"
31-03-2025,"WPR",51071,"1/14,2/14"
31-03-2025,"WPR",51072,"12/09"
31-03-2025,"WPR",51078,"3/10"
31-03-2025,"WPR",51092,"2/21,8/21"
31-03-2025,"WPR",51093,"1/20,4/17,4/20,5/20"
31-03-2025,"WPR",51095,"5/13"
31-03-2025,"WPR",51097,"11/20"
31-03-2025,"WPR",51099,"10/14,11/14,12/14,1/15,2/15,4/18,5/18,6/18,7/18,8/18,9/18,10/18,11/18,12/18,1/19,2/19,3/19,4/19,5/19,6/19,7/19,8/19,9/19,10/19,11/19,12/19,1/20,2/20,3/20,4/20,5/20,6/20,7/20,8/20,9/20,10/20,11/20,12/20,1/21,2/21,3/21,4/21,5/21,6/21,7/21,8/21,1/22,2/22,3/22,4/22,5/22,6/22,7/22,8/22,9/22,10/22,11/22,12/22,1/23,2/23,3/23,4/23,5/23,6/23,7/23,8/23,9/23,10/23,11/23,12/23,1/24,2/24,3/24,6/13,7/13,8/13,9/13,10/13,8/17,9/17,10/17,11/17,12/17,1/18,2/18,3/18,9/16,10/16"
31-03-2025,"WPR",51101,"5/14"
31-03-2025,"WPR",51103,"8/15"
31-03-2025,"WPR",51104,"10/21,11/21,6/15,9/13"
31-03-2025,"WPR",51105,"11/09"
31-03-2025,"WPR",51106,"7/17"
31-03-2025,"WPR",51108,"5/13"
31-03-2025,"WPR",51110,"1/21,2/21,3/21,4/21,5/21"
31-03-2025,"WPR",51124,"11/19"
31-03-2025,"WPR",51126,"5/13"
31-03-2025,"WPR",51147,"2/10"
31-03-2025,"WPR",51163,"3/11"
31-03-2025,"WPR",51167,"5/13"
31-03-2025,"WPR",51184,"6/10,7/10,8/10"
31-03-2025,"WPR",51189,"10/10,11/10,12/10,1/11,2/11,3/11,11/09,12/09,4/11,5/11"
31-03-2025,"WPR",51198,"5/20,7/15"
31-03-2025,"WPR",51203,"11/09,2/17"
31-03-2025,"WPR",51204,"11/09"
31-03-2025,"WPR",51206,"11/09"
31-03-2025,"WPR",51207,"11/09,4/18"
31-03-2025,"WPR",51214,"5/13"
31-03-2025,"WPR",51221,"12/09"
31-03-2025,"WPR",51226,"6/12"
31-03-2025,"WPR",51228,"11/09"
31-03-2025,"WPR",51231,"3/11"
31-03-2025,"WPR",51232,"11/09,3/11"
31-03-2025,"WPR",51238,"11/09"
31-03-2025,"WPR",51240,"10/09,2/12"
31-03-2025,"WPR",51244,"8/09,11/09"
31-03-2025,"WPR",51248,"11/15,12/15,3/15,5/13"
31-03-2025,"WPR",51252,"5/13"
31-03-2025,"WPR",51253,"10/09,12/09"
31-03-2025,"WPR",51259,"2/16"
31-03-2025,"WPR",51261,"3/23,4/23,5/23,6/23,7/23,8/23,9/23,10/23,11/23,12/23"
31-03-2025,"WPR",51266,"11/09,2/10,3/10,3/18,4/12"
31-03-2025,"WPR",51273,"5/13"
31-03-2025,"WPR",51275,"11/09"
31-03-2025,"WPR",51279,"11/09"
31-03-2025,"WPR",51286,"5/13"
31-03-2025,"WPR",51287,"1/18,3/19,9/19,10/19"
31-03-2025,"WPR",51288,"12/09,1/10,3/10,2/17"
31-03-2025,"WPR",51292,"11/09,1/10,9/15"
31-03-2025,"WPR",51293,"3/17,3/19,4/19,6/19,7/17"
31-03-2025,"WPR",51295,"1/10"
31-03-2025,"WPR",51314,"12/20"
31-03-2025,"WPR",51315,"4/18,7/18,8/18,10/18,11/18,1/19,2/19,3/19,4/19,5/19,7/19,8/19,9/19,10/19,12/19,1/20,2/20,3/20,4/20,5/20,6/20,7/20,8/20,4/21,5/21,6/21,12/21,1/22,2/22,3/22,4/22,5/22,6/22,7/22,9/22,11/22,12/22,1/23,2/23,3/23,4/23,5/23,10/23,11/23,3/24,5/13,1/14,6/16,7/16,8/14"
31-03-2025,"WPR",51316,"10/17"
31-03-2025,"WPR",51322,"1/15"
31-03-2025,"WPR",51332,"10/17,11/17,12/17,1/18,2/18,3/18,11/19"
31-03-2025,"WPR",51341,"4/18"
31-03-2025,"WPR",51346,"5/16"
31-03-2025,"WPR",51349,"2/14"
31-03-2025,"WPR",51362,"12/15"
31-03-2025,"WPR",51378,"3/11"
31-03-2025,"WPR",51379,"7/21"
31-03-2025,"WPR",51380,"3/11"
31-03-2025,"WPR",51384,"10/21"
31-03-2025,"WPR",51389,"1/18"
31-03-2025,"WPR",51395,"9/21"
31-03-2025,"WPR",51398,"3/16"
31-03-2025,"WPR",51401,"5/13"
31-03-2025,"WPR",51409,"2/23,5/13"
31-03-2025,"WPR",51427,"11/21,2/21"
31-03-2025,"WPR",51437,"1/15,2/15,3/11,7/15"
31-03-2025,"WPR",51440,"2/15"
31-03-2025,"WPR",51444,"2/22"
31-03-2025,"WPR",51445,"4/10"
31-03-2025,"WPR",51449,"12/15,1/16"
31-03-2025,"WPR",51459,"11/12"
31-03-2025,"WPR",51468,"11/12"
31-03-2025,"WPR",51469,"11/14"
31-03-2025,"WPR",51472,"2/16,7/18,8/18,11/18"
31-03-2025,"WPR",51477,"11/20"
31-03-2025,"WPR",51489,"7/10,8/10,9/10"
31-03-2025,"WPR",51496,"11/12"
31-03-2025,"WPR",51498,"4/10"
31-03-2025,"WPR",51499,"10/21"
31-03-2025,"WPR",51502,"1/18,3/13,4/15,5/15,6/15,7/15,8/15,9/15,10/15,11/15,12/15,1/16,2/16,3/16,4/16,5/16,6/16,7/16,8/16,9/16,10/16,11/16,12/16,1/17,2/17,3/17,4/18,5/18,6/18,7/18,8/18,9/18,10/18,11/18,12/18,1/19,2/19,4/19,5/19,6/19,7/19,8/19,4/23,5/23,7/14,8/14,9/14,10/14,11/14,12/14,1/15,2/15,3/15"
31-03-2025,"WPR",51516,"10/22,11/22,12/22,1/23,2/23,3/23,2/21,3/21,2/24,3/24,5/21,3/22"
31-03-2025,"WPR",51517,"5/13"
31-03-2025,"WPR",51525,"4/17"
31-03-2025,"WPR",51533,"2/15"
31-03-2025,"WPR",51549,"4/19,5/19"
31-03-2025,"WPR",51555,"1/12,5/16"
31-03-2025,"WPR",51559,"2/11"
31-03-2025,"WPR",51562,"6/16,7/16"
31-03-2025,"WPR",51565,"11/10"
31-03-2025,"WPR",51571,"2/13,3/13"
31-03-2025,"WPR",51574,"11/15"
31-03-2025,"WPR",51577,"1/14"
31-03-2025,"WPR",51590,"2/13,5/13"
31-03-2025,"WPR",51592,"6/17,7/17,8/17"
31-03-2025,"WPR",51593,"1/13,2/13,3/13,4/14,9/14,10/14,11/14,12/14,1/15,2/15,3/15,4/15,5/15,6/15,7/15,8/15,9/15,10/15,11/15,12/15,1/16,5/13,10/13,11/13,12/13,2/14,3/14,8/11"
31-03-2025,"WPR",51597,"6/10,7/10"
31-03-2025,"WPR",51614,"12/16,1/17,2/17,12/18,9/19,10/19"
31-03-2025,"WPR",51616,"9/22,10/22,11/22,12/22"
31-03-2025,"WPR",51617,"5/14"
31-03-2025,"WPR",51623,"7/15"
31-03-2025,"WPR",51627,"5/13"
31-03-2025,"WPR",51636,"12/10"
31-03-2025,"WPR",51643,"5/13"
31-03-2025,"WPR",51644,"11/17,12/17,1/18,2/18,3/18,3/16,4/18,6/18,7/18,8/18,9/18,10/18,11/18,12/18,1/19"
31-03-2025,"WPR",51650,"4/19,5/19,4/22,9/22,10/22,11/22,12/22,1/23,2/23,3/23,4/23,5/23,6/23,3/24,5/13,5/21,6/21,7/21,6/17,9/17,10/17,6/18,7/18,8/18,9/18,8/16"
31-03-2025,"WPR",51657,"1/11,3/14"
31-03-2025,"WPR",51663,"5/13,12/13"
31-03-2025,"WPR",51664,"1/11,5/13,12/13"
31-03-2025,"WPR",51669,"5/13"
31-03-2025,"WPR",51670,"5/13"
31-03-2025,"WPR",51673,"5/13"
31-03-2025,"WPR",51678,"5/13,6/11"
31-03-2025,"WPR",51681,"1/12"
31-03-2025,"WPR",51687,"5/13"
31-03-2025,"WPR",51715,"4/12"
31-03-2025,"WPR",51718,"6/11"
31-03-2025,"WPR",51723,"1/23,2/23,3/23,4/23"
31-03-2025,"WPR",51729,"5/12,6/12,11/12,1/13,3/13"
31-03-2025,"WPR",51734,"4/15"
31-03-2025,"WPR",51738,"5/13"
31-03-2025,"WPR",51745,"5/13"
31-03-2025,"WPR",51746,"4/18,5/18,6/18"
31-03-2025,"WPR",51750,"2/23"
31-03-2025,"WPR",51751,"5/13"
31-03-2025,"WPR",51754,"4/12,5/12,6/12,9/12,10/12,11/12,12/12,1/13,2/13,3/13,4/13,5/13,6/13,7/13"
31-03-2025,"WPR",51760,"2/15,7/13,8/13"
31-03-2025,"WPR",51763,"3/14"
31-03-2025,"WPR",51764,"4/18"
31-03-2025,"WPR",51769,"4/10"
31-03-2025,"WPR",51787,"5/20"
31-03-2025,"WPR",51788,"2/16,7/22,9/13"
31-03-2025,"WPR",51790,"1/15"
31-03-2025,"WPR",51792,"7/17"
31-03-2025,"WPR",51803,"7/22"
31-03-2025,"WPR",51805,"12/20"
31-03-2025,"WPR",51821,"9/14,12/14,1/15,2/15"
31-03-2025,"WPR",51822,"7/11"
31-03-2025,"WPR",51825,"2/16,3/16,4/13,4/16,5/16,1/17,2/17,3/17,4/17,5/17,6/17,7/17,8/17,9/17,10/17,11/17,12/17,1/18,5/11,6/11,7/11,5/12,6/12,3/13,9/10,10/10,9/14,10/14,11/14"
31-03-2025,"WPR",51835,"11/13"
31-03-2025,"WPR",51839,"3/14"
31-03-2025,"WPR",51841,"11/13"
31-03-2025,"WPR",51842,"11/13"
31-03-2025,"WPR",51844,"11/13"
31-03-2025,"WPR",51846,"8/11,8/13"
31-03-2025,"WPR",51851,"4/23"
31-03-2025,"WPR",51859,"12/14"
31-03-2025,"WPR",51874,"4/23,5/23,12/23,1/24,7/22,9/22"
31-03-2025,"WPR",51877,"12/21,1/22"
31-03-2025,"WPR",51884,"2/24"
31-03-2025,"WPR",51907,"2/15"
31-03-2025,"WPR",51909,"5/19"
31-03-2025,"WPR",51911,"10/16,8/17"
31-03-2025,"WPR",51920,"4/11,5/11,6/10,2/11,3/11"
31-03-2025,"WPR",51925,"9/16"
31-03-2025,"WPR",51931,"10/11,8/15"
31-03-2025,"WPR",51967,"1/15,2/15"
31-03-2025,"WPR",51974,"1/15"
31-03-2025,"WPR",51998,"7/15"
31-03-2025,"WPR",52012,"7/15"
31-03-2025,"WPR",52027,"1/15"
31-03-2025,"WPR",52030,"11/13"
31-03-2025,"WPR",52031,"12/14,1/15,2/15,3/15,8/11"
31-03-2025,"WPR",52033,"12/14"
31-03-2025,"WPR",52042,"5/19"
31-03-2025,"WPR",52043,"7/21"
31-03-2025,"WPR",52045,"7/21"
31-03-2025,"WPR",52050,"3/16"
31-03-2025,"WPR",52051,"7/18"
31-03-2025,"WPR",52057,"2/21,3/21,3/23,4/23"
31-03-2025,"WPR",52068,"5/17"
31-03-2025,"WPR",52069,"11/20"
31-03-2025,"WPR",52070,"7/22,8/22,9/22,10/22,11/22,12/22,1/23"
31-03-2025,"WPR",52111,"3/14"
31-03-2025,"WPR",52118,"5/13"
31-03-2025,"WPR",52120,"2/15"
31-03-2025,"WPR",52132,"10/16"
31-03-2025,"WPR",52134,"9/12,10/12,11/12"
31-03-2025,"WPR",52139,"2/17"
31-03-2025,"WPR",52140,"4/16"
31-03-2025,"WPR",52157,"5/22"
31-03-2025,"WPR",52161,"2/16"
31-03-2025,"WPR",52178,"9/13"
31-03-2025,"WPR",52179,"6/13,8/13,10/13"
31-03-2025,"WPR",52181,"11/21,7/16,8/16"
31-03-2025,"WPR",52199,"5/13,2/14"
31-03-2025,"WPR",52207,"5/20"
31-03-2025,"WPR",52213,"7/11"
31-03-2025,"WPR",52214,"5/13,12/13"
31-03-2025,"WPR",52218,"1/18"
31-03-2025,"WPR",52227,"5/13"
31-03-2025,"WPR",52229,"3/18"
31-03-2025,"WPR",52230,"5/13"
31-03-2025,"WPR",52233,"1/12"
31-03-2025,"WPR",52236,"2/17"
31-03-2025,"WPR",52237,"9/15"
31-03-2025,"WPR",52246,"5/13"
31-03-2025,"WPR",52247,"5/13"
31-03-2025,"WPR",52249,"7/21"
31-03-2025,"WPR",52250,"7/21"
31-03-2025,"WPR",52254,"5/20"
31-03-2025,"WPR",52265,"1/15"
31-03-2025,"WPR",52273,"12/14,8/13"
31-03-2025,"WPR",52285,"1/17,2/18,3/18,2/20"
31-03-2025,"WPR",52293,"10/21,11/11"
31-03-2025,"WPR",52313,"5/16"
31-03-2025,"WPR",52321,"1/12"
31-03-2025,"WPR",52334,"5/18"
31-03-2025,"WPR",52346,"5/13,9/12"
31-03-2025,"WPR",52353,"7/15"
31-03-2025,"WPR",52356,"2/24"
31-03-2025,"WPR",52360,"4/12,5/12"
31-03-2025,"WPR",52369,"5/20"
31-03-2025,"WPR",52374,"3/17,7/20"
31-03-2025,"WPR",52384,"5/13"
31-03-2025,"WPR",52389,"10/16,7/15,12/15,7/17"
31-03-2025,"WPR",52405,"5/20"
31-03-2025,"WPR",52407,"5/20"
31-03-2025,"WPR",52410,"8/15"
31-03-2025,"WPR",52415,"7/11,8/11"
31-03-2025,"WPR",52451,"2/17,6/15"
31-03-2025,"WPR",52455,"1/15"
31-03-2025,"WPR",52458,"11/20"
31-03-2025,"WPR",52466,"7/15,7/16"
31-03-2025,"WPR",52468,"7/18"
31-03-2025,"WPR",52472,"5/20"
31-03-2025,"WPR",52479,"2/21,8/21"
31-03-2025,"WPR",52489,"3/22"
31-03-2025,"WPR",52494,"11/17,12/17,1/18,2/18,3/18,4/18,5/18,6/18,7/18"
31-03-2025,"WPR",52503,"1/17"
31-03-2025,"WPR",52529,"5/22"
31-03-2025,"WPR",52532,"4/18"
31-03-2025,"WPR",52539,"5/13"
31-03-2025,"WPR",52547,"2/19,5/20,7/19,8/19"
31-03-2025,"WPR",52568,"1/21"
31-03-2025,"WPR",52569,"5/20"
31-03-2025,"WPR",52590,"5/11"
31-03-2025,"WPR",52602,"11/16,12/16,1/17,2/17,3/17,11/19,4/17,5/17,6/17,7/17,8/17,9/17,10/17,11/17,12/17,1/18,2/18,3/18"
31-03-2025,"WPR",52605,"4/18"
31-03-2025,"WPR",52606,"3/16"
31-03-2025,"WPR",52616,"5/20,7/15"
31-03-2025,"WPR",52623,"5/13"
31-03-2025,"WPR",52627,"10/11,11/11"
31-03-2025,"WPR",52664,"3/16"
31-03-2025,"WPR",52676,"5/13"
31-03-2025,"WPR",52678,"12/15,1/16,2/16,3/16,4/16,5/13"
31-03-2025,"WPR",52685,"4/18"
31-03-2025,"WPR",52686,"4/18"
31-03-2025,"WPR",52693,"10/21"
31-03-2025,"WPR",52702,"4/21"
31-03-2025,"WPR",52706,"1/21"
31-03-2025,"WPR",52710,"8/15,9/15,12/15"
31-03-2025,"WPR",52711,"10/16"
31-03-2025,"WPR",52728,"7/21"
31-03-2025,"WPR",52730,"1/17"
31-03-2025,"WPR",52738,"4/22,5/22,6/22,7/22,8/22,9/22,10/22,11/22,12/22,1/23,2/23,3/23,4/23,5/23,6/23,7/23,8/23,9/23,10/23,11/23,12/23,1/24,2/24,3/24,8/21,9/21,10/21,11/21,12/21,1/22,2/22,3/22"
31-03-2025,"WPR",52739,"5/20"
31-03-2025,"WPR",52743,"1/15"
31-03-2025,"WPR",52753,"5/16,7/21"
31-03-2025,"WPR",52754,"10/16,6/15,7/15,12/15,7/17"
31-03-2025,"WPR",52759,"8/14,9/14,10/14,11/14,12/14"
31-03-2025,"WPR",52765,"2/12,3/12,4/12,5/12"
31-03-2025,"WPR",52769,"12/15,4/21,9/20,10/20,11/20,12/20,1/21,2/21,3/21"
31-03-2025,"WPR",52770,"4/12,5/12"
31-03-2025,"WPR",52782,"11/14,8/11"
31-03-2025,"WPR",52799,"5/11,6/11,7/11,8/11,9/11"
31-03-2025,"WPR",52804,"9/20"
31-03-2025,"WPR",52816,"6/16"
31-03-2025,"WPR",52820,"8/21"
31-03-2025,"WPR",52833,"4/12"
31-03-2025,"WPR",52842,"5/16,6/16,7/16,8/16"
31-03-2025,"WPR",52902,"4/22"
31-03-2025,"WPR",52908,"4/12"
31-03-2025,"WPR",52920,"10/17"
31-03-2025,"WPR",52921,"1/15"
31-03-2025,"WPR",52929,"12/15"
31-03-2025,"WPR",52935,"1/15,7/23"
31-03-2025,"WPR",52944,"4/19,5/19"
31-03-2025,"WPR",52960,"5/13"
31-03-2025,"WPR",52961,"1/15"
31-03-2025,"WPR",52965,"11/16,12/16,1/17,2/17,3/17,11/19,4/17,5/17,6/17,7/17,8/17,9/17,10/17,11/17,2/18"
31-03-2025,"WPR",52966,"12/17,5/20,6/16"
31-03-2025,"WPR",52974,"4/12,5/12,6/12,7/12,8/12,9/12,4/19,5/19,6/19,7/19,8/19,9/19,10/19,11/19,12/19,1/20,2/20,3/20,4/20,5/20,6/20,7/20,8/20,9/20,8/14,9/14,10/14,11/14,3/15,9/18,10/18,11/18,12/18,1/19,2/19,3/19"
31-03-2025,"WPR",52977,"1/15"
31-03-2025,"WPR",52981,"6/17,8/16,10/16,12/16,3/17"
31-03-2025,"WPR",52986,"4/18"
31-03-2025,"WPR",52994,"5/13"
31-03-2025,"WPR",53001,"5/13"
31-03-2025,"WPR",53008,"2/18"
31-03-2025,"WPR",53013,"8/18,9/18,10/18"
31-03-2025,"WPR",53021,"10/14"
31-03-2025,"WPR",53030,"1/23,2/23"
31-03-2025,"WPR",53035,"8/16"
31-03-2025,"WPR",53038,"4/18"
31-03-2025,"WPR",53039,"7/15"
31-03-2025,"WPR",53059,"4/12"
31-03-2025,"WPR",53067,"5/13"
31-03-2025,"WPR",53068,"5/13"
31-03-2025,"WPR",53069,"5/13"
31-03-2025,"WPR",53070,"5/13"
31-03-2025,"WPR",53071,"1/15,5/13"
31-03-2025,"WPR",53072,"10/18"
31-03-2025,"WPR",53074,"3/22,4/22,5/22,6/22,7/22,8/22,9/22,10/22,11/22,12/22,1/23,2/23,3/23,4/23,5/23,6/23,7/23,8/23,9/23,10/23,11/23"
31-03-2025,"WPR",53082,"11/19,12/19,1/20,4/15,5/15,6/15,7/15,8/15,9/15,10/15,7/18,8/18,9/22,10/22,11/22,12/22"
31-03-2025,"WPR",53092,"3/13"
31-03-2025,"WPR",53097,"3/13"
31-03-2025,"WPR",53103,"3/16"
31-03-2025,"WPR",53125,"4/22,5/22,6/22,7/22,8/22,9/22,10/22,11/22,3/23,4/23,8/21,9/21,10/21,11/21,12/21,1/22,2/22,3/22"
31-03-2025,"WPR",53129,"1/23,2/23,3/23,4/23,5/23,6/23,12/23,1/24,2/24,5/20"
31-03-2025,"WPR",53140,"2/14"
31-03-2025,"WPR",53150,"5/13"
31-03-2025,"WPR",53167,"2/16"
31-03-2025,"WPR",53170,"3/13"
31-03-2025,"WPR",53178,"5/20"
31-03-2025,"WPR",53182,"7/13"
31-03-2025,"WPR",53183,"5/13,6/13"
31-03-2025,"WPR",53198,"12/20,4/16,5/16"
31-03-2025,"WPR",53213,"2/14"
31-03-2025,"WPR",53215,"9/18,10/18"
31-03-2025,"WPR",53216,"3/15"
31-03-2025,"WPR",53237,"8/15"
31-03-2025,"WPR",53238,"9/15"
31-03-2025,"WPR",53252,"4/12,5/12,6/12,7/12,8/12,9/11,10/11,11/11,12/11,1/12,2/12,3/12"
31-03-2025,"WPR",53256,"7/15,9/15"
31-03-2025,"WPR",53258,"5/20"
31-03-2025,"WPR",53276,"5/17"
31-03-2025,"WPR",53284,"11/22,12/22,1/23,2/23,3/23,4/23,5/23,6/23,7/23,8/23,9/23"
31-03-2025,"WPR",53289,"4/11,5/11,6/11,7/11,8/11,9/11,10/11"
31-03-2025,"WPR",53304,"6/11"
31-03-2025,"WPR",53353,"3/24,8/13"
31-03-2025,"WPR",53357,"4/14,5/14,6/14,7/14,8/14,10/14"
31-03-2025,"WPR",53359,"4/21"
31-03-2025,"WPR",53368,"4/18"
31-03-2025,"WPR",53383,"12/15"
31-03-2025,"WPR",53390,"2/19"
31-03-2025,"WPR",53399,"1/21"
31-03-2025,"WPR",53403,"2/15"
31-03-2025,"WPR",53405,"12/15"
31-03-2025,"WPR",53411,"2/19,3/19"
31-03-2025,"WPR",53416,"4/18,5/18"
31-03-2025,"WPR",53419,"9/13"
31-03-2025,"WPR",53432,"4/12,5/12,6/12,7/12,8/12,9/12,10/12"
31-03-2025,"WPR",53437,"10/16"
31-03-2025,"WPR",53443,"12/15,1/16,3/17,3/21"
31-03-2025,"WPR",53444,"1/13,12/13,1/14,5/15"
31-03-2025,"WPR",53454,"5/13"
31-03-2025,"WPR",53455,"12/17"
31-03-2025,"WPR",53459,"5/13"
31-03-2025,"WPR",53472,"5/13"
31-03-2025,"WPR",53476,"3/15"
31-03-2025,"WPR",53478,"9/20"
31-03-2025,"WPR",53487,"5/13"
31-03-2025,"WPR",53489,"5/13"
31-03-2025,"WPR",53492,"5/13"
31-03-2025,"WPR",53493,"5/13"
31-03-2025,"WPR",53499,"9/15"
31-03-2025,"WPR",53501,"5/13"
31-03-2025,"WPR",53502,"5/13"
31-03-2025,"WPR",53510,"5/13"
31-03-2025,"WPR",53512,"10/19,11/19,12/19,7/21"
31-03-2025,"WPR",53526,"5/13"
31-03-2025,"WPR",53527,"1/16,12/14,2/15,3/15"
31-03-2025,"WPR",53535,"5/20"
31-03-2025,"WPR",53544,"11/15"
31-03-2025,"WPR",53557,"1/15"
31-03-2025,"WPR",53562,"5/20"
31-03-2025,"WPR",53563,"10/16,10/21,7/17"
31-03-2025,"WPR",53564,"5/20"
31-03-2025,"WPR",53566,"3/15,7/17"
31-03-2025,"WPR",53570,"11/23,12/23"
31-03-2025,"WPR",53583,"5/20"
31-03-2025,"WPR",53591,"9/18"
31-03-2025,"WPR",53593,"3/17"
31-03-2025,"WPR",53594,"4/22,6/16,3/17,9/15"
31-03-2025,"WPR",53598,"2/16,7/22"
31-03-2025,"WPR",53599,"5/13"
31-03-2025,"WPR",53605,"11/15"
31-03-2025,"WPR",53614,"8/15"
31-03-2025,"WPR",53619,"1/17,8/15"
31-03-2025,"WPR",53622,"4/22,5/22,6/22,7/22,8/22,9/22,10/22,11/22,12/22,1/23,2/23,3/23,4/23,5/23,6/23"
31-03-2025,"WPR",53626,"12/16,1/17"
31-03-2025,"WPR",53635,"12/18"
31-03-2025,"WPR",53639,"12/15"
31-03-2025,"WPR",53643,"4/17,5/17,6/17,7/17,8/17,9/17,10/17,11/17,12/17,1/18,2/18,3/18,4/18,5/18,6/18,7/18,9/16,10/16,11/16"
31-03-2025,"WPR",53648,"3/20"
31-03-2025,"WPR",53654,"4/18"
31-03-2025,"WPR",53660,"11/21"
31-03-2025,"WPR",53671,"9/16"
31-03-2025,"WPR",53673,"12/16,1/17,3/19"
31-03-2025,"WPR",53675,"8/13,10/13"
31-03-2025,"WPR",53676,"3/17"
31-03-2025,"WPR",53681,"9/16"
31-03-2025,"WPR",53699,"9/21"
31-03-2025,"WPR",53703,"9/13"
31-03-2025,"WPR",53706,"12/12,1/13"
31-03-2025,"WPR",53711,"11/14"
31-03-2025,"WPR",53715,"11/14"
31-03-2025,"WPR",53724,"3/17"
31-03-2025,"WPR",53725,"3/17"
31-03-2025,"WPR",53726,"3/17"
31-03-2025,"WPR",53728,"11/16"
31-03-2025,"WPR",53739,"5/20"
31-03-2025,"WPR",53747,"5/13"
31-03-2025,"WPR",53749,"12/23,1/24,3/24"
31-03-2025,"WPR",53752,"11/12"
31-03-2025,"WPR",53793,"9/13"
31-03-2025,"WPR",53795,"10/16,7/15,12/15"
31-03-2025,"WPR",53797,"5/20"
31-03-2025,"WPR",53808,"11/20"
31-03-2025,"WPR",53820,"8/22,9/22,10/22"
31-03-2025,"WPR",53827,"10/18"
31-03-2025,"WPR",53838,"11/20"
31-03-2025,"WPR",53840,"11/21,12/21,1/22,2/16,6/20,7/20,11/20"
31-03-2025,"WPR",53854,"5/14"
31-03-2025,"WPR",53895,"1/18"
31-03-2025,"WPR",53896,"10/16"
31-03-2025,"WPR",53897,"6/14"
31-03-2025,"WPR",53903,"2/15"
31-03-2025,"WPR",53904,"4/18,5/18,6/18,7/18"
31-03-2025,"WPR",53911,"6/12"
31-03-2025,"WPR",53913,"7/21"
31-03-2025,"WPR",53934,"5/13"
31-03-2025,"WPR",53936,"5/15,6/15"
31-03-2025,"WPR",53944,"2/16,3/16,3/13,4/13,5/16"
31-03-2025,"WPR",53949,"4/18,5/18,6/18,7/18,8/18,9/18,10/18,11/18,12/18,1/19,2/19,3/19,4/19,5/19,6/19,7/19,8/19,9/19,10/19,11/19,12/19"
31-03-2025,"WPR",53951,"3/18,4/18,5/18,6/18"
31-03-2025,"WPR",53952,"2/15"
31-03-2025,"WPR",53956,"4/12,5/12,4/13,5/13,7/15"
31-03-2025,"WPR",53967,"2/21,8/21"
31-03-2025,"WPR",53969,"2/17,3/17,4/17"
31-03-2025,"WPR",53971,"2/20,4/20,5/20,6/20,7/20,8/20,9/20,10/20,11/20,12/20,1/21,2/21,3/21,4/21,5/21,6/21,7/21,8/21,9/21,10/21,11/21,12/21,1/22,2/22,3/22,4/22,5/22,6/22,7/22,8/22,9/22,10/22,11/22,12/22"
31-03-2025,"WPR",53979,"8/21"
31-03-2025,"WPR",53980,"11/12"
31-03-2025,"WPR",53987,"2/17"
31-03-2025,"WPR",54008,"11/14,3/15"
31-03-2025,"WPR",54011,"7/21"
31-03-2025,"WPR",54012,"2/17"
31-03-2025,"WPR",54013,"11/20,2/16"
31-03-2025,"WPR",54022,"2/16,7/22"
31-03-2025,"WPR",54023,"1/17"
31-03-2025,"WPR",54033,"10/14,11/22,6/17,7/17,8/17,9/17,10/17"
31-03-2025,"WPR",54041,"9/18"
31-03-2025,"WPR",54042,"12/15,8/14"
31-03-2025,"WPR",54059,"6/19,7/19,8/19,9/19,10/19,11/19"
31-03-2025,"WPR",54088,"1/17,7/15,11/15"
31-03-2025,"WPR",54089,"12/17,2/13"
31-03-2025,"WPR",54090,"3/16"
31-03-2025,"WPR",54091,"5/13"
31-03-2025,"WPR",54092,"5/13,9/18,10/18"
31-03-2025,"WPR",54093,"9/15,10/15,11/15"
31-03-2025,"WPR",54095,"5/13"
31-03-2025,"WPR",54097,"4/15,5/15"
31-03-2025,"WPR",54102,"10/16"
31-03-2025,"WPR",54103,"11/12,11/13"
31-03-2025,"WPR",54109,"3/17"
31-03-2025,"WPR",54110,"5/20"
31-03-2025,"WPR",54112,"3/17"
31-03-2025,"WPR",54113,"3/13"
31-03-2025,"WPR",54119,"2/16"
31-03-2025,"WPR",54123,"5/20"
31-03-2025,"WPR",54126,"9/13"
31-03-2025,"WPR",54127,"7/22,9/13"
31-03-2025,"WPR",54139,"5/20"
31-03-2025,"WPR",54141,"2/17"
31-03-2025,"WPR",54146,"3/17"
31-03-2025,"WPR",54148,"11/20"
31-03-2025,"WPR",54149,"2/16,5/20,9/13"
31-03-2025,"WPR",54156,"5/20"
31-03-2025,"WPR",54159,"12/14"
31-03-2025,"WPR",54161,"1/21"
31-03-2025,"WPR",54173,"5/13,8/13"
31-03-2025,"WPR",54174,"5/13"
31-03-2025,"WPR",54179,"3/14"
31-03-2025,"WPR",54181,"3/14"
31-03-2025,"WPR",54185,"3/14,4/15,5/15,6/15,7/15,8/15,9/15,10/15,11/15,8/14,2/15,3/15"
31-03-2025,"WPR",54193,"12/16,1/17,2/17"
31-03-2025,"WPR",54197,"5/13,9/15"
31-03-2025,"WPR",54205,"3/14"
31-03-2025,"WPR",54210,"5/13"
31-03-2025,"WPR",54211,"6/18,7/18"
31-03-2025,"WPR",54221,"10/18,11/18,4/21,8/21,5/15,5/22,6/22,7/22,6/16,8/17"
31-03-2025,"WPR",54226,"5/20"
31-03-2025,"WPR",54233,"3/16,4/16,5/16,6/16,7/16,8/16,9/16,10/16,11/16,12/16,1/17,2/17,3/17,4/17,5/17,6/17,7/17,8/17,9/17,10/17,11/17,12/17,1/18,2/18,3/18,4/18,5/18,6/18,7/18,9/18,10/18,11/18,12/18,1/19,2/19,3/19,4/19,5/19,6/19,7/19,8/19,9/19,10/19,11/19,12/19,1/20,4/21,5/21,6/21,7/21,8/21,9/21,10/21,11/21,12/21,1/22,2/22,3/22,4/22,5/22,6/22,7/22,8/22,9/22,10/22,11/22,12/22,1/23,2/23,3/23,4/23,5/23,6/23,6/20,7/20,8/20,9/20,10/20,11/20,12/20,1/21,2/21,3/21,8/14"
31-03-2025,"WPR",54251,"2/21"
31-03-2025,"WPR",54261,"11/19,12/19,1/20"
31-03-2025,"WPR",54263,"4/12,4/14,5/14"
31-03-2025,"WPR",54264,"11/21,3/14"
31-03-2025,"WPR",54266,"5/13"
31-03-2025,"WPR",54275,"2/16"
31-03-2025,"WPR",54278,"4/15,5/15,6/15"
31-03-2025,"WPR",54279,"5/13"
31-03-2025,"WPR",54283,"11/21"
31-03-2025,"WPR",54299,"5/20"
31-03-2025,"WPR",54306,"4/15,5/15,10/15,11/15,3/16,4/17,5/17,6/17,7/17,8/17,9/17,10/17,11/17,12/17,1/18,2/18,3/18,4/18,5/18,6/18,1/19,2/19,3/19,4/19,5/19,6/19,7/19,8/19,5/16,6/16,7/16,8/16,9/16,10/16,11/16,12/16,1/17,2/17,3/17,6/21,9/14,10/14,11/14,12/14,1/15"
31-03-2025,"WPR",54316,"3/14"
31-03-2025,"WPR",54324,"9/19"
31-03-2025,"WPR",54326,"3/24"
31-03-2025,"WPR",54346,"9/16"
31-03-2025,"WPR",54396,"11/15"
31-03-2025,"WPR",54397,"1/21,2/21"
31-03-2025,"WPR",54412,"6/14,11/14"
31-03-2025,"WPR",54425,"11/13,2/14,3/14"
31-03-2025,"WPR",54434,"6/18"
31-03-2025,"WPR",54436,"9/16"
31-03-2025,"WPR",54447,"7/22"
31-03-2025,"WPR",54455,"1/16,2/16,3/16,12/14,4/16,5/16,6/16,7/16,8/16,11/16,12/16,1/17,2/17,3/17,4/17,5/17,6/17,7/17,8/17,4/21,5/21,6/21,7/21,8/21,9/21,10/21,11/21,12/21,1/22,2/22,3/22,4/22,5/22,6/22,7/22,8/22,9/22,10/22,11/22,5/18,6/18,7/18,8/18,9/18,10/18,11/18,6/20,7/20,8/20,9/20,10/20,11/20,12/20,1/21,2/21,3/21,6/23,7/23,8/23,9/23,10/23,11/23,12/23,8/19,9/19,12/19,1/20,2/20,3/20"
31-03-2025,"WPR",54461,"9/13"
31-03-2025,"WPR",54464,"11/20"
31-03-2025,"WPR",54465,"6/15,2/16"
31-03-2025,"WPR",54467,"4/21"
31-03-2025,"WPR",54470,"3/18"
31-03-2025,"WPR",54473,"8/14"
31-03-2025,"WPR",54489,"8/20"
31-03-2025,"WPR",54490,"9/15"
31-03-2025,"WPR",54494,"11/15"
31-03-2025,"WPR",54495,"7/15"
31-03-2025,"WPR",54497,"12/13"
31-03-2025,"WPR",54498,"12/14,1/15"
31-03-2025,"WPR",54502,"11/20"
31-03-2025,"WPR",54508,"9/17"
31-03-2025,"WPR",54526,"5/15"
31-03-2025,"WPR",54527,"5/15"
31-03-2025,"WPR",54528,"5/15"
31-03-2025,"WPR",54529,"5/15"
31-03-2025,"WPR",54532,"5/15"
31-03-2025,"WPR",54533,"5/15"
31-03-2025,"WPR",54535,"5/15"
31-03-2025,"WPR",54536,"5/15"
31-03-2025,"WPR",54538,"5/15"
31-03-2025,"WPR",54540,"5/15"
31-03-2025,"WPR",54541,"5/15"
31-03-2025,"WPR",54542,"5/15"
31-03-2025,"WPR",54543,"5/15"
31-03-2025,"WPR",54546,"5/15"
31-03-2025,"WPR",54547,"5/15"
31-03-2025,"WPR",54548,"5/15"
31-03-2025,"WPR",54554,"3/14"
31-03-2025,"WPR",54555,"5/13"
31-03-2025,"WPR",54556,"3/14"
31-03-2025,"WPR",54557,"3/14"
31-03-2025,"WPR",54562,"3/14"
31-03-2025,"WPR",54571,"9/13"
31-03-2025,"WPR",54574,"11/16,3/15,4/22,8/22,9/22,6/17,11/17,3/18,6/18,7/18,8/18,12/18,1/19,2/19,6/21,7/21,8/21,9/21,10/21,11/21,12/21,6/23,7/23,8/23,9/23,10/23,11/23,12/23,1/24,2/24,8/20,9/20,10/20,11/20,12/20,1/21,2/21,3/21,9/15,10/15,11/15,9/19,10/19,11/19,12/19"
31-03-2025,"WPR",54579,"7/15,9/15"
31-03-2025,"WPR",54584,"3/15"
31-03-2025,"WPR",54588,"12/14,4/13,5/13,6/13,7/13"
31-03-2025,"WPR",54599,"11/16,12/16,1/17,2/17,3/17,4/17,5/17,6/17,7/17,8/17,9/17,7/18,10/18"
31-03-2025,"WPR",54602,"9/23,10/23,11/23"
31-03-2025,"WPR",54608,"7/17"
31-03-2025,"WPR",54612,"11/14,12/15"
31-03-2025,"WPR",54620,"8/16"
31-03-2025,"WPR",54631,"5/15"
31-03-2025,"WPR",54632,"5/15"
31-03-2025,"WPR",54633,"5/15"
31-03-2025,"WPR",54634,"5/15"
31-03-2025,"WPR",54635,"5/15"
31-03-2025,"WPR",54638,"5/15"
31-03-2025,"WPR",54644,"5/15"
31-03-2025,"WPR",54647,"11/17,5/15"
31-03-2025,"WPR",54648,"5/15"
31-03-2025,"WPR",54650,"5/15"
31-03-2025,"WPR",54653,"5/15"
31-03-2025,"WPR",54657,"5/15"
31-03-2025,"WPR",54659,"5/15"
31-03-2025,"WPR",54660,"5/15"
31-03-2025,"WPR",54665,"5/15"
31-03-2025,"WPR",54671,"2/18,3/18,4/18,5/18"
31-03-2025,"WPR",54677,"3/14"
31-03-2025,"WPR",54679,"11/16"
31-03-2025,"WPR",54680,"8/16,9/16"
31-03-2025,"WPR",54699,"4/15,5/15"
31-03-2025,"WPR",54703,"4/15,5/15,7/14"
31-03-2025,"WPR",54711,"3/24"
31-03-2025,"WPR",54712,"5/23,6/23,7/23,12/23,1/24,2/24,3/24,8/22,9/22,10/22,11/22"
31-03-2025,"WPR",54716,"5/13,5/20"
31-03-2025,"WPR",54735,"4/16"
31-03-2025,"WPR",54747,"5/20"
31-03-2025,"WPR",54749,"4/17"
31-03-2025,"WPR",54751,"11/20"
31-03-2025,"WPR",54761,"5/20,6/20,7/15"
31-03-2025,"WPR",54768,"3/14,3/15"
31-03-2025,"WPR",54771,"6/13,7/13,8/13"
31-03-2025,"WPR",54781,"5/20"
31-03-2025,"WPR",54786,"10/15,11/15"
31-03-2025,"WPR",54787,"3/14"
31-03-2025,"WPR",54799,"5/13"
31-03-2025,"WPR",54804,"5/13"
31-03-2025,"WPR",54813,"6/13"
31-03-2025,"WPR",54819,"7/19"
31-03-2025,"WPR",54822,"4/20"
31-03-2025,"WPR",54829,"1/15,11/20"
31-03-2025,"WPR",54830,"11/20,8/22,9/22,10/22"
31-03-2025,"WPR",54831,"6/15,3/16"
31-03-2025,"WPR",54837,"2/20,3/20,4/20,5/20,6/20,7/20,8/20"
31-03-2025,"WPR",54838,"6/22"
31-03-2025,"WPR",54863,"5/20"
31-03-2025,"WPR",54880,"1/15"
31-03-2025,"WPR",54892,"2/18"
31-03-2025,"WPR",54902,"3/18,4/18,5/18,6/18,3/19,4/19"
31-03-2025,"WPR",54923,"1/21"
31-03-2025,"WPR",54926,"5/20"
31-03-2025,"WPR",54930,"5/20"
31-03-2025,"WPR",54933,"11/19"
31-03-2025,"WPR",54942,"1/16"
31-03-2025,"WPR",54946,"1/21"
31-03-2025,"WPR",54950,"10/16"
31-03-2025,"WPR",54965,"2/15"
31-03-2025,"WPR",54972,"1/21"
31-03-2025,"WPR",54977,"9/15,12/15"
31-03-2025,"WPR",54985,"11/21"
31-03-2025,"WPR",54996,"1/21"
31-03-2025,"WPR",54998,"10/16,5/20"
31-03-2025,"WPR",55007,"5/20"
31-03-2025,"WPR",55009,"4/18"
31-03-2025,"WPR",55018,"1/21"
31-03-2025,"WPR",55030,"4/16"
31-03-2025,"WPR",55032,"3/21"
31-03-2025,"WPR",55036,"8/21"
31-03-2025,"WPR",55039,"6/15"
31-03-2025,"WPR",55050,"8/14"
31-03-2025,"WPR",55054,"1/21,2/21,3/21,4/19,5/19,6/19,7/19,4/21,5/21,6/21,7/21,8/21,9/21,10/21,11/21,12/21,1/22,2/22,3/22,4/22,5/22,6/22,7/22,8/22,9/22,10/22,11/22,12/22,1/23,2/23,3/23,4/23,5/23,6/23,7/23,8/23,9/23,10/23,11/23,12/23,1/24,2/24,3/24,8/18,9/18,10/18,11/18,12/18,1/19,2/19,3/19"
31-03-2025,"WPR",55057,"9/15"
31-03-2025,"WPR",55059,"10/21"
31-03-2025,"WPR",55067,"7/15"
31-03-2025,"WPR",55073,"4/18,5/18,6/18,7/18,8/18,9/18,10/18,11/18,12/18,1/19,2/19,3/19,4/19,5/19,6/19,7/19,8/19,9/19,10/19,11/19,12/19,1/20,2/20,3/20,4/20,5/20,6/20,7/20,8/20,9/20,10/20,11/20,12/20,1/21,2/21,3/21,4/21"
31-03-2025,"WPR",55082,"10/14"
31-03-2025,"WPR",55091,"3/22"
31-03-2025,"WPR",55092,"2/16,3/16"
31-03-2025,"WPR",55096,"3/19"
31-03-2025,"WPR",55103,"1/21"
31-03-2025,"WPR",55132,"11/20"
31-03-2025,"WPR",55151,"9/17"
31-03-2025,"WPR",55207,"1/15"
31-03-2025,"WPR",55223,"1/15"
31-03-2025,"WPR",55253,"2/21"
31-03-2025,"WPR",55261,"2/15"
31-03-2025,"WPR",55273,"8/21,11/21,12/21"
31-03-2025,"WPR",55276,"2/17"
31-03-2025,"WPR",55281,"8/16"
31-03-2025,"WPR",55284,"11/18,12/18,1/19"
31-03-2025,"WPR",55294,"11/14"
31-03-2025,"WPR",55304,"2/17"
31-03-2025,"WPR",55305,"1/19,2/19,3/19,12/14,4/15,4/16,5/16,6/16,7/16,8/16,9/16,10/16,11/16"
31-03-2025,"WPR",55313,"1/19,2/19,3/19,5/17,6/17,7/17,8/17"
31-03-2025,"WPR",55319,"1/21"
31-03-2025,"WPR",55333,"5/17"
31-03-2025,"WPR",55334,"1/17,2/17"
31-03-2025,"WPR",55351,"4/19"
31-03-2025,"WPR",55369,"2/17"
31-03-2025,"WPR",55376,"11/23,12/23,1/24"
31-03-2025,"WPR",55386,"2/17"
31-03-2025,"WPR",55396,"12/16,1/17,5/14"
31-03-2025,"WPR",55404,"11/20,7/22"
31-03-2025,"WPR",55406,"1/18"
31-03-2025,"WPR",55417,"2/17"
31-03-2025,"WPR",55419,"4/22,5/22"
31-03-2025,"WPR",55432,"11/15"
31-03-2025,"WPR",55435,"1/16,2/15"
31-03-2025,"WPR",55437,"8/18"
31-03-2025,"WPR",55441,"7/17,10/17"
31-03-2025,"WPR",55481,"2/17"
31-03-2025,"WPR",55482,"10/16,11/23"
31-03-2025,"WPR",55506,"7/21"
31-03-2025,"WPR",55508,"8/21"
31-03-2025,"WPR",55513,"11/16,12/19,2/20,3/20,2/21,4/15,8/15,9/15,6/18,8/21,9/14,10/14,11/14,3/15"
31-03-2025,"WPR",55520,"4/14,5/14,6/14,7/14,8/14,9/14,10/14,11/14,12/14,1/15,2/15,3/15,4/15,5/15,6/15,7/15,8/15,9/15,10/15,11/15,12/15,1/16,2/16,3/16,4/16,5/16,6/16,7/16,8/16,9/16,10/16,11/16,12/16,1/17,4/18"
31-03-2025,"WPR",55538,"10/21,11/21,12/21,1/22,2/22,12/18,1/19,2/19,3/19,12/22,1/23,2/23,3/23,4/19,5/19,4/23,7/20,8/20,9/20,12/20,1/21,2/21,3/21"
31-03-2025,"WPR",55574,"10/16"
31-03-2025,"WPR",44888,"11/09"
31-03-2025,"WPR",44895,"8/09,11/09"
31-03-2025,"WPR",44897,"11/09"
31-03-2025,"WPR",44905,"5/08"
31-03-2025,"WPR",44906,"10/17,11/17,12/17,1/18,4/18"
31-03-2025,"WPR",44914,"1/15"
31-03-2025,"WPR",44918,"1/17"
31-03-2025,"WPR",44920,"7/09,10/09,1/10"
31-03-2025,"WPR",44923,"1/15,5/13"
31-03-2025,"WPR",44926,"2/17"
31-03-2025,"WPR",44931,"10/15"
31-03-2025,"WPR",44932,"4/15,5/15,6/15,9/15,10/15,11/15,6/14,3/15,6/19,9/19,10/19,9/13,10/13,11/13,12/13,9/17"
31-03-2025,"WPR",44945,"7/15"
31-03-2025,"WPR",44946,"5/20"
31-03-2025,"WPR",44951,"6/07"
31-03-2025,"WPR",44953,"12/09,8/08"
31-03-2025,"WPR",44954,"7/21"
31-03-2025,"WPR",44957,"5/20"
31-03-2025,"WPR",44958,"1/17"
31-03-2025,"WPR",44980,"7/21"
31-03-2025,"WPR",44983,"10/09"
31-03-2025,"WPR",44984,"1/15,12/09"
31-03-2025,"WPR",44989,"11/14,4/10,4/12,8/17,9/17,12/17"
31-03-2025,"WPR",44993,"10/16,11/16,12/16,1/17,2/17"
31-03-2025,"WPR",44999,"1/10"
31-03-2025,"WPR",45001,"1/10"
31-03-2025,"WPR",45008,"6/07,7/07"
31-03-2025,"WPR",45012,"11/09"
31-03-2025,"WPR",45021,"5/18,6/18"
31-03-2025,"WPR",45035,"12/09,8/08"
31-03-2025,"WPR",45043,"6/13"
31-03-2025,"WPR",45050,"10/16"
31-03-2025,"WPR",45053,"3/18"
31-03-2025,"WPR",45056,"3/24"
31-03-2025,"WPR",45057,"1/15"
31-03-2025,"WPR",45069,"11/09"
31-03-2025,"WPR",45072,"2/20"
31-03-2025,"WPR",45073,"8/09,10/09,12/09"
31-03-2025,"WPR",45074,"2/17"
31-03-2025,"WPR",45077,"12/09"
31-03-2025,"WPR",45079,"5/13"
31-03-2025,"WPR",45080,"1/10"
31-03-2025,"WPR",45081,"11/09,12/16,4/08"
31-03-2025,"WPR",45083,"1/10,5/13,8/15,12/15"
31-03-2025,"WPR",45084,"4/08"
31-03-2025,"WPR",45086,"4/08"
31-03-2025,"WPR",45089,"3/16,4/08"
31-03-2025,"WPR",45092,"8/21"
31-03-2025,"WPR",45094,"1/10"
31-03-2025,"WPR",45096,"11/15"
31-03-2025,"WPR",45097,"11/09"
31-03-2025,"WPR",45099,"11/09,12/09,1/10,2/10"
31-03-2025,"WPR",45104,"1/10"
31-03-2025,"WPR",45108,"4/09,5/09"
31-03-2025,"WPR",45114,"1/10,4/23,5/23"
31-03-2025,"WPR",45116,"12/15"
31-03-2025,"WPR",45126,"11/09"
31-03-2025,"WPR",45127,"10/16,7/17"
31-03-2025,"WPR",45133,"10/09,12/09,3/15"
31-03-2025,"WPR",45136,"9/12"
31-03-2025,"WPR",45140,"10/16"
31-03-2025,"WPR",45146,"2/15"
31-03-2025,"WPR",45150,"4/08,5/08,6/08,7/08,8/08,9/08,10/08,11/08,12/08,1/09,2/09,5/07,6/07,7/07,8/07,9/07,10/07,11/07,12/07"
31-03-2025,"WPR",45153,"7/15,12/15"
31-03-2025,"WPR",45157,"12/16,1/17,2/17,3/17,12/22,1/23,2/22,3/22,4/17,11/17,3/18,4/18,12/18,1/19,2/19,3/19,8/23,9/23,10/23,11/23,12/23,1/24,2/24,3/24"
31-03-2025,"WPR",45169,"7/21"
31-03-2025,"WPR",45170,"4/18"
31-03-2025,"WPR",45171,"1/24,2/24,3/24"
31-03-2025,"WPR",45177,"12/09"
31-03-2025,"WPR",45179,"2/12,3/12,4/12"
31-03-2025,"WPR",45183,"3/12,3/23"
31-03-2025,"WPR",45190,"7/15"
31-03-2025,"WPR",45191,"6/08"
31-03-2025,"WPR",45198,"1/10,9/08"
31-03-2025,"WPR",45199,"12/10"
31-03-2025,"WPR",45202,"4/08"
31-03-2025,"WPR",45203,"11/09"
31-03-2025,"WPR",45205,"10/09"
31-03-2025,"WPR",45211,"11/09"
31-03-2025,"WPR",45216,"3/13"
31-03-2025,"WPR",45217,"11/20,11/21,12/09,8/13"
31-03-2025,"WPR",45218,"7/10,9/15"
31-03-2025,"WPR",45219,"4/14,5/14,6/14,7/14,6/13,7/13,8/13,9/13,10/13,11/13,12/13,1/14,2/14,3/14"
31-03-2025,"WPR",45224,"11/09"
31-03-2025,"WPR",45227,"11/09"
31-03-2025,"WPR",45232,"1/19"
31-03-2025,"WPR",45233,"7/21"
31-03-2025,"WPR",45234,"11/09"
31-03-2025,"WPR",45236,"10/13,12/08"
31-03-2025,"WPR",45237,"12/09"
31-03-2025,"WPR",45252,"10/16,7/17"
31-03-2025,"WPR",45255,"7/21"
31-03-2025,"WPR",45259,"11/09"
31-03-2025,"WPR",45261,"10/09,1/10"
31-03-2025,"WPR",45262,"11/09"
31-03-2025,"WPR",45265,"10/09,11/09"
31-03-2025,"WPR",45266,"6/20"
31-03-2025,"WPR",45269,"11/20,11/21"
31-03-2025,"WPR",45275,"1/15,4/10,5/10"
31-03-2025,"WPR",45281,"8/09,10/09,12/09"
31-03-2025,"WPR",45286,"1/15,8/10"
31-03-2025,"WPR",45289,"1/15"
31-03-2025,"WPR",45292,"1/15"
31-03-2025,"WPR",45299,"11/21,12/21,1/22"
31-03-2025,"WPR",45301,"11/09"
31-03-2025,"WPR",45303,"1/15,11/15,2/17"
31-03-2025,"WPR",45304,"10/16"
31-03-2025,"WPR",45306,"12/10"
31-03-2025,"WPR",45313,"4/08"
31-03-2025,"WPR",45316,"6/08"
31-03-2025,"WPR",45318,"11/20,12/20,1/21"
31-03-2025,"WPR",45322,"10/16,8/18,8/19"
31-03-2025,"WPR",45323,"12/16"
31-03-2025,"WPR",45330,"12/09,8/08"
31-03-2025,"WPR",45332,"11/09"
31-03-2025,"WPR",45337,"3/21"
31-03-2025,"WPR",45339,"11/14,3/17,4/08,5/10,8/15,9/07"
31-03-2025,"WPR",45340,"1/16,2/16,4/12,5/13,7/16"
31-03-2025,"WPR",45341,"5/13,8/15,12/15"
31-03-2025,"WPR",45342,"3/17,4/08"
31-03-2025,"WPR",45343,"1/17,2/17"
31-03-2025,"WPR",45344,"7/21"
31-03-2025,"WPR",45351,"3/21,5/13,7/21,8/15,12/15"
31-03-2025,"WPR",45356,"8/09,10/09,12/09"
31-03-2025,"WPR",45357,"11/09"
31-03-2025,"WPR",45377,"3/10"
31-03-2025,"WPR",45379,"2/21,8/21"
31-03-2025,"WPR",45380,"6/08"
31-03-2025,"WPR",45386,"11/09,1/10,2/09"
31-03-2025,"WPR",45389,"11/09"
31-03-2025,"WPR",45392,"11/09"
31-03-2025,"WPR",45394,"8/19"
31-03-2025,"WPR",45397,"11/09,11/11"
31-03-2025,"WPR",45399,"11/09"
31-03-2025,"WPR",45403,"11/09"
31-03-2025,"WPR",45404,"11/09"
31-03-2025,"WPR",45405,"11/09"
31-03-2025,"WPR",45407,"11/09"
31-03-2025,"WPR",45413,"5/07,6/07,7/07,8/07,9/07,10/07,11/07,12/07"
31-03-2025,"WPR",45415,"5/08,6/08,7/08,9/08"
31-03-2025,"WPR",45417,"12/09,5/12,6/12,9/12,12/12,6/11,8/11,9/11,8/08"
31-03-2025,"WPR",45418,"8/16"
31-03-2025,"WPR",45419,"1/15,2/15,3/15,2/12,3/12,4/07,5/07,6/07,7/07,10/07,11/07,12/07,4/10,5/10,6/10,7/10,8/10,9/10,10/10,1/11,2/11,3/11,4/12,5/12,11/12,12/12,1/13,2/13,3/13,4/13,5/13,6/13,7/13,4/17,5/17,6/17,7/17,8/17,9/17,2/18,3/18,4/18,5/18,6/18,7/18,8/18,9/18,10/18,11/18,12/18,1/19,2/19,3/19,4/19,2/20,3/20,4/20,5/20,6/20,7/20,8/20,9/20,10/20,11/20,12/20,4/23,5/23,6/23,7/23,5/15,11/15,5/22,6/22,7/22,8/22,9/22,10/22,11/22,12/22,1/23,2/23,3/23,7/09,8/09,9/09,10/09,12/09,1/10,2/10,3/10,8/08,9/08,9/16,10/16,11/16,12/16,1/17,2/17,3/17"
31-03-2025,"WPR",45423,"9/14"
31-03-2025,"WPR",45433,"1/10"
31-03-2025,"WPR",45441,"11/09"
31-03-2025,"WPR",45442,"11/09"
31-03-2025,"WPR",45443,"10/09"
31-03-2025,"WPR",45444,"6/21"
31-03-2025,"WPR",45445,"11/19"
31-03-2025,"WPR",45447,"11/09,1/10,9/08"
31-03-2025,"WPR",45450,"8/08"
31-03-2025,"WPR",45451,"3/10,5/13"
31-03-2025,"WPR",45458,"1/15,12/09"
31-03-2025,"WPR",45465,"1/15"
31-03-2025,"WPR",45467,"1/15"
31-03-2025,"WPR",45469,"7/15,12/15,8/09"
31-03-2025,"WPR",45472,"1/17"
31-03-2025,"WPR",45474,"9/11"
31-03-2025,"WPR",45476,"11/09,12/07"
31-03-2025,"WPR",45477,"9/14"
31-03-2025,"WPR",45478,"11/09"
31-03-2025,"WPR",45486,"1/15"
31-03-2025,"WPR",45487,"4/09,7/15,12/15,9/16"
31-03-2025,"WPR",45488,"7/17"
31-03-2025,"WPR",45489,"1/15,12/09"
31-03-2025,"WPR",45492,"11/09"
31-03-2025,"WPR",45493,"11/09"
31-03-2025,"WPR",45494,"11/09"
31-03-2025,"WPR",45495,"11/08"
31-03-2025,"WPR",45499,"11/09"
31-03-2025,"WPR",45501,"11/09"
31-03-2025,"WPR",45505,"1/11"
31-03-2025,"WPR",45508,"1/10,11/21"
31-03-2025,"WPR",45509,"1/15"
31-03-2025,"WPR",45510,"1/15"
31-03-2025,"WPR",45512,"11/09"
31-03-2025,"WPR",45515,"1/15,12/09"
31-03-2025,"WPR",45517,"10/07,4/09,12/09,5/15"
31-03-2025,"WPR",45520,"10/20,11/20,12/20,4/22,9/23,10/23,11/23,12/23,1/24,2/24"
31-03-2025,"WPR",46153,"12/11,3/13,9/15,10/15"
31-03-2025,"WPR",46156,"6/16"
31-03-2025,"WPR",46161,"11/09"
31-03-2025,"WPR",46162,"1/10"
31-03-2025,"WPR",46170,"5/13"
31-03-2025,"WPR",46178,"11/09"
31-03-2025,"WPR",46180,"12/08,6/15"
31-03-2025,"WPR",46185,"11/09"
31-03-2025,"WPR",46190,"11/09"
31-03-2025,"WPR",46191,"11/14,12/09,2/10,6/15"
31-03-2025,"WPR",46199,"6/07"
31-03-2025,"WPR",46213,"11/13,6/15"
31-03-2025,"WPR",46216,"10/09,12/09"
31-03-2025,"WPR",45521,"12/14"
31-03-2025,"WPR",45526,"10/21,12/20"
31-03-2025,"WPR",45536,"6/08"
31-03-2025,"WPR",45546,"11/09"
31-03-2025,"WPR",45548,"3/12,4/12,5/12,6/12,7/12,8/12,5/15"
31-03-2025,"WPR",45551,"12/09"
31-03-2025,"WPR",45552,"6/16,7/16,8/16,9/16,10/16,11/16,12/16,1/17,2/17"
31-03-2025,"WPR",45556,"9/16"
31-03-2025,"WPR",45558,"11/09"
31-03-2025,"WPR",45570,"3/20,4/20,5/20,6/20"
31-03-2025,"WPR",45580,"12/09,8/08"
31-03-2025,"WPR",45581,"8/08"
31-03-2025,"WPR",45582,"11/15,8/08"
31-03-2025,"WPR",45584,"11/16,12/16"
31-03-2025,"WPR",45586,"8/08"
31-03-2025,"WPR",45592,"4/15,5/15"
31-03-2025,"WPR",45593,"4/15,5/15,8/19"
31-03-2025,"WPR",45594,"4/15,5/15"
31-03-2025,"WPR",45595,"8/21"
31-03-2025,"WPR",45596,"12/09"
31-03-2025,"WPR",45605,"12/09,8/08"
31-03-2025,"WPR",45615,"11/09"
31-03-2025,"WPR",45617,"3/13"
31-03-2025,"WPR",45619,"11/09"
31-03-2025,"WPR",45621,"11/09,12/11,1/12,2/12,3/12,12/13,4/12,4/17,5/17"
31-03-2025,"WPR",45626,"1/19,2/19,3/19"
31-03-2025,"WPR",45633,"11/09,11/14"
31-03-2025,"WPR",45638,"11/09"
31-03-2025,"WPR",45641,"5/13"
31-03-2025,"WPR",45658,"2/24,3/24,4/09,5/09"
31-03-2025,"WPR",45661,"12/09"
31-03-2025,"WPR",45668,"10/09"
31-03-2025,"WPR",45671,"10/09"
31-03-2025,"WPR",45674,"11/09"
31-03-2025,"WPR",45680,"10/09"
31-03-2025,"WPR",45684,"11/09,4/18,6/18"
31-03-2025,"WPR",45686,"2/20,4/07,5/07,6/07,7/07,8/07"
31-03-2025,"WPR",45690,"1/24,2/24,3/24,2/10,5/15,6/15,6/21"
31-03-2025,"WPR",45691,"4/07"
31-03-2025,"WPR",45699,"4/07"
31-03-2025,"WPR",45701,"3/12"
31-03-2025,"WPR",45702,"5/16"
31-03-2025,"WPR",45713,"3/21"
31-03-2025,"WPR",45715,"6/17,9/21"
31-03-2025,"WPR",45721,"1/15"
31-03-2025,"WPR",45733,"2/17"
31-03-2025,"WPR",45739,"9/19,10/19"
31-03-2025,"WPR",45746,"8/09"
31-03-2025,"WPR",45758,"1/14,2/14,9/17"
31-03-2025,"WPR",45760,"1/23,2/23,3/23,10/11,11/11,4/23,5/23,3/24"
31-03-2025,"WPR",45763,"11/09"
31-03-2025,"WPR",45766,"12/07"
31-03-2025,"WPR",45770,"3/17,4/08,4/19"
31-03-2025,"WPR",45772,"7/21"
31-03-2025,"WPR",45773,"4/07"
31-03-2025,"WPR",45781,"4/18,5/18"
31-03-2025,"WPR",45783,"10/23,11/23,12/23,1/24,2/24,3/24"
31-03-2025,"WPR",45790,"11/20"
31-03-2025,"WPR",45792,"7/21"
31-03-2025,"WPR",45804,"2/17"
31-03-2025,"WPR",45806,"12/09"
31-03-2025,"WPR",45811,"10/16,3/19,6/15,7/15,12/15"
31-03-2025,"WPR",45814,"8/08"
31-03-2025,"WPR",45822,"9/22,10/22,11/22"
31-03-2025,"WPR",45823,"2/14"
31-03-2025,"WPR",45824,"11/09"
31-03-2025,"WPR",45830,"10/15"
31-03-2025,"WPR",45835,"4/13"
31-03-2025,"WPR",45844,"8/13,9/13"
31-03-2025,"WPR",45859,"1/23,2/23,3/23,11/11,12/11,3/12,4/07,4/21,5/21,7/21,8/21,9/21,10/21,12/21,4/23,5/23,6/23,7/23,8/23,9/23,5/18,7/12,8/20,9/20,10/20,11/20,12/20,2/21,3/21"
31-03-2025,"WPR",45860,"8/09,10/09,12/09"
31-03-2025,"WPR",45863,"3/13"
31-03-2025,"WPR",45864,"11/23,12/20,1/21,4/14,5/14,6/14,7/14,8/14,9/14,10/14,1/15,4/21,5/21,6/21,7/21,8/21,9/21,6/17,7/17,8/17,9/17,8/12,9/12,8/15,9/15,10/15,11/15,12/15,9/13,10/13,11/13,12/13,1/14,2/14,3/14"
31-03-2025,"WPR",45866,"10/15"
31-03-2025,"WPR",45867,"11/08,12/08,1/09,2/09,3/09,4/09"
31-03-2025,"WPR",45869,"12/09"
31-03-2025,"WPR",45874,"11/09"
31-03-2025,"WPR",45877,"10/09,12/09"
31-03-2025,"WPR",45880,"11/09"
31-03-2025,"WPR",45882,"11/09,9/15"
31-03-2025,"WPR",45887,"6/08,7/08,8/08,9/08,3/09"
31-03-2025,"WPR",45889,"12/09"
31-03-2025,"WPR",45894,"1/15"
31-03-2025,"WPR",45902,"8/09"
31-03-2025,"WPR",45903,"12/09,4/07,5/07,6/07,7/07,8/07,9/07,10/07,11/07,12/07,1/08,2/08,3/08,4/08,5/08"
31-03-2025,"WPR",45906,"10/16,7/15,12/15,7/17"
31-03-2025,"WPR",45911,"11/20"
31-03-2025,"WPR",45912,"12/09"
31-03-2025,"WPR",45923,"4/18"
31-03-2025,"WPR",45932,"8/08"
31-03-2025,"WPR",45933,"11/09"
31-03-2025,"WPR",45941,"11/09"
31-03-2025,"WPR",45944,"12/09"
31-03-2025,"WPR",45945,"6/11"
31-03-2025,"WPR",45948,"11/09"
31-03-2025,"WPR",45953,"12/18,8/19"
31-03-2025,"WPR",45956,"11/09"
31-03-2025,"WPR",45964,"11/09"
31-03-2025,"WPR",45967,"11/09,9/16"
31-03-2025,"WPR",45968,"10/18"
31-03-2025,"WPR",45976,"1/10"
31-03-2025,"WPR",45984,"4/13"
31-03-2025,"WPR",45986,"2/18,3/10"
31-03-2025,"WPR",45988,"11/09"
31-03-2025,"WPR",45992,"12/21,2/14"
31-03-2025,"WPR",46001,"12/12,1/13,2/13,3/13,4/13,5/13,6/13,7/13,8/13,9/13,10/13,11/13,12/13,1/14,2/14,3/14,4/14,5/14,6/14,7/14,8/14,9/14,10/14,1/15"
31-03-2025,"WPR",46008,"11/07,12/07,3/11,4/09,5/09,6/09,7/09,8/09,9/09,10/09,4/11,4/15,4/23,5/23,6/23,7/23,8/23,9/23,10/23,11/23,12/23,1/24,2/24,3/24,6/08,7/08,8/08,9/08,10/08,11/08,12/08,1/09,2/09,3/09,6/12,7/12,8/12,9/12,10/12,11/12"
31-03-2025,"WPR",46013,"11/09"
31-03-2025,"WPR",46014,"8/09"
31-03-2025,"WPR",46019,"12/09"
31-03-2025,"WPR",46021,"2/24,3/24"
31-03-2025,"WPR",46024,"4/20"
31-03-2025,"WPR",46028,"1/17,4/07,5/07,6/07,7/07,8/07,9/07,10/07,11/07,12/07,1/08,2/08,3/08,4/08,5/08,6/08,7/08,8/08,9/08,10/08,11/08,12/08,1/09,2/09,3/09,4/09,5/09,6/09,7/09,8/09,9/09,4/20,5/20"
31-03-2025,"WPR",46030,"5/11,8/11,9/11,2/12"
31-03-2025,"WPR",46037,"4/21"
31-03-2025,"WPR",46048,"3/18,8/09"
31-03-2025,"WPR",46053,"12/13,1/14"
31-03-2025,"WPR",46055,"11/15,12/10,4/18,6/21,7/20,8/09,10/09,12/09"
31-03-2025,"WPR",46056,"11/09"
31-03-2025,"WPR",46060,"2/15"
31-03-2025,"WPR",46062,"7/21"
31-03-2025,"WPR",46063,"1/18,4/08,5/08"
31-03-2025,"WPR",46067,"10/21"
31-03-2025,"WPR",46074,"6/22,8/08"
31-03-2025,"WPR",46080,"5/13"
31-03-2025,"WPR",46092,"10/09,1/10,2/10,4/10,5/10,6/07,8/07,8/12,8/18,9/18,10/18,11/18,9/08"
31-03-2025,"WPR",46097,"11/09"
31-03-2025,"WPR",46098,"8/14"
31-03-2025,"WPR",46102,"3/21,8/09,10/09,12/09"
31-03-2025,"WPR",46104,"11/09"
31-03-2025,"WPR",46108,"4/18"
31-03-2025,"WPR",46109,"8/09,10/09,12/09"
31-03-2025,"WPR",46111,"10/09,12/09"
31-03-2025,"WPR",46112,"12/09,8/08"
31-03-2025,"WPR",46113,"6/20"
31-03-2025,"WPR",46114,"7/20"
31-03-2025,"WPR",46115,"12/09,12/22,1/23,2/23,3/23,4/19,5/19,2/20,3/20,4/20,5/20,4/23,5/23,6/23,7/23,8/23,9/23,10/23,11/23,12/23,1/24,2/24,3/24"
31-03-2025,"WPR",46117,"6/09"
31-03-2025,"WPR",46118,"6/09"
31-03-2025,"WPR",46120,"1/24,2/24,3/24"
31-03-2025,"WPR",46121,"8/09,11/09"
31-03-2025,"WPR",46123,"4/08,5/08,6/08,7/08,8/08,9/08,10/08,11/08,12/08,1/09,2/09,3/09,4/09,5/09,6/09,7/09,8/09,9/09,10/09,11/09,12/09,1/10,2/10,3/10,4/10,5/10,6/10,7/10,8/10,9/10,10/10,11/10,12/10,1/11,2/11,3/11,4/11,5/11,6/11,7/11,8/11,9/11,10/11,11/11,12/11,1/12,2/12,3/12,4/12,5/12,6/12,7/12,8/12,9/12,10/12,11/12,12/12,1/13,2/13,3/13,4/13,5/13,6/13,7/13,8/13,9/13,10/13,11/13,12/13,1/14,2/14,3/14,4/14,5/14,6/14,7/14,8/14,9/14,10/14,11/14,12/14,1/15,2/15,3/15,4/15,5/15,6/15,7/15,8/15,9/15,10/15,11/15,12/15,1/16,2/16,3/16,4/16,5/16,6/16,7/16,8/16,9/16,10/16,11/16,12/16,1/17,2/17,3/17,4/17,5/17,6/17,7/17,8/17,9/17,10/17,11/17,12/17,6/07,7/07,8/07,9/07,10/07,11/07,12/07"
31-03-2025,"WPR",46125,"11/09"
31-03-2025,"WPR",46126,"11/09,4/07"
31-03-2025,"WPR",46129,"11/09,7/22,8/22,9/22,10/22,11/22"
31-03-2025,"WPR",46130,"2/19"
31-03-2025,"WPR",46132,"12/08,1/09,6/17,7/17"
31-03-2025,"WPR",46133,"10/23"
31-03-2025,"WPR",46134,"1/15,12/08,1/09"
31-03-2025,"WPR",46135,"4/11,9/16"
31-03-2025,"WPR",46136,"8/07"
31-03-2025,"WPR",46139,"11/08,12/08,5/20"
31-03-2025,"WPR",46140,"3/21"
31-03-2025,"WPR",46142,"11/20,11/21,6/09,11/09"
31-03-2025,"WPR",46144,"6/09"
31-03-2025,"WPR",46145,"12/11"
31-03-2025,"WPR",46148,"1/17,11/09"
31-03-2025,"WPR",46151,"11/09"
31-03-2025,"WPR",46152,"7/12"
31-03-2025,"WPR",46808,"1/23,2/23,10/09"
31-03-2025,"WPR",46811,"4/11,8/08"
31-03-2025,"WPR",46814,"12/08"
31-03-2025,"WPR",46816,"12/08"
31-03-2025,"WPR",46218,"3/24"
31-03-2025,"WPR",46221,"11/09,2/15"
31-03-2025,"WPR",46222,"11/17,12/17,1/18,2/15,3/15,2/16,3/16,4/16,5/16,6/16,11/16,12/16,4/21,12/21,1/22,2/22,3/22,4/22,5/22,6/22,7/22,8/22,9/22,10/22,11/22,12/22,1/23,2/23,3/23,4/23,5/23,6/23,7/23,8/23,9/23,10/23,11/23,12/23,1/24,2/24,3/24"
31-03-2025,"WPR",46223,"12/07"
31-03-2025,"WPR",46227,"8/21"
31-03-2025,"WPR",46230,"8/09,10/09,12/09,8/11"
31-03-2025,"WPR",46233,"10/11"
31-03-2025,"WPR",46234,"1/09,11/20,12/20,1/21,2/21,5/19"
31-03-2025,"WPR",46239,"12/07"
31-03-2025,"WPR",46240,"1/15"
31-03-2025,"WPR",46241,"6/07"
31-03-2025,"WPR",46247,"8/09,10/09,12/09"
31-03-2025,"WPR",46249,"10/09,11/09,12/09"
31-03-2025,"WPR",46253,"10/21"
31-03-2025,"WPR",46254,"3/21"
31-03-2025,"WPR",46256,"12/07"
31-03-2025,"WPR",46259,"4/11"
31-03-2025,"WPR",46264,"2/17"
31-03-2025,"WPR",46265,"5/16"
31-03-2025,"WPR",46277,"11/09"
31-03-2025,"WPR",46288,"4/11,8/08"
31-03-2025,"WPR",46289,"10/10"
31-03-2025,"WPR",46291,"11/09,7/21"
31-03-2025,"WPR",46294,"12/07,2/16"
31-03-2025,"WPR",46295,"5/13"
31-03-2025,"WPR",46298,"10/12,11/12,12/12,2/13,10/15,11/15,12/15,1/16,11/09,12/22,1/23,2/23,3/23,4/14,5/14,4/18,9/18,10/18,11/18,12/18,4/20,5/20,6/20,7/20,8/20,9/20,10/20,11/20,12/20,4/21,4/23,5/23,6/23,7/23,8/23,9/23,10/23,5/07,6/07,7/07,8/07,9/07,10/07,11/07,12/07,5/19,6/19,7/19,8/19,9/19,10/19,11/19,12/19,1/20,2/20,3/20,6/13,11/13,12/13,1/14,2/14,3/14,8/08,9/08,8/17,9/17,10/17,11/17,3/18"
31-03-2025,"WPR",46316,"1/18"
31-03-2025,"WPR",46318,"11/09,6/22"
31-03-2025,"WPR",46324,"4/11"
31-03-2025,"WPR",46327,"1/16,9/20"
31-03-2025,"WPR",46333,"1/18,2/18,8/09,10/09,12/09"
31-03-2025,"WPR",46336,"1/14"
31-03-2025,"WPR",46340,"4/11"
31-03-2025,"WPR",46342,"5/11"
31-03-2025,"WPR",46346,"12/07"
31-03-2025,"WPR",46350,"9/12"
31-03-2025,"WPR",46358,"1/13,10/09,2/11,3/11,6/07,7/07,8/07,9/07,10/07,11/07,12/07,2/08,6/08,2/09,3/09"
31-03-2025,"WPR",46360,"4/09"
31-03-2025,"WPR",46365,"10/16,4/11"
31-03-2025,"WPR",46374,"11/09"
31-03-2025,"WPR",46385,"12/09,4/11,8/08"
31-03-2025,"WPR",46386,"11/09"
31-03-2025,"WPR",46387,"10/23,11/23,12/23,1/24,2/24,3/24"
31-03-2025,"WPR",46390,"2/19,8/23"
31-03-2025,"WPR",46391,"11/09"
31-03-2025,"WPR",46394,"11/09"
31-03-2025,"WPR",46395,"10/13,11/13,12/13,1/14,2/14,3/14,11/09,11/22,12/22,4/07,4/14,5/14,6/14,7/14,11/14,12/14,1/15,2/15,3/15,4/15,8/23"
31-03-2025,"WPR",46396,"5/23,3/24"
31-03-2025,"WPR",46412,"5/20,6/20"
31-03-2025,"WPR",46413,"11/09"
31-03-2025,"WPR",46417,"4/11"
31-03-2025,"WPR",46418,"11/22"
31-03-2025,"WPR",46419,"9/14"
31-03-2025,"WPR",46422,"3/21"
31-03-2025,"WPR",46423,"2/13"
31-03-2025,"WPR",46425,"10/18,3/23,8/08,9/08,8/09,10/09,12/09"
31-03-2025,"WPR",46427,"1/18,2/18,3/18,12/09,4/18"
31-03-2025,"WPR",46429,"4/08,6/15"
31-03-2025,"WPR",46431,"3/16,4/08,9/07"
31-03-2025,"WPR",46438,"4/15,5/15"
31-03-2025,"WPR",46439,"4/08"
31-03-2025,"WPR",46440,"11/21,8/14"
31-03-2025,"WPR",46441,"11/09"
31-03-2025,"WPR",46451,"12/22,1/23,2/23,3/23,3/17,4/23,5/23,6/23,7/23,8/23,9/23,10/23,11/23,12/23,1/24,2/24,3/24,5/17,6/17,7/17,8/17,9/17,10/17,11/17,12/17,1/18,5/18,6/18"
31-03-2025,"WPR",46453,"4/18"
31-03-2025,"WPR",46457,"4/20"
31-03-2025,"WPR",46466,"4/09,6/11"
31-03-2025,"WPR",46467,"11/09"
31-03-2025,"WPR",46468,"12/07"
31-03-2025,"WPR",46469,"1/10"
31-03-2025,"WPR",46472,"1/17"
31-03-2025,"WPR",46473,"11/09,4/18"
31-03-2025,"WPR",46483,"7/22"
31-03-2025,"WPR",46485,"1/15,12/09,12/12,4/11,8/08"
31-03-2025,"WPR",46486,"12/07"
31-03-2025,"WPR",46487,"12/07"
31-03-2025,"WPR",46491,"3/13"
31-03-2025,"WPR",46493,"8/09,9/09,1/10"
31-03-2025,"WPR",46498,"4/09,5/09"
31-03-2025,"WPR",46501,"4/09,5/09"
31-03-2025,"WPR",46504,"11/21"
31-03-2025,"WPR",46505,"10/09,11/09,4/16,8/15"
31-03-2025,"WPR",46508,"1/18,2/19,3/19,4/19,5/19,6/19,7/19,8/19,9/19"
31-03-2025,"WPR",46511,"12/07"
31-03-2025,"WPR",46517,"1/10"
31-03-2025,"WPR",46521,"11/09,9/08,9/15"
31-03-2025,"WPR",46522,"12/07"
31-03-2025,"WPR",46527,"3/21,4/11,8/08"
31-03-2025,"WPR",46530,"10/20,12/20,1/21,2/21,3/20,4/07,5/21,6/21,7/21,8/21,9/21,8/22,9/22,10/22,11/22,12/22"
31-03-2025,"WPR",46532,"10/16"
31-03-2025,"WPR",46534,"4/08"
31-03-2025,"WPR",46536,"11/09"
31-03-2025,"WPR",46551,"11/09,12/09"
31-03-2025,"WPR",46552,"11/09"
31-03-2025,"WPR",46553,"7/21"
31-03-2025,"WPR",46560,"9/13"
31-03-2025,"WPR",46563,"11/20,2/15,3/16"
31-03-2025,"WPR",46564,"12/09"
31-03-2025,"WPR",46565,"10/07,3/09"
31-03-2025,"WPR",46578,"11/09"
31-03-2025,"WPR",46581,"11/21,12/07,12/14"
31-03-2025,"WPR",46584,"11/16"
31-03-2025,"WPR",46588,"8/09,10/09,12/09,1/10"
31-03-2025,"WPR",46593,"12/07,2/10"
31-03-2025,"WPR",46597,"4/18"
31-03-2025,"WPR",46599,"12/07,8/10"
31-03-2025,"WPR",46608,"11/14,4/18,8/18,9/18,10/18,11/18,5/19,11/19,12/19,1/20,2/20,3/20,7/15,11/15,8/17,9/17,10/17,11/17,12/17,1/18,2/18,3/18"
31-03-2025,"WPR",46610,"1/15,8/18"
31-03-2025,"WPR",46614,"3/10"
31-03-2025,"WPR",46620,"1/15,8/18,9/18"
31-03-2025,"WPR",46623,"12/07"
31-03-2025,"WPR",46624,"1/11,2/11,3/11,1/15,11/07,11/19,12/19,1/20,4/08,5/08,7/08,8/08,11/08,12/08,3/09,4/11,5/11,8/11,9/11,10/11,11/11,12/11,1/12,2/12,3/12,4/12,5/12,6/12,7/12,8/12,9/12,10/12,11/12,12/12,1/13,2/13,3/13,4/13,5/13,6/13,7/13,8/13,12/13,1/14,2/14,3/14,4/15,5/15,6/15,7/15,8/15,9/15,10/15,11/15,12/15,1/16,5/17,6/17,7/17,8/17,9/17,10/17,11/17,12/17,1/18,2/18,6/09,7/09,8/09,9/09,6/18,7/18,8/18,9/18,2/19,6/20,7/20,8/20,9/20,10/20,11/20,12/20,8/16,9/16,10/16,11/16,12/16,1/17,2/17"
31-03-2025,"WPR",46625,"5/20"
31-03-2025,"WPR",46627,"8/08"
31-03-2025,"WPR",46629,"11/09,1/10"
31-03-2025,"WPR",46630,"1/10"
31-03-2025,"WPR",46631,"10/09,12/09"
31-03-2025,"WPR",46632,"10/09,11/09,6/08,7/08,8/08,9/08,10/08,11/08"
31-03-2025,"WPR",46636,"1/15"
31-03-2025,"WPR",46637,"1/10"
31-03-2025,"WPR",46641,"2/16,3/16,4/16,5/16"
31-03-2025,"WPR",46642,"4/11,8/08"
31-03-2025,"WPR",46654,"10/09,11/09"
31-03-2025,"WPR",46658,"5/13"
31-03-2025,"WPR",46661,"10/12,11/12,12/12,1/13,2/16,3/16,4/16"
31-03-2025,"WPR",46686,"3/13"
31-03-2025,"WPR",46687,"7/17"
31-03-2025,"WPR",46688,"11/09"
31-03-2025,"WPR",46689,"8/14,1/15"
31-03-2025,"WPR",46690,"9/16"
31-03-2025,"WPR",46691,"9/10"
31-03-2025,"WPR",46697,"1/15,11/09,4/07,4/10,9/08"
31-03-2025,"WPR",46701,"11/09,12/09,12/23,1/24,2/24,4/16,5/16,6/16,2/17,4/18,4/19,6/19,7/19,8/19,9/19,10/19,11/19,12/19,1/20,2/20,3/20,4/20,5/20,6/20,7/20,8/20,9/20,10/20,6/17,7/17,11/17,12/17,3/18,7/12,8/12,9/12,10/12"
31-03-2025,"WPR",46705,"8/08"
31-03-2025,"WPR",46706,"4/11"
31-03-2025,"WPR",46712,"4/18"
31-03-2025,"WPR",46713,"1/10"
31-03-2025,"WPR",46714,"1/10"
31-03-2025,"WPR",46716,"4/07,5/07,6/07,7/07"
31-03-2025,"WPR",46717,"7/10,8/10"
31-03-2025,"WPR",46719,"11/09"
31-03-2025,"WPR",46727,"10/09,12/09"
31-03-2025,"WPR",46736,"10/08,5/09,8/09"
31-03-2025,"WPR",46738,"4/18"
31-03-2025,"WPR",46739,"1/17,2/17,10/09"
31-03-2025,"WPR",46742,"8/09,10/09,12/09"
31-03-2025,"WPR",46751,"3/13"
31-03-2025,"WPR",46752,"3/13"
31-03-2025,"WPR",46764,"11/09"
31-03-2025,"WPR",46766,"12/20"
31-03-2025,"WPR",46774,"8/09,10/09,12/09"
31-03-2025,"WPR",46778,"8/09,10/09,12/09"
31-03-2025,"WPR",46782,"2/23,3/22,5/19"
31-03-2025,"WPR",46785,"11/21"
31-03-2025,"WPR",46791,"1/10,2/10"
31-03-2025,"WPR",46793,"2/14,8/08"
31-03-2025,"WPR",46794,"4/13,6/16"
31-03-2025,"WPR",46798,"4/11"
31-03-2025,"WPR",46801,"12/08"
31-03-2025,"WPR",46802,"10/09,12/09"
31-03-2025,"WPR",46804,"12/08,4/20,5/20"
31-03-2025,"WPR",46805,"12/08,6/15,6/18"
31-03-2025,"WPR",46806,"12/09"
31-03-2025,"WPR",46807,"12/08"
31-03-2025,"WPR",46817,"10/09"
31-03-2025,"WPR",46820,"12/08"
31-03-2025,"WPR",46822,"10/09,12/09"
31-03-2025,"WPR",46823,"12/08,4/11"
31-03-2025,"WPR",46827,"12/12"
31-03-2025,"WPR",46829,"11/09"
31-03-2025,"WPR",46834,"11/09"
31-03-2025,"WPR",46837,"1/24,2/24,3/24"
31-03-2025,"WPR",46838,"11/09"
31-03-2025,"WPR",46842,"3/24"
31-03-2025,"WPR",46843,"11/13"
31-03-2025,"WPR",46844,"3/22"
31-03-2025,"WPR",46850,"3/13"
31-03-2025,"WPR",46854,"8/14,9/14"
31-03-2025,"WPR",46861,"8/13"
31-03-2025,"WPR",46874,"10/09,9/17"
31-03-2025,"WPR",46875,"11/15"
31-03-2025,"WPR",46876,"1/19,10/15,12/09"
31-03-2025,"WPR",46882,"12/09,4/11,8/08"
31-03-2025,"WPR",46883,"8/09,11/09"
31-03-2025,"WPR",46886,"11/09"
31-03-2025,"WPR",46887,"11/09"
31-03-2025,"WPR",46893,"7/09"
31-03-2025,"WPR",46897,"1/17,12/12,8/15"
31-03-2025,"WPR",46905,"1/11"
31-03-2025,"WPR",46910,"11/09"
31-03-2025,"WPR",46912,"12/20"
31-03-2025,"WPR",46913,"10/16,7/17"
31-03-2025,"WPR",46915,"11/09"
31-03-2025,"WPR",46916,"7/23"
31-03-2025,"WPR",46924,"12/07"
31-03-2025,"WPR",46925,"12/07"
31-03-2025,"WPR",46926,"4/16,5/16,3/17"
31-03-2025,"WPR",46930,"12/09"
31-03-2025,"WPR",46931,"7/15,12/15"
31-03-2025,"WPR",46933,"4/08"
31-03-2025,"WPR",46935,"6/07,9/07,10/07,7/17"
31-03-2025,"WPR",46936,"1/10"
31-03-2025,"WPR",46939,"2/15"
31-03-2025,"WPR",46941,"8/09,10/09,12/09"
31-03-2025,"WPR",46947,"1/14"
31-03-2025,"WPR",46948,"2/23,3/23,4/23,5/23,6/23,7/23,8/23,9/23,10/23,11/23,12/23,1/24,2/24,3/24"
31-03-2025,"WPR",46956,"10/09,12/09,2/22"
31-03-2025,"WPR",46965,"4/08"
31-03-2025,"WPR",46968,"12/15"
31-03-2025,"WPR",46970,"5/13"
31-03-2025,"WPR",46980,"3/10"
31-03-2025,"WPR",46982,"9/15"
31-03-2025,"WPR",46983,"4/11,8/08"
31-03-2025,"WPR",46984,"10/16,7/15,12/15,7/17"
31-03-2025,"WPR",46985,"3/21"
31-03-2025,"WPR",46986,"4/17,5/17,6/17,7/17,8/17,9/17,10/17,11/17,12/17,1/18"
31-03-2025,"WPR",46989,"10/09"
31-03-2025,"WPR",46996,"11/09,12/09,8/15"
31-03-2025,"WPR",46998,"11/09,4/13,6/12"
31-03-2025,"WPR",46999,"11/09"
31-03-2025,"WPR",47011,"7/21"
31-03-2025,"WPR",47015,"9/13"
31-03-2025,"WPR",47016,"12/09"
31-03-2025,"WPR",47017,"1/15"
31-03-2025,"WPR",47022,"1/17,5/09"
31-03-2025,"WPR",47023,"12/09"
31-03-2025,"WPR",47028,"12/09"
31-03-2025,"WPR",47030,"11/09,12/09,1/10,2/10,8/15,9/15,10/15"
31-03-2025,"WPR",47032,"4/07,4/19,5/19"
31-03-2025,"WPR",47034,"12/20"
31-03-2025,"WPR",47039,"1/11"
31-03-2025,"WPR",47044,"1/11"
31-03-2025,"WPR",47046,"12/10"
31-03-2025,"WPR",47049,"11/14,12/14,1/15"
31-03-2025,"WPR",47053,"12/15,1/16"
31-03-2025,"WPR",47055,"10/09,8/12,9/12,10/12"
31-03-2025,"WPR",47057,"3/12"
31-03-2025,"WPR",47062,"1/10"
31-03-2025,"WPR",47065,"6/14"
31-03-2025,"WPR",47070,"5/13"
31-03-2025,"WPR",47072,"1/12"
31-03-2025,"WPR",47077,"12/09"
31-03-2025,"WPR",47079,"11/09,9/08"
31-03-2025,"WPR",47080,"12/09"
31-03-2025,"WPR",47083,"1/15"
31-03-2025,"WPR",47084,"7/19,8/19,9/19,11/19"
31-03-2025,"WPR",47086,"1/15,12/09"
31-03-2025,"WPR",47088,"10/10,11/10,2/11,10/17,11/17,12/17,1/18,2/18,7/12,8/12"
31-03-2025,"WPR",47095,"10/11,3/13"
31-03-2025,"WPR",47096,"1/15"
31-03-2025,"WPR",47099,"12/09"
31-03-2025,"WPR",47102,"4/08,5/08,9/07,11/07,12/07"
31-03-2025,"WPR",47107,"10/09"
31-03-2025,"WPR",47114,"11/09"
31-03-2025,"WPR",47115,"12/08"
31-03-2025,"WPR",47118,"7/12"
31-03-2025,"WPR",47121,"4/11"
31-03-2025,"WPR",47123,"5/13,6/13"
31-03-2025,"WPR",47129,"4/08"
31-03-2025,"WPR",47133,"6/22,7/22,8/22,9/22"
31-03-2025,"WPR",47140,"11/20"
31-03-2025,"WPR",47143,"2/14"
31-03-2025,"WPR",47144,"1/16"
31-03-2025,"WPR",47145,"3/18,7/12,8/12,9/18"
31-03-2025,"WPR",47146,"5/20"
31-03-2025,"WPR",47150,"12/09,3/20,3/21,4/11,8/08"
31-03-2025,"WPR",47154,"4/20,5/20"
31-03-2025,"WPR",47156,"11/09,11/21,12/21,1/22,2/22,3/22,12/20,1/21,2/21,3/21,3/18,4/13,5/13,4/18,4/22,5/22,6/22,7/22,8/22,5/12,6/12,7/12,8/12,9/12,10/12,11/12,12/12,1/13,2/13,3/13,8/08,9/08"
31-03-2025,"WPR",47157,"5/10,7/16,3/17"
31-03-2025,"WPR",47159,"2/19,3/19,3/18,4/15,4/19,5/19,6/19,7/19,8/19,9/19,4/21,5/21,6/21,7/21,8/21,9/21,10/21,11/21,12/21,1/22,2/22,3/22,4/22,5/22,6/22,7/22,8/22,9/22,10/22,11/22,12/22,1/23,2/23,3/23,4/23,5/14,6/14,7/14,8/14,9/14,10/14,11/14,12/14,1/15,2/15,3/15,7/20,8/20,9/20,10/20,11/20,12/20,1/21,2/21,3/21"
31-03-2025,"WPR",47162,"10/07"
31-03-2025,"WPR",47163,"2/15"
31-03-2025,"WPR",47164,"1/18,2/18,3/18,11/15,12/15,1/16,2/16,3/16,11/21,3/19,4/16,5/16,6/16,7/16,8/16,4/19,5/19,11/19,12/19,1/20,4/23,5/23,6/23,7/23,5/13,10/13,5/20,6/20,7/20,8/20,9/20,9/22,12/22,1/23,2/23,3/23"
31-03-2025,"WPR",47166,"9/10"
31-03-2025,"WPR",47169,"1/10,1/20"
31-03-2025,"WPR",47170,"11/09,1/10"
31-03-2025,"WPR",47172,"10/09"
31-03-2025,"WPR",47175,"11/20"
31-03-2025,"WPR",47177,"4/11"
31-03-2025,"WPR",47183,"1/10,1/11"
31-03-2025,"WPR",47185,"2/21,8/21"
31-03-2025,"WPR",47186,"10/16,7/17"
31-03-2025,"WPR",47187,"7/17"
31-03-2025,"WPR",47192,"1/10,1/16,2/16,12/19,1/20,5/13,7/16,8/18,9/18,11/18,12/18"
31-03-2025,"WPR",47201,"8/09,10/09,12/09"
31-03-2025,"WPR",47213,"5/20"
31-03-2025,"WPR",47216,"10/09"
31-03-2025,"WPR",47225,"1/21,2/21,10/18,11/18,12/18,12/19,1/20,2/20,2/18,2/24,4/21,12/21,1/22,6/22"
31-03-2025,"WPR",47229,"7/14,8/09,10/09,12/09"
31-03-2025,"WPR",47230,"12/10,2/15,3/15,6/08,7/08,8/08"
31-03-2025,"WPR",47231,"4/18,9/18"
31-03-2025,"WPR",47235,"11/09"
31-03-2025,"WPR",47237,"11/19,12/19,5/07"
31-03-2025,"WPR",47238,"7/07"
31-03-2025,"WPR",47240,"12/23,5/07"
31-03-2025,"WPR",47243,"10/14,4/16,5/16,6/16,7/16,8/16,1/17,2/17,3/17,5/17,6/17,7/17,8/17,9/17,10/17,5/19,6/19,12/19,1/20,6/12,6/18,7/18,6/23,7/23,9/23,12/23,1/24,2/24,3/24,8/13,9/13,10/13,11/13"
31-03-2025,"WPR",47251,"4/11"
31-03-2025,"WPR",47252,"4/11,6/16,7/16,8/08"
31-03-2025,"WPR",47255,"3/21,4/11"
31-03-2025,"WPR",47259,"1/20"
31-03-2025,"WPR",47265,"10/09,11/09"
31-03-2025,"WPR",47274,"11/17,3/24,9/13"
31-03-2025,"WPR",47288,"5/20"
31-03-2025,"WPR",47296,"2/22"
31-03-2025,"WPR",47316,"3/20,6/15,7/15,8/15"
31-03-2025,"WPR",47318,"4/18"
31-03-2025,"WPR",47320,"4/08"
31-03-2025,"WPR",47326,"11/09,4/07,5/07,6/07,7/07,8/07,9/07"
31-03-2025,"WPR",47334,"4/18,11/18,12/18,1/19,2/19,3/19"
31-03-2025,"WPR",47336,"12/09,4/11,8/08"
31-03-2025,"WPR",47344,"8/09"
31-03-2025,"WPR",47346,"4/08"
31-03-2025,"WPR",47349,"1/15"
31-03-2025,"WPR",47350,"9/08"
31-03-2025,"WPR",47352,"4/08"
31-03-2025,"WPR",47358,"9/13"
31-03-2025,"WPR",47361,"10/09,12/09"
31-03-2025,"WPR",47365,"10/09"
31-03-2025,"WPR",47369,"12/14"
31-03-2025,"WPR",47370,"8/09,10/09,12/09"
31-03-2025,"WPR",47371,"3/13,8/09,12/09"
31-03-2025,"WPR",47408,"1/14"
31-03-2025,"WPR",47413,"3/13"
31-03-2025,"WPR",47417,"6/07"
31-03-2025,"WPR",47418,"8/09,10/09,12/09"
31-03-2025,"WPR",47420,"10/20,11/20,12/20,1/21,2/21,3/21,12/18,1/19,3/16,4/22,5/22,3/23,8/19,9/19,10/19,11/19,12/19,1/20,2/20,3/20"
31-03-2025,"WPR",47431,"2/15,3/18"
31-03-2025,"WPR",47434,"1/11"
31-03-2025,"WPR",47438,"2/10"
31-03-2025,"WPR",47441,"8/09"
31-03-2025,"WPR",47443,"1/12"
31-03-2025,"WPR",47446,"8/09,10/09,12/09"
31-03-2025,"WPR",47449,"1/10"
31-03-2025,"WPR",47453,"10/09,12/09"
31-03-2025,"WPR",47455,"7/17"
31-03-2025,"WPR",47458,"10/09"
31-03-2025,"WPR",47460,"4/16,5/16,6/16,7/16,8/16,9/16,11/16"
31-03-2025,"WPR",47461,"12/09"
31-03-2025,"WPR",47470,"1/10"
31-03-2025,"WPR",47471,"8/11,9/11"
31-03-2025,"WPR",47473,"4/09"
31-03-2025,"WPR",47477,"7/07"
31-03-2025,"WPR",47478,"4/11,6/20"
31-03-2025,"WPR",47482,"5/10"
31-03-2025,"WPR",47485,"12/09"
31-03-2025,"WPR",47489,"8/09,10/09,12/09,9/10"
31-03-2025,"WPR",47490,"7/13"
31-03-2025,"WPR",47495,"11/21"
31-03-2025,"WPR",47496,"1/11,4/09,5/09,6/09,7/09,8/09,9/09,10/09,11/09"
31-03-2025,"WPR",47499,"12/08"
31-03-2025,"WPR",47501,"1/17,12/08"
31-03-2025,"WPR",47502,"12/08"
31-03-2025,"WPR",47503,"12/09"
31-03-2025,"WPR",47504,"1/17,9/14"
31-03-2025,"WPR",47507,"11/09"
31-03-2025,"WPR",47508,"9/08"
31-03-2025,"WPR",47511,"4/18"
31-03-2025,"WPR",47512,"12/08"
31-03-2025,"WPR",47513,"1/12,2/12,1/13,2/13,3/13,12/22,1/23,2/23,3/23,3/10,4/13,5/13,6/13,7/13,8/13,9/13,10/13,11/13,12/13,1/14,2/14,4/23,5/23,6/23,7/23,8/23,9/23,10/23,11/23,12/23,1/24,2/24,3/24"
31-03-2025,"WPR",47515,"12/08,4/09,8/09"
31-03-2025,"WPR",47516,"11/09"
31-03-2025,"WPR",47518,"4/22"
31-03-2025,"WPR",47520,"10/16,12/08,4/20,5/20,9/21"
31-03-2025,"WPR",47523,"12/08"
31-03-2025,"WPR",47524,"12/08"
31-03-2025,"WPR",47533,"5/09,8/14"
31-03-2025,"WPR",47534,"1/22,2/22"
31-03-2025,"WPR",47536,"10/15,3/10"
31-03-2025,"WPR",47537,"8/09,10/09"
31-03-2025,"WPR",47539,"11/21"
31-03-2025,"WPR",47541,"11/09"
31-03-2025,"WPR",47542,"11/09,7/07"
31-03-2025,"WPR",47545,"9/13"
31-03-2025,"WPR",47548,"11/09"
31-03-2025,"WPR",47549,"7/12"
31-03-2025,"WPR",47561,"11/09,1/10"
31-03-2025,"WPR",47564,"5/13"
31-03-2025,"WPR",47565,"11/15,12/07"
31-03-2025,"WPR",47568,"11/09"
31-03-2025,"WPR",47571,"11/09"
31-03-2025,"WPR",47572,"4/13,5/13"
31-03-2025,"WPR",47573,"1/15"
31-03-2025,"WPR",47579,"7/17"
31-03-2025,"WPR",47583,"12/08"
31-03-2025,"WPR",47587,"8/11,9/11"
31-03-2025,"WPR",47590,"4/09"
31-03-2025,"WPR",47595,"11/09"
31-03-2025,"WPR",47598,"12/08"
31-03-2025,"WPR",47599,"1/17"
31-03-2025,"WPR",47602,"12/08"
31-03-2025,"WPR",47603,"4/16"
31-03-2025,"WPR",47605,"9/07"
31-03-2025,"WPR",47610,"1/10"
31-03-2025,"WPR",47611,"3/24"
31-03-2025,"WPR",47614,"11/07"
31-03-2025,"WPR",47621,"3/21,4/11,8/08"
31-03-2025,"WPR",47622,"4/11"
31-03-2025,"WPR",47628,"4/09"
31-03-2025,"WPR",47634,"4/11"
31-03-2025,"WPR",47638,"3/21"
31-03-2025,"WPR",47643,"12/09,8/08"
31-03-2025,"WPR",47646,"4/11"
31-03-2025,"WPR",47657,"5/12,9/07"
31-03-2025,"WPR",47658,"6/11"
31-03-2025,"WPR",47665,"12/09,8/08"
31-03-2025,"WPR",47672,"11/09"
31-03-2025,"WPR",47674,"4/09"
31-03-2025,"WPR",47675,"4/09,4/18"
31-03-2025,"WPR",47676,"4/09"
31-03-2025,"WPR",47677,"2/12,3/12,4/09,4/12,5/12,6/12"
31-03-2025,"WPR",47678,"4/09"
31-03-2025,"WPR",47679,"4/09"
31-03-2025,"WPR",47680,"4/09"
31-03-2025,"WPR",47686,"3/12"
31-03-2025,"WPR",47688,"1/16,2/16"
31-03-2025,"WPR",47692,"9/13"
31-03-2025,"WPR",47701,"11/09"
31-03-2025,"WPR",47704,"12/07"
31-03-2025,"WPR",47705,"4/10,5/10"
31-03-2025,"WPR",47717,"12/16"
31-03-2025,"WPR",47719,"4/09"
31-03-2025,"WPR",47724,"12/09,8/08"
31-03-2025,"WPR",47726,"7/11"
31-03-2025,"WPR",47735,"1/10"
31-03-2025,"WPR",47737,"1/10,7/13"
31-03-2025,"WPR",47738,"9/18"
31-03-2025,"WPR",47748,"12/09,3/10,12/10,4/11,8/08"
31-03-2025,"WPR",47749,"7/22"
31-03-2025,"WPR",47750,"11/09"
31-03-2025,"WPR",47752,"10/09"
31-03-2025,"WPR",47758,"3/21,4/21,6/21"
31-03-2025,"WPR",47769,"2/14"
31-03-2025,"WPR",47771,"5/20"
31-03-2025,"WPR",47780,"1/09,2/09,8/09,10/09,12/09"
31-03-2025,"WPR",47781,"2/14,3/14,4/14,12/14,1/15,2/15,3/15,4/15,5/15,8/16"
31-03-2025,"WPR",47782,"9/09,10/09,12/09"
31-03-2025,"WPR",47788,"8/09,10/09,12/09"
31-03-2025,"WPR",47792,"5/07"
31-03-2025,"WPR",47793,"4/08,12/08,1/09,5/09,8/09,9/09,10/09,12/09,1/10,2/10,3/10,6/10,7/10,8/10,9/10,10/10,11/10,12/10,1/11,2/11,7/07,10/07,11/07,12/07"
31-03-2025,"WPR",47803,"2/21,3/21,4/19,5/19,6/19,7/19,4/21,6/13,7/15,8/15,9/15,8/16,9/16,9/17,10/17,11/17,12/17"
31-03-2025,"WPR",47804,"3/13"
31-03-2025,"WPR",47805,"8/09"
31-03-2025,"WPR",47809,"11/08,12/08,1/09,2/09"
31-03-2025,"WPR",47816,"8/09,10/09,12/09,8/10"
31-03-2025,"WPR",47829,"5/08,8/09,10/09,12/09"
31-03-2025,"WPR",47832,"8/09,10/09,12/09"
31-03-2025,"WPR",47833,"8/09,10/09,12/09"
31-03-2025,"WPR",47837,"5/10,8/09,10/09,12/09"
31-03-2025,"WPR",47841,"12/07"
31-03-2025,"WPR",47842,"3/13"
31-03-2025,"WPR",47847,"8/09"
31-03-2025,"WPR",47849,"12/07"
31-03-2025,"WPR",47853,"8/09,10/09,12/09,8/15"
31-03-2025,"WPR",47858,"10/16,8/09,10/09"
31-03-2025,"WPR",47859,"8/09"
31-03-2025,"WPR",47860,"1/24,2/24,3/24"
31-03-2025,"WPR",47864,"8/09,10/09,12/09"
31-03-2025,"WPR",47866,"11/09,1/10"
31-03-2025,"WPR",47873,"8/09,10/09,12/09"
31-03-2025,"WPR",47876,"8/09,10/09"
31-03-2025,"WPR",47878,"4/08,5/08"
31-03-2025,"WPR",47879,"4/09,5/09"
31-03-2025,"WPR",47889,"10/20"
31-03-2025,"WPR",47892,"9/07,9/08"
31-03-2025,"WPR",47897,"1/10,2/10"
31-03-2025,"WPR",47899,"4/20,5/20"
31-03-2025,"WPR",47906,"11/20"
31-03-2025,"WPR",47908,"12/09"
31-03-2025,"WPR",47909,"4/08"
31-03-2025,"WPR",47916,"11/09"
31-03-2025,"WPR",47918,"11/09"
31-03-2025,"WPR",47919,"11/09"
31-03-2025,"WPR",47920,"11/09"
31-03-2025,"WPR",47924,"11/09"
31-03-2025,"WPR",47931,"11/09"
31-03-2025,"WPR",47933,"11/09"
31-03-2025,"WPR",47934,"11/09"
31-03-2025,"WPR",47936,"11/09"
31-03-2025,"WPR",47937,"10/08"
31-03-2025,"WPR",47938,"1/15"
31-03-2025,"WPR",47946,"11/09"
31-03-2025,"WPR",47947,"9/09"
31-03-2025,"WPR",47948,"4/22,5/22,6/22,7/22,8/22,8/09,10/09,11/09,12/09"
31-03-2025,"WPR",47951,"11/09,12/17"
31-03-2025,"WPR",47953,"5/08"
31-03-2025,"WPR",47956,"1/10"
31-03-2025,"WPR",47958,"1/10"
31-03-2025,"WPR",47961,"10/09"
31-03-2025,"WPR",47962,"11/09"
31-03-2025,"WPR",47966,"11/09,12/11"
31-03-2025,"WPR",47967,"7/22,8/22,9/22"
31-03-2025,"WPR",47968,"1/10"
31-03-2025,"WPR",47971,"1/10"
31-03-2025,"WPR",47975,"11/09,4/08,5/08,6/08"
31-03-2025,"WPR",47976,"10/07,12/17,1/18,3/20,4/18,5/18,6/18,7/18,8/18,6/12,7/12,6/16,9/16,6/20,7/11,8/11,9/11,11/11,12/11,1/12"
31-03-2025,"WPR",47979,"3/13"
31-03-2025,"WPR",47981,"11/09,2/24"
31-03-2025,"WPR",47982,"5/13"
31-03-2025,"WPR",47984,"3/15,6/15"
31-03-2025,"WPR",47989,"10/09"
31-03-2025,"WPR",47992,"9/13"
31-03-2025,"WPR",47993,"4/09,10/09,12/09,1/10,2/10,3/10"
31-03-2025,"WPR",47999,"10/19"
31-03-2025,"WPR",48002,"9/11"
31-03-2025,"WPR",48004,"8/09,11/09"
31-03-2025,"WPR",48005,"12/09,4/07,5/07,6/07,7/07,8/07,9/07,10/07,11/07,12/07,1/08,2/08,3/08,4/08,5/08,6/08,7/08,8/08,9/08,10/08,11/08"
31-03-2025,"WPR",48008,"11/09,11/21"
31-03-2025,"WPR",48011,"12/13,8/09,10/09,12/09"
31-03-2025,"WPR",48021,"10/09,11/09,12/09,1/10"
31-03-2025,"WPR",48024,"1/10"
31-03-2025,"WPR",48027,"3/15"
31-03-2025,"WPR",48029,"11/21,12/21,4/15,5/15,6/15"
31-03-2025,"WPR",48040,"12/15"
31-03-2025,"WPR",48054,"8/17,9/17,10/17"
31-03-2025,"WPR",48056,"9/17,10/17"
31-03-2025,"WPR",48071,"1/23,10/16,11/16,12/16,1/17,2/17,12/14,1/15,2/15,3/15,4/15,5/15,6/15,9/15,4/18,5/18,1/19,3/19,4/19,5/19,8/19,9/19,10/19,11/19,12/19,7/17,11/17,12/17,1/18,2/18,3/18,9/21,10/21,11/21"
31-03-2025,"WPR",48080,"5/16,6/16,7/16,8/16,9/16"
31-03-2025,"WPR",48082,"8/07"
31-03-2025,"WPR",48093,"3/13"
31-03-2025,"WPR",48094,"9/09,1/10"
31-03-2025,"WPR",48097,"11/09"
31-03-2025,"WPR",48101,"8/09,10/09,12/09"
31-03-2025,"WPR",48104,"8/09,10/09,12/09"
31-03-2025,"WPR",48111,"8/09,10/09,12/09"
31-03-2025,"WPR",48113,"1/09,8/09,10/09,12/09"
31-03-2025,"WPR",48119,"9/15"
31-03-2025,"WPR",48136,"11/09"
31-03-2025,"WPR",48137,"11/09"
31-03-2025,"WPR",48138,"11/09"
31-03-2025,"WPR",48141,"2/17"
31-03-2025,"WPR",48142,"3/18,4/18,5/18,6/18"
31-03-2025,"WPR",48145,"11/09"
31-03-2025,"WPR",48147,"12/15,7/16,8/16"
31-03-2025,"WPR",48152,"12/09"
31-03-2025,"WPR",48155,"8/09,10/09,12/09"
31-03-2025,"WPR",48167,"12/09"
31-03-2025,"WPR",48169,"1/17,12/08"
31-03-2025,"WPR",48170,"1/15,9/08,10/08"
31-03-2025,"WPR",48172,"1/12"
31-03-2025,"WPR",48176,"10/09"
31-03-2025,"WPR",48179,"3/12,8/07,9/13"
31-03-2025,"WPR",48181,"6/15"
31-03-2025,"WPR",48204,"4/21,5/21,6/21,7/21,8/21,9/21,10/21,11/21,12/21,1/22,2/22,3/22,4/22,5/22,6/22,7/22"
31-03-2025,"WPR",48214,"1/17,12/08,5/18,8/18"
31-03-2025,"WPR",48220,"7/15,2/16"
31-03-2025,"WPR",48223,"1/09"
31-03-2025,"WPR",48224,"11/11,12/08"
31-03-2025,"WPR",48225,"1/17,11/09"
31-03-2025,"WPR",48242,"10/09"
31-03-2025,"WPR",48243,"1/10"
31-03-2025,"WPR",48244,"4/18,5/18"
31-03-2025,"WPR",48253,"10/15,11/15,12/15,1/16,2/16,3/16,4/16,5/16,6/16,7/16,8/16,9/16,10/16,11/16,12/16,1/17,2/17"
31-03-2025,"WPR",48254,"12/12,1/13,2/13"
31-03-2025,"WPR",48256,"12/09"
31-03-2025,"WPR",48259,"2/16"
31-03-2025,"WPR",48260,"12/09,8/08"
31-03-2025,"WPR",48278,"10/16,5/11,6/11,7/11,7/17"
31-03-2025,"WPR",48279,"11/09"
31-03-2025,"WPR",48281,"1/10"
31-03-2025,"WPR",48282,"8/09"
31-03-2025,"WPR",48286,"6/11"
31-03-2025,"WPR",48292,"11/09,11/22"
31-03-2025,"WPR",48293,"6/09"
31-03-2025,"WPR",48301,"12/08"
31-03-2025,"WPR",48305,"1/17"
31-03-2025,"WPR",48313,"4/18"
31-03-2025,"WPR",48317,"10/08"
31-03-2025,"WPR",48319,"4/21,5/18"
31-03-2025,"WPR",48320,"2/15"
31-03-2025,"WPR",48322,"5/20"
31-03-2025,"WPR",48331,"12/08"
31-03-2025,"WPR",48332,"12/08"
31-03-2025,"WPR",48333,"10/09"
31-03-2025,"WPR",48342,"4/09"
31-03-2025,"WPR",48343,"2/10"
31-03-2025,"WPR",48344,"2/10,5/20,7/15"
31-03-2025,"WPR",48347,"2/10"
31-03-2025,"WPR",48348,"1/15"
31-03-2025,"WPR",48349,"7/21"
31-03-2025,"WPR",48355,"12/07"
31-03-2025,"WPR",48362,"11/18"
31-03-2025,"WPR",48364,"11/15"
31-03-2025,"WPR",48375,"12/08"
31-03-2025,"WPR",48378,"12/09,1/10"
31-03-2025,"WPR",48379,"12/08"
31-03-2025,"WPR",48386,"1/10,2/10"
31-03-2025,"WPR",48387,"12/08"
31-03-2025,"WPR",48388,"12/08"
31-03-2025,"WPR",48393,"12/08,3/10"
31-03-2025,"WPR",48399,"6/07"
31-03-2025,"WPR",48403,"1/17,10/13,12/13,1/14,3/14,12/08"
31-03-2025,"WPR",48404,"9/08"
31-03-2025,"WPR",48405,"12/08,2/15"
31-03-2025,"WPR",48407,"6/07"
31-03-2025,"WPR",48420,"12/08"
31-03-2025,"WPR",48424,"11/09"
31-03-2025,"WPR",48425,"3/24"
31-03-2025,"WPR",48426,"11/09,1/10"
31-03-2025,"WPR",48428,"8/09,10/09,12/09"
31-03-2025,"WPR",48434,"8/09,10/09,12/09"
31-03-2025,"WPR",48444,"1/15"
31-03-2025,"WPR",48450,"3/24"
31-03-2025,"WPR",48453,"9/08"
31-03-2025,"WPR",48454,"8/09,10/09,12/09"
31-03-2025,"WPR",48459,"8/09,10/09,12/09"
31-03-2025,"WPR",48460,"8/09,10/09,12/09"
31-03-2025,"WPR",48465,"5/13"
31-03-2025,"WPR",48467,"12/09"
31-03-2025,"WPR",48483,"1/11,2/11,3/11"
31-03-2025,"WPR",48484,"11/09"
31-03-2025,"WPR",48488,"8/09"
31-03-2025,"WPR",48491,"1/14,10/12,4/07,6/20,7/20,9/19"
31-03-2025,"WPR",48505,"1/09"
31-03-2025,"WPR",48513,"11/09,9/10,10/10,11/10"
31-03-2025,"WPR",48515,"11/09"
31-03-2025,"WPR",48524,"11/09"
31-03-2025,"WPR",48526,"8/09"
31-03-2025,"WPR",48532,"3/13,4/10,5/10,6/10,7/10,8/10,9/10,10/10,11/10,12/10,1/11,2/11,3/11,4/11,5/11,6/11,7/11,8/09,10/09,12/09,1/10,2/10,3/10"
31-03-2025,"WPR",48536,"1/10"
31-03-2025,"WPR",48545,"6/08"
31-03-2025,"WPR",48546,"4/08"
31-03-2025,"WPR",48547,"1/17,12/08,4/20,5/20"
31-03-2025,"WPR",48548,"2/15"
31-03-2025,"WPR",48553,"11/09"
31-03-2025,"WPR",48554,"11/10"
31-03-2025,"WPR",48556,"9/16"
31-03-2025,"WPR",48560,"10/07"
31-03-2025,"WPR",48561,"11/10"
31-03-2025,"WPR",48562,"1/14,11/10"
31-03-2025,"WPR",48563,"8/20"
31-03-2025,"WPR",48564,"11/10,3/11,4/12,5/12,4/13,5/13,7/15"
31-03-2025,"WPR",48565,"1/13,11/10,3/22"
31-03-2025,"WPR",48567,"11/10"
31-03-2025,"WPR",48568,"11/10"
31-03-2025,"WPR",48570,"11/10"
31-03-2025,"WPR",48573,"11/10,5/23,6/23,7/23"
31-03-2025,"WPR",48574,"2/09,7/07,10/07"
31-03-2025,"WPR",48580,"9/16"
31-03-2025,"WPR",48583,"1/13,1/17,8/15"
31-03-2025,"WPR",48585,"1/13,10/16,3/19,4/13,6/17,7/17"
31-03-2025,"WPR",48587,"1/13,4/13"
31-03-2025,"WPR",48591,"5/22,6/22,7/15,12/15,7/17"
31-03-2025,"WPR",48593,"1/13,4/13,6/17,7/17"
31-03-2025,"WPR",48594,"11/10"
31-03-2025,"WPR",48595,"11/10"
31-03-2025,"WPR",48596,"11/10,2/17"
31-03-2025,"WPR",48599,"11/10"
31-03-2025,"WPR",48601,"10/07,11/10"
31-03-2025,"WPR",48602,"10/07,11/10"
31-03-2025,"WPR",48603,"10/07,5/21"
31-03-2025,"WPR",48604,"1/13,10/07,11/10,4/13"
31-03-2025,"WPR",48605,"10/07,11/10"
31-03-2025,"WPR",48607,"10/07,12/11"
31-03-2025,"WPR",48608,"1/13,10/07,10/14,1/15,2/15,11/10,4/13"
31-03-2025,"WPR",48609,"2/21,8/21"
31-03-2025,"WPR",48610,"10/07,11/10,2/21,8/21"
31-03-2025,"WPR",48611,"10/07,11/10,2/21,8/21"
31-03-2025,"WPR",48612,"10/07,11/10,4/19"
31-03-2025,"WPR",48613,"5/13"
31-03-2025,"WPR",48614,"11/10,4/12,5/12,4/13,5/13,7/15"
31-03-2025,"WPR",48615,"11/10,2/21,8/21"
31-03-2025,"WPR",48616,"11/10"
31-03-2025,"WPR",48617,"11/10,12/10,1/11,2/11,3/19"
31-03-2025,"WPR",48618,"11/10"
31-03-2025,"WPR",48621,"11/10"
31-03-2025,"WPR",48622,"11/10"
31-03-2025,"WPR",48623,"1/13,11/10,4/13"
31-03-2025,"WPR",48624,"11/10,2/11"
31-03-2025,"WPR",48625,"11/10"
31-03-2025,"WPR",48626,"11/10"
31-03-2025,"WPR",48627,"11/10"
31-03-2025,"WPR",48630,"11/10"
31-03-2025,"WPR",48631,"11/10"
31-03-2025,"WPR",48632,"11/10"
31-03-2025,"WPR",48633,"11/10"
31-03-2025,"WPR",48634,"11/10"
31-03-2025,"WPR",48635,"7/21"
31-03-2025,"WPR",48636,"1/10,11/10,6/23"
31-03-2025,"WPR",48637,"11/10"
31-03-2025,"WPR",48640,"11/10,3/11"
31-03-2025,"WPR",48641,"11/10"
31-03-2025,"WPR",48642,"11/10"
31-03-2025,"WPR",48644,"11/10"
31-03-2025,"WPR",48646,"11/10"
31-03-2025,"WPR",48647,"4/07,5/07,6/07"
31-03-2025,"WPR",48648,"11/10"
31-03-2025,"WPR",48649,"11/10"
31-03-2025,"WPR",48650,"11/10"
31-03-2025,"WPR",48653,"11/10"
31-03-2025,"WPR",48654,"3/21"
31-03-2025,"WPR",48655,"11/10"
31-03-2025,"WPR",48656,"11/10"
31-03-2025,"WPR",48657,"11/10"
31-03-2025,"WPR",48659,"11/10,1/11,7/11,8/11,10/11"
31-03-2025,"WPR",48661,"11/10"
31-03-2025,"WPR",48662,"11/10"
31-03-2025,"WPR",48665,"11/10"
31-03-2025,"WPR",48668,"11/10"
31-03-2025,"WPR",48669,"1/13,11/10,4/13,5/13"
31-03-2025,"WPR",48670,"11/10"
31-03-2025,"WPR",48671,"11/10"
31-03-2025,"WPR",48672,"11/10,5/13,8/15"
31-03-2025,"WPR",48674,"11/10"
31-03-2025,"WPR",48675,"11/10"
31-03-2025,"WPR",48676,"10/16,11/10,7/15,12/15,7/17"
31-03-2025,"WPR",48678,"11/10"
31-03-2025,"WPR",48679,"3/21,7/21,8/15"
31-03-2025,"WPR",48680,"3/17"
31-03-2025,"WPR",48682,"11/10,8/21"
31-03-2025,"WPR",48683,"11/10"
31-03-2025,"WPR",48685,"1/17,10/15,11/08"
31-03-2025,"WPR",48686,"11/10"
31-03-2025,"WPR",48687,"1/10"
31-03-2025,"WPR",48688,"11/10,9/09,1/10"
31-03-2025,"WPR",48690,"11/10"
31-03-2025,"WPR",48692,"6/10"
31-03-2025,"WPR",48693,"11/10"
31-03-2025,"WPR",48695,"11/10"
31-03-2025,"WPR",48696,"11/10"
31-03-2025,"WPR",48697,"11/10,3/11"
31-03-2025,"WPR",48698,"1/13,11/10,2/23,4/13"
31-03-2025,"WPR",48699,"11/10"
31-03-2025,"WPR",48702,"11/10"
31-03-2025,"WPR",48703,"10/22,11/22,11/10,3/22"
31-03-2025,"WPR",48705,"11/10,3/11"
31-03-2025,"WPR",48707,"11/10,3/11"
31-03-2025,"WPR",48708,"11/10,3/22,4/12,5/12"
31-03-2025,"WPR",48709,"1/13,1/16,11/10,4/13,5/13,7/16"
31-03-2025,"WPR",48710,"11/10,4/12,5/12"
31-03-2025,"WPR",48711,"11/10"
31-03-2025,"WPR",48712,"11/10"
31-03-2025,"WPR",48713,"1/13,11/09,1/10,11/10,4/13"
31-03-2025,"WPR",48714,"11/10,3/22"
31-03-2025,"WPR",48715,"11/10"
31-03-2025,"WPR",48716,"11/10,4/16,5/16,6/16"
31-03-2025,"WPR",48717,"11/10"
31-03-2025,"WPR",48719,"11/10,7/17"
31-03-2025,"WPR",48720,"11/10"
31-03-2025,"WPR",48721,"11/10"
31-03-2025,"WPR",48724,"11/10"
31-03-2025,"WPR",48725,"1/13,11/10,4/13"
31-03-2025,"WPR",48727,"11/10"
31-03-2025,"WPR",48728,"11/10"
31-03-2025,"WPR",48732,"11/10,11/14"
31-03-2025,"WPR",48733,"11/10"
31-03-2025,"WPR",48736,"11/10"
31-03-2025,"WPR",48738,"11/10"
31-03-2025,"WPR",48739,"11/10,9/17"
31-03-2025,"WPR",48740,"11/10,12/20"
31-03-2025,"WPR",48741,"11/10"
31-03-2025,"WPR",48743,"11/10"
31-03-2025,"WPR",48744,"11/10"
31-03-2025,"WPR",48745,"11/10"
31-03-2025,"WPR",48746,"11/10"
31-03-2025,"WPR",48747,"11/10,5/20"
31-03-2025,"WPR",48748,"11/10"
31-03-2025,"WPR",48749,"10/19,11/19,10/20,11/20,11/09,1/10,11/10,11/21"
31-03-2025,"WPR",48750,"6/15"
31-03-2025,"WPR",48751,"11/10"
31-03-2025,"WPR",48753,"11/10"
31-03-2025,"WPR",48754,"2/24,3/24,4/16"
31-03-2025,"WPR",48755,"11/10,4/21,5/21,5/13"
31-03-2025,"WPR",48756,"11/10"
31-03-2025,"WPR",48757,"11/10"
31-03-2025,"WPR",48759,"11/10"
31-03-2025,"WPR",48760,"10/16,11/10,7/17"
31-03-2025,"WPR",48761,"11/10"
31-03-2025,"WPR",48762,"6/10,7/10"
31-03-2025,"WPR",48764,"11/10"
31-03-2025,"WPR",48765,"11/10"
31-03-2025,"WPR",48766,"11/10"
31-03-2025,"WPR",48771,"9/14,12/14,1/15"
31-03-2025,"WPR",48772,"3/13"
31-03-2025,"WPR",48773,"9/15"
31-03-2025,"WPR",48778,"7/21"
31-03-2025,"WPR",48779,"1/11"
31-03-2025,"WPR",48788,"10/07,12/20,1/21,2/21,3/21,4/21,5/21,6/21,7/21,8/21,9/21"
31-03-2025,"WPR",48790,"10/14,11/14,2/15,4/11"
31-03-2025,"WPR",59216,"9/22"
31-03-2025,"WPR",59234,"11/16"
31-03-2025,"WPR",59235,"10/17,11/17"
31-03-2025,"WPR",59241,"8/23,9/23,10/23"
31-03-2025,"WPR",59242,"6/17,7/17"
31-03-2025,"WPR",59249,"5/17"
31-03-2025,"WPR",59254,"5/22,9/16"
31-03-2025,"WPR",59266,"5/17,6/17"
31-03-2025,"WPR",59287,"8/20,12/20"
31-03-2025,"WPR",59299,"5/16"
31-03-2025,"WPR",59323,"7/22"
31-03-2025,"WPR",59325,"11/18"
31-03-2025,"WPR",59333,"5/16"
31-03-2025,"WPR",59361,"1/19,2/19,3/19"
31-03-2025,"WPR",59364,"6/20"
31-03-2025,"WPR",59366,"11/22,12/22,1/23,2/23,3/23,4/23"
31-03-2025,"WPR",59376,"5/16"
31-03-2025,"WPR",59407,"12/21"
31-03-2025,"WPR",59413,"5/16"
31-03-2025,"WPR",59417,"5/16,10/16"
31-03-2025,"WPR",59419,"6/16,7/16,8/16"
31-03-2025,"WPR",59421,"5/16,10/16"
31-03-2025,"WPR",59427,"9/20"
31-03-2025,"WPR",59442,"3/24,6/20"
31-03-2025,"WPR",59449,"5/16"
31-03-2025,"WPR",59452,"5/16"
31-03-2025,"WPR",59456,"5/16"
31-03-2025,"WPR",59459,"5/16"
31-03-2025,"WPR",59462,"5/16,10/16"
31-03-2025,"WPR",59478,"10/16"
31-03-2025,"WPR",59498,"2/17"
31-03-2025,"WPR",59505,"10/16,12/19,9/18"
31-03-2025,"WPR",59514,"8/20,9/20,10/20"
31-03-2025,"WPR",59519,"5/22,6/22,8/22,9/22,10/22,11/22,12/22,1/23,2/23,3/23"
31-03-2025,"WPR",59541,"4/19,5/19,6/19,7/19,8/19,9/19,4/21,5/21,6/21,7/21,8/21,9/21,10/21,11/21,12/21,1/22,2/22,3/22,4/22,5/22,6/22,7/22,8/22,9/22,10/22,11/22,12/22,1/23,2/23,4/23,5/20,6/20,7/20,8/20,9/20,10/20,11/20,12/20,1/21,2/21,3/21,8/18,9/18,10/18,11/18,12/18,1/19,2/19,3/19"
31-03-2025,"WPR",59542,"9/23"
31-03-2025,"WPR",59543,"5/18"
31-03-2025,"WPR",59547,"5/19,6/19,7/19,8/19,8/20,9/20,10/20,11/20,9/16,9/21"
31-03-2025,"WPR",59550,"1/22,2/22,3/22,4/22,5/22,6/22"
31-03-2025,"WPR",59552,"10/16"
31-03-2025,"WPR",59554,"11/20"
31-03-2025,"WPR",59558,"3/18"
31-03-2025,"WPR",59561,"10/16"
31-03-2025,"WPR",59562,"6/18"
31-03-2025,"WPR",59569,"2/23,3/23,5/19,1/20"
31-03-2025,"WPR",59578,"5/16"
31-03-2025,"WPR",59595,"3/22,4/22"
31-03-2025,"WPR",59622,"7/22,8/22,9/22,10/22,11/22,12/22,9/19,10/19,11/19,12/19,1/20"
31-03-2025,"WPR",59710,"8/20,9/20"
31-03-2025,"WPR",59711,"2/18"
31-03-2025,"WPR",59747,"3/21,4/21"
31-03-2025,"WPR",59759,"10/17,11/17,12/17,1/18,2/18,3/18,4/18,5/18,6/18,7/18,9/23"
31-03-2025,"WPR",59776,"10/23"
31-03-2025,"WPR",59823,"9/18,10/18,11/18,12/18,1/19,2/19"
31-03-2025,"WPR",59860,"1/18"
31-03-2025,"WPR",59864,"7/22"
31-03-2025,"WPR",59934,"11/21"
31-03-2025,"WPR",59991,"4/16,5/16,6/16,4/17,7/17,8/22"
31-03-2025,"WPR",60007,"7/21"
31-03-2025,"WPR",60013,"3/22"
31-03-2025,"WPR",60016,"3/22"
31-03-2025,"WPR",60055,"4/23,5/23,6/23,7/23,8/23,9/23,10/23,11/23,12/23,1/24,2/24,3/24,9/22,10/22,11/22,12/22,1/23,2/23,3/23"
31-03-2025,"WPR",60072,"10/17,4/19,5/19,6/19,7/18,8/18,9/18,7/20,7/22,8/22,9/22,10/22,11/22"
31-03-2025,"WPR",60078,"10/23,11/23,12/23"
31-03-2025,"WPR",60087,"5/18,6/18,7/18"
31-03-2025,"WPR",60094,"2/18,3/18,4/18"
31-03-2025,"WPR",60114,"5/20"
31-03-2025,"WPR",60136,"11/21,12/21"
31-03-2025,"WPR",60140,"9/18,10/18"
31-03-2025,"WPR",60145,"12/18"
31-03-2025,"WPR",60157,"12/17"
31-03-2025,"WPR",60193,"1/18"
31-03-2025,"WPR",60216,"12/22,1/23"
31-03-2025,"WPR",60284,"4/19"
31-03-2025,"WPR",60307,"5/21"
31-03-2025,"WPR",60310,"5/22,6/22,7/22,8/22,9/22,10/22,11/22,12/22,1/23,2/23,3/23"
31-03-2025,"WPR",60318,"11/17"
31-03-2025,"WPR",60345,"12/19,1/20,2/20,3/20,4/20,5/20,6/20,7/20,8/20,9/20,10/20,11/20,12/20,1/21,2/21,3/21,4/21,5/21,6/21"
31-03-2025,"WPR",60348,"10/18,11/18,12/18,1/19,2/19,5/23,6/23,10/23,11/23,12/23,1/24,2/24,3/24,9/16"
31-03-2025,"WPR",60372,"12/18"
31-03-2025,"WPR",60377,"12/18"
31-03-2025,"WPR",60385,"4/21"
31-03-2025,"WPR",60414,"7/17"
31-03-2025,"WPR",60418,"12/23,1/24,2/24,3/24"
31-03-2025,"WPR",60422,"3/22,8/20,9/20"
31-03-2025,"WPR",60460,"5/20,6/20,7/20,8/20"
31-03-2025,"WPR",60467,"1/21,2/17,3/17"
31-03-2025,"WPR",60468,"12/20,1/21"
31-03-2025,"WPR",60491,"7/21"
31-03-2025,"WPR",60496,"1/21,2/21,3/21,4/21,5/21,6/19"
31-03-2025,"WPR",60502,"5/20"
31-03-2025,"WPR",60506,"12/23,1/24"
31-03-2025,"WPR",60508,"5/20"
31-03-2025,"WPR",60514,"5/20"
31-03-2025,"WPR",60533,"4/20"
31-03-2025,"WPR",60536,"7/16,12/16,2/17"
31-03-2025,"WPR",60554,"5/17,6/17,7/17,8/17,10/17,7/20,8/20,9/20,10/20,11/20,12/20,1/21,2/21"
31-03-2025,"WPR",60570,"8/20"
31-03-2025,"WPR",60576,"5/20"
31-03-2025,"WPR",60628,"12/18,2/19"
31-03-2025,"WPR",60711,"10/18"
31-03-2025,"WPR",60736,"8/20"
31-03-2025,"WPR",60737,"9/17"
31-03-2025,"WPR",60741,"7/23"
31-03-2025,"WPR",60748,"4/16,5/16"
31-03-2025,"WPR",60749,"9/18,10/18"
31-03-2025,"WPR",60766,"2/17"
31-03-2025,"WPR",60770,"12/19"
31-03-2025,"WPR",60777,"2/17"
31-03-2025,"WPR",60782,"2/18,3/18,8/19"
31-03-2025,"WPR",60787,"10/17"
31-03-2025,"WPR",60788,"11/20"
31-03-2025,"WPR",60808,"5/20"
31-03-2025,"WPR",60821,"12/21"
31-03-2025,"WPR",60827,"6/21"
31-03-2025,"WPR",60837,"3/18"
31-03-2025,"WPR",60841,"5/16"
31-03-2025,"WPR",60843,"5/16"
31-03-2025,"WPR",60850,"5/16"
31-03-2025,"WPR",60862,"2/21"
31-03-2025,"WPR",60867,"6/21"
31-03-2025,"WPR",60873,"10/21"
31-03-2025,"WPR",60878,"4/22"
31-03-2025,"WPR",60884,"4/17"
31-03-2025,"WPR",60916,"1/19,2/19"
31-03-2025,"WPR",60958,"6/21,7/21,8/21,9/19,10/19,9/22"
31-03-2025,"WPR",60976,"3/22"
31-03-2025,"WPR",60981,"1/21"
31-03-2025,"WPR",60993,"8/22,9/22,10/22,11/22,12/22,1/23,2/23,9/21,10/21,11/21,12/21"
31-03-2025,"WPR",61007,"11/23,12/23,1/24,2/24,4/17,5/17,6/17,7/17,8/17,4/21,5/22,7/22"
31-03-2025,"WPR",61009,"7/20,8/20,9/20,10/20,11/20,12/20,1/21,2/21"
31-03-2025,"WPR",61013,"1/18"
31-03-2025,"WPR",61059,"6/18"
31-03-2025,"WPR",61063,"9/20"
31-03-2025,"WPR",61072,"5/18"
31-03-2025,"WPR",61084,"1/20,4/22,5/22,6/22,7/22,8/22,8/21,9/21,10/21,11/21,12/21,1/22,2/22,3/22"
31-03-2025,"WPR",61126,"2/23"
31-03-2025,"WPR",61127,"5/18,6/18,7/18,9/18,11/18,12/18,2/19,3/19,5/23,6/23,12/23,1/24,2/24,6/17,7/17,9/17,12/17,2/18,6/19,7/19,8/19,11/19,2/20,6/22,7/22,8/22,9/22,11/22,9/21,10/21"
31-03-2025,"WPR",61128,"5/20,6/21"
31-03-2025,"WPR",61137,"3/22"
31-03-2025,"WPR",61139,"10/17"
31-03-2025,"WPR",61142,"1/21"
31-03-2025,"WPR",61143,"3/22"
31-03-2025,"WPR",61150,"11/18,12/18,1/19,3/18"
31-03-2025,"WPR",61177,"5/20"
31-03-2025,"WPR",61179,"4/20,5/20,6/20,7/20,8/20,9/20,10/20,11/20,12/20,1/21,2/21,3/21"
31-03-2025,"WPR",61189,"4/21,5/21,6/21,7/21,8/21,9/21,10/21,11/21,12/21,1/22,2/22,3/22,4/22,9/23"
31-03-2025,"WPR",61191,"1/19"
31-03-2025,"WPR",61204,"3/23"
31-03-2025,"WPR",61205,"1/21"
31-03-2025,"WPR",61219,"6/17,7/17,8/17,9/17"
31-03-2025,"WPR",61232,"7/21"
31-03-2025,"WPR",61311,"4/22,5/22,6/22,7/22,8/22"
31-03-2025,"WPR",61312,"9/21"
31-03-2025,"WPR",61316,"3/20,4/20,5/20,6/20,7/20,8/20,9/20,10/20,11/20,12/20,1/21,2/21,3/21,4/21,5/21,6/21,7/21,8/21,9/21,8/23,9/23,10/23,11/23,12/23,1/24,2/24"
31-03-2025,"WPR",61326,"10/23"
31-03-2025,"WPR",61337,"1/24,2/24"
31-03-2025,"WPR",61419,"4/18,5/18,6/18,7/18,8/18,9/18,10/18,11/18,12/18,1/19,2/19,3/19,4/19,5/19,6/19,7/19,8/19,9/19,10/19,11/19,12/19,1/20,2/20,3/20,4/20,5/20,6/20,7/20,8/20,9/20,10/20,11/20,12/20,1/21,2/21,3/21,4/21,5/21,4/23,5/23,6/23,7/23,8/23,9/23,10/23,11/23,12/23,1/24,2/24,3/24,8/22,9/22,10/22,11/22,12/22,1/23,2/23,3/23,9/17,10/17,11/17,12/17,1/18,2/18,3/18"
31-03-2025,"WPR",61433,"1/21"
31-03-2025,"WPR",61507,"4/17,5/17,6/17,7/17,8/17,9/17,10/17,11/17,12/17,1/18,2/18,3/18"
31-03-2025,"WPR",61528,"2/22"
31-03-2025,"WPR",61529,"2/22"
31-03-2025,"WPR",61530,"2/22"
31-03-2025,"WPR",61535,"6/20"
31-03-2025,"WPR",61549,"2/22,4/17"
31-03-2025,"WPR",43937,"1/10,1/24,2/24,3/24"
31-03-2025,"WPR",50000,"7/07"
31-03-2025,"WPR",33600,"2/24,3/24,4/10"
31-03-2025,"WPR",36700,"12/23,1/24,2/24,3/24"
31-03-2025,"WPR",36800,"1/23,2/23,3/23,4/23,5/23,6/23,7/23,8/23,9/23,10/23,11/23,12/23,1/24,2/24,3/24"
31-03-2025,"WPR",38900,"3/17"
31-03-2025,"WPR",41700,"10/16,7/17"
31-03-2025,"WPR",42200,"6/16,7/16,8/16"
31-03-2025,"WPR",42400,"11/10"
31-03-2025,"WPR",42500,"10/09,12/09"
31-03-2025,"WPR",43500,"12/12"
31-03-2025,"WPR",44300,"11/09,4/12,6/11"
31-03-2025,"WPR",44900,"1/10"
31-03-2025,"WPR",45000,"1/10,8/10"
31-03-2025,"WPR",45300,"1/17"
31-03-2025,"WPR",46100,"6/07,7/21"
31-03-2025,"WPR",46500,"11/09,5/13"
31-03-2025,"WPR",46800,"11/09,5/10"
31-03-2025,"WPR",47000,"3/15,4/18,5/18,6/18,7/18,8/18,9/18,10/18,2/19,3/19"
31-03-2025,"WPR",47300,"9/15"
31-03-2025,"WPR",47500,"12/08,9/13"
31-03-2025,"WPR",48500,"10/09"
31-03-2025,"WPR",48600,"10/07,11/10"
31-03-2025,"WPR",48700,"11/10,3/11"
31-03-2025,"WPR",49900,"2/13"
31-03-2025,"WPR",50200,"10/12,3/22,5/16"
31-03-2025,"WPR",50800,"6/17"
31-03-2025,"WPR",51600,"4/11,5/11,6/11,7/11,8/11"
31-03-2025,"WPR",52200,"5/13"
31-03-2025,"WPR",54600,"3/17"
31-03-2025,"WPR",55300,"10/17"
31-03-2025,"WPR",55800,"7/15"
31-03-2025,"WPR",56000,"7/16,12/16"
31-03-2025,"WPR",56700,"7/21"
31-03-2025,"WPR",58500,"2/21,3/21,5/19,7/22,8/22,9/22,10/22,11/22,12/22,1/23,2/23"
31-03-2025,"WPR",58700,"3/17"
31-03-2025,"WPR",59500,"10/16"
31-03-2025,"WPR",60900,"11/23,12/23,1/24,2/24,3/24"
31-03-2025,"WPR",61000,"6/21"
31-03-2025,"WPR",61900,"12/21,1/22,2/22"
31-03-2025,"WPR",62800,"5/22"
31-03-2025,"WPR",63900,"4/20,5/20,6/20,7/20,8/20,9/20,10/20,11/20,12/20,1/21,2/21,3/21,4/21,5/21,6/21,7/21,8/21"
31-03-2025,"WPR",66000,"4/22,5/22,6/22,7/22,8/22,9/22,10/22,11/22,12/22,4/23,5/23,6/23,7/23,8/23,9/23,10/23,11/23,12/23,1/24,2/24,3/24"
31-03-2025,"WPR",21349,"3/09,4/09,5/09,6/09,7/09,8/09,9/09,10/09,11/09,12/09,1/10,2/10,3/10,4/10,5/10,6/10,7/10,8/10,9/10,10/10,11/10,12/10,1/11,2/11,3/11,4/11,5/11,6/11,7/11,8/11,9/11,10/11,11/11,12/11,1/12,2/12,3/12,4/12,5/12,6/12,7/12,8/12,9/12,10/12,11/12,12/12,1/13,2/13,3/13,4/13,5/13,6/13,7/13,8/13,9/13,10/13,11/13,12/13,1/14,3/14,4/14,5/14,6/14,7/14,8/14,9/14,10/14,11/14,12/14,1/15,2/15,3/15,4/15,5/15,6/15,7/15,8/15,9/15,10/15,11/15,12/15,1/16,2/16,3/16,4/16,5/16,6/16,7/16,8/16,9/16,10/16,11/16,12/16,1/17,2/17,3/17,4/17,5/17,6/17,7/17,8/17,9/17,10/17,11/17,12/17,1/18,2/18,3/18,4/18,5/18,6/18,7/18,8/18,9/18,10/18,11/18,12/18,1/19,2/19,3/19,4/19,5/19,6/19,7/19,8/19,9/19,10/19,11/19,12/19,1/20,2/20,3/20,4/20,5/20,6/20,7/20,8/20,9/20,10/20,11/20,12/20,1/21,2/21,3/21,4/21,5/21,6/21,7/21,8/21,9/21,10/21,11/21,12/21,1/22,2/22,3/22,4/22,5/22,6/22,7/22,8/22,9/22,10/22,11/22,12/22,1/23,2/23,3/23,4/23,5/23,6/23,7/23,8/23,9/23,10/23,11/23,12/23,1/24,2/24,3/24"
31-03-2025,"WPR",26185,"3/10,4/10,5/10,6/10,7/10,8/10,9/10,10/10,11/10,12/10,1/11,2/11,3/11,4/11,5/11,6/11,7/11,8/11,9/11,10/11,11/11,12/11,1/12,2/12,3/12,4/12,5/12,6/12,7/12,8/12,9/12,10/12,11/12,12/12,1/13,2/13,3/13,4/13,5/13,6/13,7/13,8/13,9/13,10/13,11/13,12/13,1/14,3/14,4/14,5/14,6/14,7/14,8/14,9/14,10/14,11/14,12/14,1/15,2/15,3/15,4/15,5/15,6/15,7/15,8/15,9/15,10/15,11/15,12/15,1/16,2/16,3/16,4/16,5/16,6/16,7/16,8/16,9/16,10/16,11/16,12/16,1/17,2/17,3/17,4/17,5/17,6/17,7/17,8/17,9/17,10/17,11/17,12/17,1/18,2/18,3/18,4/18,5/18,6/18,7/18,8/18,9/18,10/18,11/18,12/18,1/19,2/19,3/19,4/19,5/19,6/19,7/19,8/19,9/19,10/19,11/19,12/19,1/20,2/20,3/20,4/20,5/20,6/20,7/20,8/20,9/20,10/20,11/20,12/20,1/21,2/21,3/21,4/21,5/21,6/21,7/21,8/21,9/21,10/21,11/21,12/21,1/22,2/22,3/22,4/22,5/22,6/22,7/22,8/22,9/22,10/22,11/22,12/22,1/23,2/23,3/23,4/23,5/23,6/23,7/23,8/23,9/23,10/23,11/23,12/23,1/24,2/24,3/24"
31-03-2025,"WPR",28894,"4/07,5/07,6/07,7/07,8/07,9/07,10/07,11/07,12/07,1/08,2/08,3/08,4/08,5/08,6/08,7/08,8/08,9/08,10/08,11/08,12/08,1/09,2/09,3/09,4/09,5/09,6/09,7/09,8/09,9/09,10/09,11/09,12/09,1/10,2/10,3/10,4/10,5/10,6/10,7/10,8/10,9/10,10/10,11/10,12/10,1/11,2/11,3/11,4/11,5/11,6/11,7/11,8/11,9/11,10/11,11/11,12/11,1/12,2/12,3/12,4/12,5/12,6/12,7/12,8/12,9/12,10/12,11/12,12/12,1/13,2/13,3/13,4/13,6/13,7/13,8/13,9/13,10/13,11/13,12/13,1/14,2/14,3/14,4/14,5/14,6/14,7/14,8/14,9/14,10/14,11/14,12/14,1/15,2/15,3/15,4/15,5/15,6/15,7/15,8/15,9/15,10/15,11/15,12/15,1/16,2/16,3/16,4/16,5/16,6/16,7/16,8/16,9/16,10/16,11/16,12/16,1/17,2/17,3/17,4/17,5/17,6/17,7/17,8/17,9/17,10/17,11/17,12/17,1/18,2/18,3/18,4/18,5/18,6/18,7/18,8/18,9/18,10/18,11/18,12/18,1/19,2/19,3/19,4/19,5/19,6/19,7/19,8/19,9/19,10/19,11/19,12/19,1/20,2/20,3/20,4/20,5/20,6/20,7/20,8/20,9/20,10/20,11/20,12/20,1/21,2/21,3/21,4/21,5/21,6/21,7/21,8/21,9/21,10/21,11/21,12/21,1/22,2/22,3/22,4/22,5/22,6/22,7/22,8/22,9/22,10/22,11/22,12/22,1/23,2/23,3/23,4/23,5/23,6/23,7/23,8/23,9/23,10/23,11/23,12/23,1/24,2/24,3/24"
31-03-2025,"WPR",40259,"2/15,3/15"
31-03-2025,"WPR",40262,"10/09,12/09,4/17"
31-03-2025,"WPR",40266,"1/16,2/16,5/13,7/16"
31-03-2025,"WPR",40267,"4/15"
31-03-2025,"WPR",40270,"10/14,1/15,2/15"
31-03-2025,"WPR",40271,"12/23,1/24"
31-03-2025,"WPR",40275,"12/09,2/10,8/08"
31-03-2025,"WPR",40279,"4/22,5/22,6/22,7/22,8/22,9/22,6/21,7/21,8/21,9/21,10/21,11/21,12/21,1/22,2/22,3/22"
31-03-2025,"WPR",40291,"10/23,11/23,12/23,1/24,2/24,3/24"
31-03-2025,"WPR",40292,"1/17"
31-03-2025,"WPR",40335,"11/15,1/16,2/12"
31-03-2025,"WPR",40339,"1/22"
31-03-2025,"WPR",40348,"3/24"
31-03-2025,"WPR",40353,"1/11"
31-03-2025,"WPR",40358,"9/14,10/14"
31-03-2025,"WPR",40374,"6/15,7/15,12/15,9/16"
31-03-2025,"WPR",40392,"3/14"
31-03-2025,"WPR",40410,"9/15"
31-03-2025,"WPR",40421,"4/17,10/17"
31-03-2025,"WPR",40422,"12/13,1/14,4/07"
31-03-2025,"WPR",40432,"2/18"
31-03-2025,"WPR",40434,"3/22"
31-03-2025,"WPR",40436,"3/24"
31-03-2025,"WPR",40439,"1/17"
31-03-2025,"WPR",40442,"4/22,5/22,6/22,7/22,8/22,9/22,10/22,11/22,12/22,1/23,2/23,3/23,4/23,5/23,6/23,7/23,8/23,9/23,10/23,11/23,12/23,1/24,2/24,3/24,8/21,9/21,10/21,11/21,12/21,1/22,2/22,3/22"
31-03-2025,"WPR",40444,"4/08,5/08,6/08,7/08,8/08,9/08,10/08,11/08"
31-03-2025,"WPR",40446,"4/16,9/16"
31-03-2025,"WPR",40448,"2/16,3/16,3/10,4/08,4/12,5/12,6/23,7/23,8/23,8/11,9/11,11/11,12/11"
31-03-2025,"WPR",40463,"6/07"
31-03-2025,"WPR",40486,"11/10,2/16"
31-03-2025,"WPR",40534,"5/10"
31-03-2025,"WPR",40548,"3/21"
31-03-2025,"WPR",40550,"8/16"
31-03-2025,"WPR",40557,"3/21"
31-03-2025,"WPR",40563,"3/21"
31-03-2025,"WPR",40564,"10/09,11/09,9/10"
31-03-2025,"WPR",40568,"11/09"
31-03-2025,"WPR",40572,"1/13"
31-03-2025,"WPR",40575,"1/10,5/13,8/15,12/15"
31-03-2025,"WPR",40578,"3/21"
31-03-2025,"WPR",40588,"1/10,9/16"
31-03-2025,"WPR",40621,"3/23"
31-03-2025,"WPR",40630,"2/24,3/24,3/13"
31-03-2025,"WPR",40632,"9/13"
31-03-2025,"WPR",40641,"1/15"
31-03-2025,"WPR",40653,"1/19,2/19,3/19"
31-03-2025,"WPR",40654,"8/08"
31-03-2025,"WPR",40656,"1/19,2/19"
31-03-2025,"WPR",40657,"6/15"
31-03-2025,"WPR",40678,"12/09,8/08"
31-03-2025,"WPR",40684,"1/17"
31-03-2025,"WPR",40697,"10/16,7/17"
31-03-2025,"WPR",40702,"4/16"
31-03-2025,"WPR",40706,"5/13,9/13,12/13"
31-03-2025,"WPR",40713,"7/13"
31-03-2025,"WPR",40717,"1/24,2/24,3/24"
31-03-2025,"WPR",40753,"11/09"
31-03-2025,"WPR",40759,"12/09,8/08"
31-03-2025,"WPR",40768,"11/14,4/08,8/15"
31-03-2025,"WPR",40784,"1/16,5/13,7/16"
31-03-2025,"WPR",40786,"1/21"
31-03-2025,"WPR",40787,"10/09"
31-03-2025,"WPR",40789,"4/18"
31-03-2025,"WPR",40791,"12/08"
31-03-2025,"WPR",40794,"11/09,1/10"
31-03-2025,"WPR",40803,"3/21,4/21,5/21,6/21"
31-03-2025,"WPR",40816,"3/24"
31-03-2025,"WPR",40837,"11/09"
31-03-2025,"WPR",40849,"11/09"
31-03-2025,"WPR",40851,"12/09,8/08,9/14"
31-03-2025,"WPR",40852,"2/17"
31-03-2025,"WPR",40853,"12/09"
31-03-2025,"WPR",40855,"6/11"
31-03-2025,"WPR",40856,"12/09"
31-03-2025,"WPR",40859,"2/24,3/24"
31-03-2025,"WPR",40866,"12/09,8/08"
31-03-2025,"WPR",40867,"10/08"
31-03-2025,"WPR",40874,"4/11,5/11,6/11,7/11,8/11,9/11,10/11,11/11,12/11,1/12,2/12,3/12,4/12,5/12,6/12,7/12,8/12,9/12,10/12,11/12,12/12,1/13,2/13,3/13,4/13,5/13,6/13,7/13,8/13,9/13,10/13,11/13,12/13,1/14,2/14,3/14,4/14,5/14,6/14,7/14,8/14,9/14,10/14,11/14,12/14,1/15,2/15,3/15,4/15,5/15,6/15,7/15,8/15,9/15,10/15,11/15,12/15,1/16,2/16,3/16,4/16,5/16,6/16,7/16,8/16,9/16,10/16,11/16,12/16,1/17,2/17,3/17,4/17,5/17,6/17,7/17,8/17,9/17,10/17,11/17,12/17,5/10,6/10,7/10,8/10,9/10,10/10,11/10,12/10,1/11,2/11,3/11,8/09,10/09,12/09,1/10,2/10"
31-03-2025,"WPR",40882,"6/15,9/12,10/12,11/12,12/12,1/13"
31-03-2025,"WPR",40908,"8/09"
31-03-2025,"WPR",40914,"6/11"
31-03-2025,"WPR",40916,"11/09"
31-03-2025,"WPR",40918,"3/21"
31-03-2025,"WPR",40920,"11/09"
31-03-2025,"WPR",40921,"11/09"
31-03-2025,"WPR",40923,"8/08"
31-03-2025,"WPR",40930,"1/16,7/16,9/08"
31-03-2025,"WPR",40935,"12/08"
31-03-2025,"WPR",40939,"1/24,2/24,3/24,4/12"
31-03-2025,"WPR",40960,"2/16,7/21"
31-03-2025,"WPR",40966,"7/13"
31-03-2025,"WPR",40970,"4/12"
31-03-2025,"WPR",40974,"1/17,4/22,5/22,6/22,7/10,7/21,8/21,9/21,10/21,11/21,12/21,1/22,2/22,3/22"
31-03-2025,"WPR",41031,"11/09"
31-03-2025,"WPR",41039,"11/21"
31-03-2025,"WPR",41040,"12/09"
31-03-2025,"WPR",41045,"12/09,3/10,8/08"
31-03-2025,"WPR",41070,"2/12"
31-03-2025,"WPR",41072,"3/10"
31-03-2025,"WPR",41094,"10/09,12/09"
31-03-2025,"WPR",41106,"6/12"
31-03-2025,"WPR",41108,"3/20,6/12"
31-03-2025,"WPR",41110,"3/15"
31-03-2025,"WPR",41112,"11/09"
31-03-2025,"WPR",41116,"2/16"
31-03-2025,"WPR",41123,"4/18"
31-03-2025,"WPR",41126,"9/13"
31-03-2025,"WPR",41127,"11/09"
31-03-2025,"WPR",41129,"5/23,6/23,7/23,8/23,9/23,10/23,11/23,12/23,1/24,2/24,3/24"
31-03-2025,"WPR",41135,"9/17,10/17"
31-03-2025,"WPR",41145,"2/10,9/11"
31-03-2025,"WPR",41161,"11/20"
31-03-2025,"WPR",41164,"3/15,3/21,8/08"
31-03-2025,"WPR",41180,"3/17"
31-03-2025,"WPR",41182,"12/23,1/24,2/24,3/24"
31-03-2025,"WPR",41187,"11/09,3/12"
31-03-2025,"WPR",41193,"2/12"
31-03-2025,"WPR",41195,"4/12"
31-03-2025,"WPR",41201,"5/10"
31-03-2025,"WPR",41207,"12/14,1/15"
31-03-2025,"WPR",41210,"3/13"
31-03-2025,"WPR",41222,"10/23,11/23,12/23,1/24,2/24,3/24"
31-03-2025,"WPR",41238,"9/08,12/08,1/09"
31-03-2025,"WPR",41253,"1/15"
31-03-2025,"WPR",41279,"11/09,3/22,6/11"
31-03-2025,"WPR",41284,"8/08"
31-03-2025,"WPR",41322,"8/09"
31-03-2025,"WPR",41324,"10/14,2/15,12/09,1/10,2/10,2/17,4/13,5/13,4/15,2/16,5/12,6/12,3/13,6/17,9/17,12/17,7/18,8/18,9/18,9/08,10/08,11/08,12/08,1/09"
31-03-2025,"WPR",41333,"11/09"
31-03-2025,"WPR",41334,"11/09"
31-03-2025,"WPR",41339,"11/09"
31-03-2025,"WPR",41341,"4/09,11/09"
31-03-2025,"WPR",41345,"11/09"
31-03-2025,"WPR",41346,"11/09"
31-03-2025,"WPR",41347,"11/09"
31-03-2025,"WPR",41348,"11/09"
31-03-2025,"WPR",41349,"11/09"
31-03-2025,"WPR",41350,"3/22"
31-03-2025,"WPR",41351,"11/09"
31-03-2025,"WPR",41352,"11/09,11/17"
31-03-2025,"WPR",41353,"11/09"
31-03-2025,"WPR",41357,"9/09,11/09"
31-03-2025,"WPR",41359,"11/09"
31-03-2025,"WPR",41360,"11/09,7/21"
31-03-2025,"WPR",41363,"4/09,11/09"
31-03-2025,"WPR",41364,"11/09"
31-03-2025,"WPR",41367,"11/09"
31-03-2025,"WPR",41383,"4/20,11/20,12/20,1/21,2/21"
31-03-2025,"WPR",41384,"12/09,8/08"
31-03-2025,"WPR",41392,"12/09"
31-03-2025,"WPR",41394,"11/12"
31-03-2025,"WPR",41395,"5/08,9/14,1/15"
31-03-2025,"WPR",41396,"11/09"
31-03-2025,"WPR",41397,"6/18"
31-03-2025,"WPR",41405,"12/12,3/10,4/11,6/11,7/11,1/12,3/12"
31-03-2025,"WPR",41412,"1/11,1/13,2/13,8/11"
31-03-2025,"WPR",41421,"7/15,7/21"
31-03-2025,"WPR",41422,"4/17"
31-03-2025,"WPR",41424,"11/09"
31-03-2025,"WPR",41426,"12/08,12/10,1/11,2/11,6/07,7/07,8/07,9/07,10/07,11/07,12/07,3/08"
31-03-2025,"WPR",41427,"5/20"
31-03-2025,"WPR",41432,"8/15"
31-03-2025,"WPR",41433,"10/16,12/16"
31-03-2025,"WPR",41445,"2/18,7/21,9/09"
31-03-2025,"WPR",41447,"10/22,6/23,7/23,8/23,10/23,1/24,2/24"
31-03-2025,"WPR",41455,"3/17,6/17,7/17"
31-03-2025,"WPR",41458,"7/22"
31-03-2025,"WPR",41462,"7/10"
31-03-2025,"WPR",41467,"12/09"
31-03-2025,"WPR",41473,"5/20"
31-03-2025,"WPR",41474,"9/14,12/14"
31-03-2025,"WPR",41481,"2/22,3/22,4/22,5/22,6/22,7/22,8/22,9/22"
31-03-2025,"WPR",41483,"1/11"
31-03-2025,"WPR",41487,"2/24,3/24"
31-03-2025,"WPR",41489,"1/22"
31-03-2025,"WPR",41497,"7/11,9/21"
31-03-2025,"WPR",41508,"9/14,9/15"
31-03-2025,"WPR",41512,"3/23"
31-03-2025,"WPR",41514,"12/09,8/08"
31-03-2025,"WPR",41515,"12/14"
31-03-2025,"WPR",41523,"11/07"
31-03-2025,"WPR",41527,"12/15"
31-03-2025,"WPR",41534,"8/08"
31-03-2025,"WPR",41537,"6/09"
31-03-2025,"WPR",41542,"2/24,3/24"
31-03-2025,"WPR",41543,"9/21"
31-03-2025,"WPR",41545,"1/09,3/09,1/19,2/19,1/24,2/24,3/24,4/09,9/09,10/09,11/09,5/07,6/07,7/07"
31-03-2025,"WPR",41554,"2/10"
31-03-2025,"WPR",41559,"11/20"
31-03-2025,"WPR",41570,"1/24,2/24,3/24"
31-03-2025,"WPR",41571,"1/16,2/16"
31-03-2025,"WPR",41578,"1/17,10/15,4/08,5/13"
31-03-2025,"WPR",41580,"10/16,11/16"
31-03-2025,"WPR",41587,"7/21"
31-03-2025,"WPR",41592,"8/09"
31-03-2025,"WPR",41594,"10/09,11/09,12/09,10/14,3/21,5/10"
31-03-2025,"WPR",41598,"3/19"
31-03-2025,"WPR",41599,"10/13"
31-03-2025,"WPR",41603,"2/19"
31-03-2025,"WPR",41612,"1/13,2/13"
31-03-2025,"WPR",41614,"2/23,9/12"
31-03-2025,"WPR",41627,"12/20"
31-03-2025,"WPR",41628,"10/09,12/09"
31-03-2025,"WPR",41630,"5/20,6/20"
31-03-2025,"WPR",41632,"3/15,3/21"
31-03-2025,"WPR",41634,"12/20"
31-03-2025,"WPR",41636,"12/20"
31-03-2025,"WPR",41637,"12/14,6/10"
31-03-2025,"WPR",41655,"2/20"
31-03-2025,"WPR",41660,"12/09"
31-03-2025,"WPR",41671,"9/10"
31-03-2025,"WPR",41682,"1/10"
31-03-2025,"WPR",41688,"7/21"
31-03-2025,"WPR",41690,"10/16,2/17"
31-03-2025,"WPR",41691,"11/15"
31-03-2025,"WPR",41692,"11/09"
31-03-2025,"WPR",41694,"1/10"
31-03-2025,"WPR",41699,"1/15,11/09,12/09,1/10,2/10,6/10,8/11,9/11,2/12"
31-03-2025,"WPR",41703,"12/09,8/08"
31-03-2025,"WPR",41728,"1/09"
31-03-2025,"WPR",41732,"1/10"
31-03-2025,"WPR",41737,"12/20"
31-03-2025,"WPR",41742,"1/15"
31-03-2025,"WPR",41750,"12/09,8/08"
31-03-2025,"WPR",41775,"6/16"
31-03-2025,"WPR",41781,"7/18,9/13,10/13,11/13"
31-03-2025,"WPR",41783,"6/15"
31-03-2025,"WPR",41786,"1/15"
31-03-2025,"WPR",41790,"5/20"
31-03-2025,"WPR",41803,"2/22,5/20"
31-03-2025,"WPR",41806,"2/22"
31-03-2025,"WPR",41817,"1/23"
31-03-2025,"WPR",41821,"2/12"
31-03-2025,"WPR",41829,"3/09"
31-03-2025,"WPR",41835,"3/21"
31-03-2025,"WPR",41843,"5/08,6/10"
31-03-2025,"WPR",41853,"1/13,4/08,5/16"
31-03-2025,"WPR",41857,"3/13"
31-03-2025,"WPR",41858,"12/14"
31-03-2025,"WPR",41878,"8/08"
31-03-2025,"WPR",41882,"8/09,3/10"
31-03-2025,"WPR",41885,"5/12,6/12,7/12,8/12"
31-03-2025,"WPR",41886,"12/14"
31-03-2025,"WPR",41888,"5/22,7/22"
31-03-2025,"WPR",41893,"8/09,10/09,12/09,1/10"
31-03-2025,"WPR",41894,"11/20"
31-03-2025,"WPR",41897,"12/09,8/08"
31-03-2025,"WPR",41902,"3/16"
31-03-2025,"WPR",41914,"11/13,12/13,1/14,2/14,3/14,12/12,1/13,4/10,4/14,5/14,5/17,9/11,10/11"
31-03-2025,"WPR",41916,"1/10"
31-03-2025,"WPR",41922,"4/16,11/16,6/07,7/07,7/19,8/19,9/19,10/19,8/09,12/09,1/10,9/15,10/15,11/15,12/15,1/16,2/16"
31-03-2025,"WPR",41933,"12/23"
31-03-2025,"WPR",41942,"11/09"
31-03-2025,"WPR",41946,"11/09"
31-03-2025,"WPR",41953,"2/16"
31-03-2025,"WPR",41967,"4/15"
31-03-2025,"WPR",41981,"4/17"
31-03-2025,"WPR",41982,"4/13"
31-03-2025,"WPR",42006,"2/16"
31-03-2025,"WPR",42009,"11/16,4/07,5/07"
31-03-2025,"WPR",42011,"11/09"
31-03-2025,"WPR",42012,"1/24,2/24,3/24,12/09,8/08"
31-03-2025,"WPR",42015,"6/10"
31-03-2025,"WPR",42017,"3/21"
31-03-2025,"WPR",42032,"11/13,6/18"
31-03-2025,"WPR",42035,"5/20"
31-03-2025,"WPR",42047,"3/21"
31-03-2025,"WPR",42068,"3/19,3/24,4/19"
31-03-2025,"WPR",42071,"4/23"
31-03-2025,"WPR",42080,"11/09"
31-03-2025,"WPR",42090,"1/12,2/12,3/12,4/12"
31-03-2025,"WPR",42094,"4/07,5/07,6/07,7/07,8/07,9/07,10/07,11/07,12/07,1/08,2/08,3/08,4/08,5/08,6/08,7/08,8/08,9/08,10/08,11/08,12/08,1/09,2/09,3/09,4/09,5/09,6/09,7/09,8/09,9/09,10/09,11/09,12/09,1/10,2/10,3/10,4/10,5/10,6/10,7/10,8/10,9/10,10/10,11/10,12/10,1/11,2/11,3/11,4/11,5/11,6/11,7/11,8/11,9/11,10/11,11/11,12/11,1/12,2/12,3/12,4/12,8/22,9/22"
31-03-2025,"WPR",42096,"10/12,11/12"
31-03-2025,"WPR",42097,"1/24,2/24,3/24"
31-03-2025,"WPR",42098,"11/13,12/13,9/15,10/15,11/15"
31-03-2025,"WPR",42107,"12/15"
31-03-2025,"WPR",42113,"11/22,12/22,1/23,2/23,3/23,2/20,4/20,5/20,6/20,7/20,8/20,9/20,10/20,11/20,12/20,1/21,2/21,3/21,4/21,5/21,6/21,7/21,8/21,9/21,4/23,5/23,6/23,7/23,8/23,9/23,10/23,11/23,12/23,1/24,2/24,3/24"
31-03-2025,"WPR",42124,"1/15"
31-03-2025,"WPR",42130,"12/10,9/15"
31-03-2025,"WPR",42134,"11/17,2/10,2/13,3/13,2/14,9/07"
31-03-2025,"WPR",42144,"3/24"
31-03-2025,"WPR",42154,"4/21,5/21"
31-03-2025,"WPR",40977,"3/11,4/12,5/12,4/13,5/13,7/15"
31-03-2025,"WPR",41002,"3/13"
31-03-2025,"WPR",41003,"12/07"
31-03-2025,"WPR",41019,"1/10,1/18,4/18,5/18,6/18,7/18"
31-03-2025,"WPR",42161,"5/07,2/08"
31-03-2025,"WPR",42184,"5/09,1/10"
31-03-2025,"WPR",42191,"4/07"
31-03-2025,"WPR",42202,"1/15"
31-03-2025,"WPR",42209,"12/09,4/23,5/23,6/23,9/22,10/22,11/22,12/22,1/23,2/23,3/23"
31-03-2025,"WPR",28988,"4/07,10/07,11/07,12/07,1/08,2/08,3/08,4/08,5/08,9/08,10/08,11/08,12/08,1/09,2/09,3/09,4/10,5/10,6/10,7/10,8/10,9/10,10/10,11/10,12/10,1/11,2/11,3/11,4/11,4/12,5/12,6/12,7/12,8/12,9/12,10/12,11/12,12/12,1/13,2/13,3/13,4/13,5/13,6/13,7/13,8/13,9/13,10/13,11/13,12/13,1/14,2/14,3/14,4/14,5/14,6/14,7/14,8/14,9/14,10/14,11/14,12/14,1/15,2/15,3/15,4/15,5/15,6/15,7/15,8/15,9/15,10/15,11/15,12/15,1/16,2/16,3/16,4/16,5/16,6/16,7/16,8/16,9/16,10/16,11/16,12/16,1/17,2/17,3/17,4/17,5/17,6/17,7/17,8/17,9/17,10/17,11/17,12/17,1/18,2/18,3/18,4/18,5/18,6/18,7/18,8/18,9/18,10/18,11/18,12/18,1/19,2/19,3/19,4/19,5/19,6/19,7/19,8/19,9/19,10/19,11/19,12/19,1/20,2/20,3/20,4/20,5/20,6/20,7/20,8/20,9/20,10/20,11/20,12/20,1/21,2/21,3/21,4/21,5/21,6/21,7/21,8/21,9/21,10/21,11/21,12/21,1/22,2/22,3/22,4/22,5/22,6/22,7/22,8/22,9/22,10/22,11/22,12/22,1/23,2/23,3/23,4/23,5/23,6/23,7/23,8/23,9/23,10/23,11/23,12/23,1/24,2/24,3/24,7/09,8/09,9/09,10/09,11/09,12/09,1/10,2/10,3/10"
31-03-2025,"WPR",29440,"10/13,11/13,12/13,1/14,2/14,3/14,4/14,5/14,6/14,7/14,8/14,9/14,10/14,11/14,12/14,1/15,2/15,3/15,4/15,5/15,6/15,7/15,8/15,9/15,10/15,11/15,12/15,1/16,2/16,3/16,4/16,5/16,6/16,7/16,8/16,9/16,10/16,11/16,12/16,1/17,2/17,3/17"
31-03-2025,"WPR",29725,"4/07,5/07,6/07,7/07,8/07,9/07,10/07,11/07,12/07,4/08,5/08,6/08,7/08,8/08,9/08,10/08,11/08,12/08,1/09,2/09,3/09,4/09,5/09,6/09,7/09,8/09,9/09,10/09,11/09,12/09,1/10,2/10,3/10,4/10,5/10,6/10,7/10,8/10,9/10,10/10,11/10,12/10,1/11,2/11,3/11,4/11,5/11,6/11,7/11,8/11,9/11,10/11,11/11,12/11,1/12,2/12,3/12,4/12,5/12,6/12,7/12,8/12,9/12,10/12,11/12,12/12,1/13,2/13,3/13,4/14,5/14,6/14,7/14,8/14,9/14,10/14,11/14,12/14,1/15,2/15,3/15,4/15,5/15,6/15,7/15,8/15,9/15,10/15,11/15,12/15,1/16,2/16,3/16,4/16,5/16,6/16,7/16,8/16,9/16,10/16,11/16,12/16,1/17,2/17,3/17,4/17,5/17,6/17,7/17,8/17,9/17,10/17,11/17,12/17,1/18,2/18,3/18,4/18,5/18,6/18,7/18,8/18,9/18,10/18,11/18,12/18,1/19,2/19,3/19,4/19,5/19,6/19,7/19,8/19,9/19,10/19,11/19,12/19,1/20,2/20,3/20,4/20,5/20,6/20,7/20,8/20,9/20,10/20,11/20,12/20,1/21,2/21,3/21,4/21,5/21,6/21,7/21,8/21,9/21,10/21,11/21,12/21,1/22,2/22,3/22,4/22,5/22,6/22,7/22,8/22,9/22,10/22,11/22,12/22,1/23,2/23,3/23,4/23,5/23,6/23,7/23,8/23,9/23,10/23,11/23,12/23,1/24,2/24,3/24,5/13,6/13,7/13,8/13,9/13,10/13,11/13,12/13,1/14,2/14,3/14"
31-03-2025,"WPR",30735,"12/09,1/10,2/10,3/10,4/10,5/10,6/10,7/10,8/10,9/10,10/10,11/10,12/10,1/11,2/11,3/11,4/11,5/11,6/11,7/11,8/11,9/11,10/11,11/11,12/11,1/12,2/12,3/12,4/12,5/12,6/12,7/12,8/12,9/12,10/12,11/12,12/12,1/13,2/13,3/13,4/14,5/14,6/14,7/14,8/14,9/14,10/14,11/14,12/14,1/15,2/15,3/15,4/15,5/15,6/15,7/15,8/15,9/15,10/15,11/15,12/15,1/16,2/16,3/16,4/16,5/16,6/16,7/16,8/16,9/16,10/16,11/16,12/16,1/17,2/17,3/17,4/17,5/17,6/17,7/17,8/17,9/17,10/17,11/17,12/17,1/18,2/18,3/18,4/18,5/18,6/18,7/18,8/18,9/18,10/18,11/18,12/18,1/19,2/19,3/19,4/19,5/19,6/19,7/19,8/19,9/19,10/19,11/19,12/19,1/20,2/20,3/20,4/20,5/20,6/20,7/20,8/20,9/20,10/20,11/20,12/20,1/21,2/21,3/21,4/21,5/21,6/21,7/21,8/21,9/21,10/21,11/21,12/21,1/22,2/22,3/22,4/22,5/22,6/22,7/22,8/22,9/22,10/22,11/22,12/22,1/23,2/23,3/23,4/23,5/23,6/23,7/23,8/23,9/23,10/23,11/23,12/23,1/24,2/24,3/24,5/13,6/13,7/13,8/13,9/13,10/13,11/13,12/13,1/14,2/14,3/14"
31-03-2025,"WPR",31142,"1/11,2/11,3/11,4/07,5/07,6/07,7/07,8/07,9/07,10/07,11/07,12/07,1/08,2/08,3/08,4/08,5/08,6/08,7/08,8/08,9/08,10/08,11/08,12/08,1/09,2/09,3/09,4/09,5/09,6/09,12/09,1/10,4/11,5/11,6/11,7/11,8/11,9/11,10/11,11/11,12/11,1/12,4/17,5/17,6/17,7/17,8/17,9/17,10/17,11/17,12/17,1/18,2/18,3/18,4/18,5/18,6/18,7/18,8/18,9/18,10/18,11/18,12/18,1/19,2/19,3/19,4/19,5/19,6/19,7/19,8/19,9/19,10/19,11/19,12/19,1/20,2/20,3/20,4/20,5/20,6/20,7/20,8/20,9/20,10/20,11/20,12/20,1/21,2/21,3/21,4/21,5/21,6/21,7/21,8/21,9/21,10/21,11/21,12/21,1/22,2/22,3/22,4/22,5/22,6/22,7/22,8/22,9/22,10/22,11/22,12/22,1/23,2/23,3/23,4/23,5/23,6/23,7/23,8/23,9/23,10/23,11/23,12/23,1/24,2/24,3/24,5/12,6/12,7/12,12/12,1/13,7/13,8/13,9/13,10/13,11/13,12/13,1/14,9/16,10/16,11/16,1/17,2/17,3/17"
31-03-2025,"WPR",31898,"3/21,8/08"
31-03-2025,"WPR",31963,"3/24"
31-03-2025,"WPR",32162,"10/14,5/18"
31-03-2025,"WPR",32576,"2/24,3/24,8/08"
31-03-2025,"WPR",32629,"4/13,5/13,6/13,7/13,8/13,3/14,4/15,5/15,6/15,7/15,8/15,9/15,10/15,11/15,12/15,1/16,2/16,3/16,4/16,5/16,6/16,7/16,8/16,9/16,10/16,11/16,12/16,1/17,2/17,3/17,4/17,5/17,6/17,7/17,8/17,9/17,10/17,11/17,12/17,1/18,2/18,3/18,4/18,5/18,6/18,7/18,8/18,9/18,10/18,11/18,12/18,1/19,2/19,3/19,4/19,5/19,6/19,7/19,8/19,9/19,10/19,11/19,12/19,1/20,2/20,3/20,4/20,5/20,6/20,7/20,8/20,9/20,10/20,11/20,12/20,1/21,2/21,3/21,4/21,5/21,6/21,7/21,8/21,9/21,10/21,11/21,12/21,1/22,2/22,3/22,4/22,5/22,6/22,7/22,8/22,9/22,10/22,11/22,12/22,1/23,2/23,3/23,4/23,5/23,6/23,7/23,8/23,9/23,10/23,11/23,12/23,1/24,2/24,3/24,7/12,8/12,9/12,10/12,11/12,12/12,1/13,2/13,3/13"
31-03-2025,"WPR",32853,"3/22"
31-03-2025,"WPR",32854,"3/20,3/24"
31-03-2025,"WPR",32917,"6/15"
31-03-2025,"WPR",33369,"5/10,1/11"
31-03-2025,"WPR",33382,"3/24"
31-03-2025,"WPR",33393,"11/09"
31-03-2025,"WPR",33399,"2/24,3/24"
31-03-2025,"WPR",33426,"1/24,2/24,3/24"
31-03-2025,"WPR",33428,"2/24,3/24"
31-03-2025,"WPR",33470,"1/24,2/24,3/24,2/23"
31-03-2025,"WPR",33484,"3/23"
31-03-2025,"WPR",33533,"2/24,3/24"
31-03-2025,"WPR",33536,"3/24"
31-03-2025,"WPR",33537,"3/24"
31-03-2025,"WPR",33538,"11/09,3/24"
31-03-2025,"WPR",33543,"1/22,2/22,3/22,4/10,4/22"
31-03-2025,"WPR",33602,"4/10"
31-03-2025,"WPR",33604,"1/09,9/15"
31-03-2025,"WPR",33609,"4/10,4/15"
31-03-2025,"WPR",33610,"4/10"
31-03-2025,"WPR",33612,"4/10"
31-03-2025,"WPR",33616,"4/10"
31-03-2025,"WPR",33618,"4/10"
31-03-2025,"WPR",33646,"4/10"
31-03-2025,"WPR",33649,"6/15"
31-03-2025,"WPR",33652,"6/15"
31-03-2025,"WPR",33663,"12/23,1/24,2/24,3/24,4/10"
31-03-2025,"WPR",33664,"3/24"
31-03-2025,"WPR",33667,"6/15"
31-03-2025,"WPR",33682,"4/07,5/07,6/07,7/07,8/07,9/07,10/07,11/07,12/07,1/08,2/08,3/08,4/08,5/08,6/08,7/08,8/08,9/08,10/08,11/08,12/08,1/09,2/09,3/09,4/09,5/09,6/09,7/09,8/09,9/09,10/09,11/09,12/09,1/10,2/10,3/10,4/10,5/10,6/10,7/10,8/10,9/10,10/10,11/10,12/10,1/11,2/11,3/11,4/11,5/11,6/11,7/11,8/11,9/11,10/11,11/11,12/11,1/12,2/12,3/12,4/12,5/12,6/12,7/12,8/12,9/12,10/12,11/12,12/12,1/13,2/13,3/13,4/13,5/13,6/13,7/13,9/13,10/13,11/13,12/13,1/14,2/14,3/14,4/14,5/14,6/14,7/14,8/14,9/14,10/14,11/14,12/14,1/15,2/15,3/15,4/15,5/15,6/15,7/15,8/15,9/15,10/15,11/15,12/15,1/16,2/16,3/16,4/16,5/16,6/16,7/16,8/16,9/16,10/16,11/16,12/16,1/17,2/17,3/17,4/17,5/17,6/17,7/17,8/17,9/17,10/17,11/17,12/17,1/18,2/18,3/18,4/18,5/18,6/18,7/18,8/18,9/18,10/18,11/18,12/18,1/19,2/19,3/19,4/19,5/19,6/19,7/19,8/19,9/19,10/19,11/19,12/19,1/20,2/20,3/20,4/20,5/20,6/20,7/20,8/20,9/20,10/20,11/20,12/20,1/21,2/21,3/21,4/21,5/21,6/21,7/21,8/21,9/21,10/21,11/21,12/21,1/22,2/22,3/22,4/22,5/22,6/22,7/22,8/22,9/22,10/22,11/22,12/22,1/23,2/23,3/23,4/23,5/23,6/23,7/23,8/23,9/23,10/23,11/23,12/23,1/24,2/24,3/24"
31-03-2025,"WPR",33732,"8/23,9/23,10/23,11/23,12/23,1/24,2/24,3/24"
31-03-2025,"WPR",33755,"5/10"
31-03-2025,"WPR",33778,"2/24,3/24"
31-03-2025,"WPR",33803,"3/24"
31-03-2025,"WPR",33904,"2/24,3/24"
31-03-2025,"WPR",33905,"2/24,3/24"
31-03-2025,"WPR",42212,"1/15,11/20,12/20,12/09,6/18,7/18,8/18,9/18,10/18,11/18,8/16"
31-03-2025,"WPR",42215,"4/10"
31-03-2025,"WPR",42218,"4/17,12/17"
31-03-2025,"WPR",42225,"3/13"
31-03-2025,"WPR",42226,"11/21"
31-03-2025,"WPR",42230,"1/15,10/11"
31-03-2025,"WPR",42259,"7/21"
31-03-2025,"WPR",42266,"11/09,9/08"
31-03-2025,"WPR",42267,"2/11,3/11"
31-03-2025,"WPR",42283,"8/14"
31-03-2025,"WPR",42290,"2/10"
31-03-2025,"WPR",42294,"9/08"
31-03-2025,"WPR",42314,"1/15"
31-03-2025,"WPR",42315,"11/20"
31-03-2025,"WPR",42321,"1/21"
31-03-2025,"WPR",42322,"1/16"
31-03-2025,"WPR",42325,"2/23,3/23,4/23,5/23,6/23,7/23,8/23,9/23,10/23,11/23,12/23,1/24,2/24,3/24"
31-03-2025,"WPR",42333,"4/17,11/17,12/17,1/18,6/18,9/16,10/16,11/16,2/17,3/17"
31-03-2025,"WPR",42338,"11/09"
31-03-2025,"WPR",42348,"1/23,2/23,3/23,4/23,5/23,6/23,7/23,8/23,9/23,10/23,11/23,12/23,1/24,2/24,3/24"
31-03-2025,"WPR",42349,"4/07"
31-03-2025,"WPR",42362,"4/10,5/10,6/10,7/10,8/10,9/10,10/10,11/10,12/10,1/11,2/11,3/11,4/11,5/11,6/11,7/11,8/11,9/11,10/11,11/11,12/11,1/12,2/12,3/12,4/12,5/12,6/12,7/12,8/12,9/12,10/12,11/12,12/12,1/13,2/13,3/13,4/14,5/14,6/14,7/14,8/14,9/14,10/14,11/14,12/14,1/15,2/15,3/15,4/15,5/15,6/15,7/15,8/15,9/15,10/15,11/15,12/15,1/16,2/16,3/16,4/16,5/16,6/16,7/16,8/16,9/16,10/16,11/16,12/16,1/17,2/17,3/17,4/17,5/17,6/17,7/17,8/17,9/17,10/17,11/17,12/17,1/18,2/18,3/18,4/18,5/18,6/18,7/18,8/18,9/18,10/18,11/18,12/18,1/19,2/19,3/19,4/19,5/19,6/19,7/19,8/19,9/19,10/19,11/19,12/19,1/20,2/20,3/20,4/20,5/20,6/20,7/20,8/20,9/20,10/20,11/20,12/20,1/21,2/21,3/21,4/21,5/21,6/21,7/21,8/21,9/21,10/21,11/21,12/21,1/22,2/22,3/22,4/22,5/22,6/22,7/22,8/22,9/22,10/22,11/22,12/22,1/23,2/23,3/23,4/23,5/23,6/23,7/23,8/23,9/23,10/23,11/23,12/23,1/24,2/24,3/24,5/09,6/09,7/09,8/09,9/09,10/09,11/09,12/09,1/10,2/10,3/10,5/13,6/13,7/13,8/13,9/13,10/13,11/13,12/13,1/14,2/14,3/14"
31-03-2025,"WPR",42364,"1/10"
31-03-2025,"WPR",42366,"4/09,1/10"
31-03-2025,"WPR",42369,"4/09"
31-03-2025,"WPR",42371,"7/21"
31-03-2025,"WPR",42373,"4/09"
31-03-2025,"WPR",42377,"9/16"
31-03-2025,"WPR",42380,"4/09,6/13"
31-03-2025,"WPR",42391,"1/17"
31-03-2025,"WPR",42396,"12/07,4/08,5/08,6/08,7/08,8/08,9/08,10/08,11/08,12/08,1/09,2/09,3/09,4/09,5/09,6/09,7/09,8/09,9/09,10/09,11/09,12/09,1/10,2/10,3/10,4/10,5/10,6/10,7/10,8/10,9/10,10/10,11/10,12/10,1/11,2/11,3/11,4/11,5/11,6/11,7/11,8/11,9/11,10/11,11/11,12/11,1/12,2/12,3/12,4/12,5/12,6/12,7/12,8/12,9/12,10/12,11/12,12/12,1/13,2/13,3/13,4/14,5/14,6/14,7/14,8/14,9/14,10/14,11/14,12/14,1/15,2/15,3/15,4/15,5/15,6/15,7/15,8/15,9/15,10/15,11/15,12/15,1/16,2/16,3/16,4/16,5/16,6/16,7/16,8/16,9/16,10/16,11/16,12/16,1/17,2/17,3/17,4/17,5/17,6/17,7/17,8/17,9/17,10/17,11/17,12/17,1/18,2/18,3/18,4/18,5/18,6/18,7/18,8/18,9/18,10/18,11/18,12/18,1/19,2/19,3/19,4/19,5/19,6/19,7/19,8/19,9/19,10/19,11/19,12/19,1/20,2/20,3/20,4/20,5/20,6/20,7/20,8/20,9/20,10/20,11/20,12/20,1/21,2/21,3/21,4/21,5/21,6/21,7/21,8/21,9/21,10/21,11/21,12/21,1/22,2/22,3/22,4/22,5/22,6/22,7/22,8/22,9/22,10/22,11/22,12/22,1/23,2/23,3/23,4/23,5/23,6/23,7/23,8/23,9/23,10/23,11/23,12/23,1/24,2/24,3/24,5/13,6/13,7/13,8/13,9/13,10/13,11/13,12/13,1/14,2/14,3/14"
31-03-2025,"WPR",42398,"4/13"
31-03-2025,"WPR",42408,"10/09"
31-03-2025,"WPR",42414,"4/19"
31-03-2025,"WPR",42424,"4/08,4/12"
31-03-2025,"WPR",42435,"3/22"
31-03-2025,"WPR",42436,"3/16"
31-03-2025,"WPR",42438,"7/17"
31-03-2025,"WPR",42441,"3/21,8/21"
31-03-2025,"WPR",42455,"6/16,7/16"
31-03-2025,"WPR",42456,"12/23,1/24,2/24,3/24"
31-03-2025,"WPR",42459,"10/23"
31-03-2025,"WPR",42472,"6/17"
31-03-2025,"WPR",42474,"1/10"
31-03-2025,"WPR",42476,"3/18"
31-03-2025,"WPR",42480,"10/09,4/07,5/07,6/07,7/07,8/07,9/07,10/07,11/07,12/07,1/08,2/08,3/08,4/08,5/08,6/08,10/08,4/14,5/14,6/14,7/14,8/14,9/14,10/14,7/18,8/10,3/11,8/13"
31-03-2025,"WPR",42481,"5/09"
31-03-2025,"WPR",42482,"4/08"
31-03-2025,"WPR",42484,"2/10,4/13,5/13,7/15"
31-03-2025,"WPR",42485,"6/15,7/15,12/15,3/16"
31-03-2025,"WPR",42487,"4/11"
31-03-2025,"WPR",42495,"9/17"
31-03-2025,"WPR",42497,"8/08"
31-03-2025,"WPR",42502,"5/19,7/08"
31-03-2025,"WPR",42504,"10/09,12/09"
31-03-2025,"WPR",42510,"1/17"
31-03-2025,"WPR",42512,"2/10"
31-03-2025,"WPR",42518,"9/15"
31-03-2025,"WPR",42520,"1/10,6/07,8/17,9/17,11/17"
31-03-2025,"WPR",42523,"8/07,12/07"
31-03-2025,"WPR",42524,"1/16,9/08"
31-03-2025,"WPR",42527,"4/08"
31-03-2025,"WPR",42528,"3/10,5/13"
31-03-2025,"WPR",42530,"1/15,11/09"
31-03-2025,"WPR",42534,"4/09,1/10"
31-03-2025,"WPR",42544,"1/16,3/16,11/09"
31-03-2025,"WPR",42547,"11/20,6/15,7/16,12/16,2/17"
31-03-2025,"WPR",42553,"1/15,4/19"
31-03-2025,"WPR",42557,"1/17,2/17"
31-03-2025,"WPR",42561,"1/11,3/09,4/09,5/09,11/09,12/09,1/10,2/10,3/10"
31-03-2025,"WPR",42565,"11/09,9/08,9/10"
31-03-2025,"WPR",42568,"3/16,5/12"
31-03-2025,"WPR",42569,"8/08"
31-03-2025,"WPR",42572,"1/16,5/09,5/13,7/16"
31-03-2025,"WPR",42573,"1/12,11/09,9/08"
31-03-2025,"WPR",42585,"12/20"
31-03-2025,"WPR",42589,"3/16"
31-03-2025,"WPR",42591,"5/18"
31-03-2025,"WPR",42621,"9/15,1/16"
31-03-2025,"WPR",42631,"10/17,11/20,12/20,1/21,2/21,3/21,4/09,5/09,6/09,7/09,8/09,9/09,10/09,11/09,12/09,1/10,2/10,3/10,4/10,5/10,6/10,7/10,8/10,9/10,10/10,11/10,12/10,1/11,2/11,3/11,4/11,5/11,6/11,7/11,8/11,9/11,10/11,11/11,12/11,1/12,2/12,3/12,4/12,5/12,4/21,5/21,6/21,7/21,8/21,9/21"
31-03-2025,"WPR",42637,"1/10"
31-03-2025,"WPR",42640,"12/09,8/08"
31-03-2025,"WPR",42678,"4/07"
31-03-2025,"WPR",42681,"10/11"
31-03-2025,"WPR",42693,"11/09,4/12,5/12,4/13,5/13,7/15"
31-03-2025,"WPR",42695,"11/23,12/23,1/24,2/24,3/24,8/21"
31-03-2025,"WPR",42708,"2/16"
31-03-2025,"WPR",42711,"9/23,10/23,11/23,12/23,1/24,2/24,3/24"
31-03-2025,"WPR",42717,"3/19,4/07"
31-03-2025,"WPR",42719,"2/24,3/24"
31-03-2025,"WPR",42721,"10/19"
31-03-2025,"WPR",42728,"8/14"
31-03-2025,"WPR",42729,"1/15,9/19"
31-03-2025,"WPR",42737,"10/19,11/19,12/19,1/20"
31-03-2025,"WPR",42739,"11/21"
31-03-2025,"WPR",42741,"1/15,11/19,12/09,8/08"
31-03-2025,"WPR",42753,"2/16"
31-03-2025,"WPR",42755,"10/18,11/18"
31-03-2025,"WPR",42770,"2/15"
31-03-2025,"WPR",42782,"7/13"
31-03-2025,"WPR",42785,"8/14,8/18"
31-03-2025,"WPR",42787,"8/13"
31-03-2025,"WPR",42789,"12/09,8/08"
31-03-2025,"WPR",42798,"2/15,3/15"
31-03-2025,"WPR",42803,"10/09,12/09,1/10"
31-03-2025,"WPR",42805,"3/20,8/09"
31-03-2025,"WPR",42806,"9/15"
31-03-2025,"WPR",42811,"11/11,12/12,8/15,12/15"
31-03-2025,"WPR",42814,"1/11,12/12,12/13,2/24,5/14,6/14,7/14,8/14,5/19"
31-03-2025,"WPR",42817,"9/18"
31-03-2025,"WPR",42827,"7/17"
31-03-2025,"WPR",42839,"8/13,9/13,10/13,11/13"
31-03-2025,"WPR",42845,"1/21,2/21,11/13,12/13,12/17,1/18,2/18,3/20,4/08,5/08,6/08,7/08,8/08,9/08,10/08,11/08,12/08,1/09,2/09,3/09,4/09,5/09,6/09,7/09,8/09,9/09,10/09,6/18,7/18,2/19,6/21,7/07,8/07,9/07,10/07,11/07,12/07,9/15,11/15"
31-03-2025,"WPR",42850,"1/10"
31-03-2025,"WPR",42852,"9/08,10/08,11/08,12/08,1/09"
31-03-2025,"WPR",42853,"9/08"
31-03-2025,"WPR",42857,"11/15"
31-03-2025,"WPR",42858,"10/09,12/09,4/19"
31-03-2025,"WPR",42884,"12/12,1/13"
31-03-2025,"WPR",42888,"4/12"
31-03-2025,"WPR",42907,"10/09,12/09"
31-03-2025,"WPR",42913,"12/16"
31-03-2025,"WPR",42917,"10/09,11/09"
31-03-2025,"WPR",42919,"1/13,10/16,12/16,3/17,6/17,7/17"
31-03-2025,"WPR",42932,"10/17,4/14,10/14,4/19,5/19,6/19,5/18,8/18,9/18,10/18,11/18,12/18,1/19,2/19,3/19,6/15,11/15,3/16,7/16,9/16,10/16,8/11,9/11,11/11,9/13,10/13,11/13"
31-03-2025,"WPR",42937,"8/09"
31-03-2025,"WPR",42947,"4/12,5/12"
31-03-2025,"WPR",42948,"4/12,5/12"
31-03-2025,"WPR",42949,"10/09,11/09,4/17,5/17,6/17,7/17,8/17,9/17,10/17,11/17,12/17,1/18,2/18,3/18,4/18,5/18,6/18,7/18,8/18,9/18,10/18,11/18,12/18,1/19,2/19,3/19,4/19,5/19,6/19,7/19,9/16,10/16,11/16,12/16,1/17,2/17,3/17"
31-03-2025,"WPR",34008,"1/12,2/12,3/12,4/15,5/15,6/15,7/15,8/15,9/15,10/15,11/15,12/15,1/16,2/16,3/16,4/16,5/16,6/16,7/16,8/16,9/16,10/16,11/16,12/16,1/17,2/17,3/17,4/17,5/17,6/17,7/17,8/17,9/17,10/17,11/17,12/17,1/18,2/18,3/18,4/18,5/18,6/18,7/18,8/18,9/18,10/18,11/18,12/18,1/19,2/19,3/19,4/19,5/19,6/19,7/19,8/19,9/19,10/19,11/19,12/19,1/20,2/20,3/20,4/20,5/20,6/20,7/20,8/20,9/20,10/20,11/20,12/20,1/21,2/21,3/21,4/21,5/21,6/21,7/21,8/21,9/21,10/21,11/21,12/21,1/22,2/22,3/22,4/22,5/22,6/22,7/22,8/22,9/22,10/22,11/22,12/22,1/23,2/23,3/23,4/23,5/23,6/23,7/23,8/23,9/23,10/23,11/23,12/23,1/24,2/24,3/24"
31-03-2025,"WPR",34045,"3/24"
31-03-2025,"WPR",34168,"11/09"
31-03-2025,"WPR",34198,"3/22"
31-03-2025,"WPR",34204,"3/24"
31-03-2025,"WPR",34206,"4/07"
31-03-2025,"WPR",34215,"1/24,2/24,3/24,4/15,5/07"
31-03-2025,"WPR",34216,"5/21,6/21,9/13,10/13,11/13"
31-03-2025,"WPR",34250,"3/24"
31-03-2025,"WPR",34253,"1/24,2/24,3/24,5/07"
31-03-2025,"WPR",34265,"1/24,2/24,3/24"
31-03-2025,"WPR",34272,"4/13"
31-03-2025,"WPR",34283,"3/22"
31-03-2025,"WPR",34285,"12/14,2/24,3/24"
31-03-2025,"WPR",34288,"3/10"
31-03-2025,"WPR",34307,"9/17,10/17"
31-03-2025,"WPR",34323,"12/14"
31-03-2025,"WPR",34334,"9/23,10/23,11/23,12/23,1/24,2/24,3/24"
31-03-2025,"WPR",34337,"1/24,2/24,3/24"
31-03-2025,"WPR",34338,"1/24,2/24,3/24"
31-03-2025,"WPR",34374,"2/10"
31-03-2025,"WPR",34396,"1/17,2/17"
31-03-2025,"WPR",34424,"10/23,11/23,12/23,1/24,2/24,3/24"
31-03-2025,"WPR",34466,"2/24,3/24"
31-03-2025,"WPR",34604,"8/08"
31-03-2025,"WPR",34639,"3/24"
31-03-2025,"WPR",34654,"2/24,3/24"
31-03-2025,"WPR",34677,"12/14"
31-03-2025,"WPR",34734,"3/24"
31-03-2025,"WPR",34755,"6/09"
31-03-2025,"WPR",34807,"1/17"
31-03-2025,"WPR",34816,"5/08,6/08,7/08"
31-03-2025,"WPR",34818,"6/23,7/23,8/23,9/23,10/23,11/23,12/23,1/24,2/24,3/24"
31-03-2025,"WPR",34859,"4/22,5/22,6/22,7/22,8/22,9/22,10/22,11/22,12/22,1/23,2/23,3/23,4/23,5/23,6/23,7/23,8/23,9/23,10/23,11/23,12/23,1/24,2/24,3/24,8/21,9/21,10/21,11/21,12/21,1/22,2/22,3/22"
31-03-2025,"WPR",34860,"9/15"
31-03-2025,"WPR",34927,"3/24"
31-03-2025,"WPR",34994,"7/23,8/23,9/23,10/23,11/23,12/23,1/24,2/24,3/24"
31-03-2025,"WPR",35057,"12/23,1/24,2/24,3/24"
31-03-2025,"WPR",35062,"1/15"
31-03-2025,"WPR",35063,"11/09"
31-03-2025,"WPR",35073,"10/19,11/19,12/19,11/14,12/14,1/15,2/15,3/15,4/15,5/15,6/15,7/15,8/15,9/15,10/15,11/15,12/15,1/16,2/16,3/16,4/16,5/16,6/16,7/16,8/16,9/16,10/16,11/16,12/16,1/17,2/17,3/17,4/17,5/17,6/17,7/17,8/17,9/17,10/17,11/17,12/17,1/18,2/18,3/18,4/18,5/18"
31-03-2025,"WPR",35081,"3/24"
31-03-2025,"WPR",35089,"4/18"
31-03-2025,"WPR",35091,"8/22,9/22,10/22"
31-03-2025,"WPR",35149,"1/24,2/24,3/24"
31-03-2025,"WPR",35216,"5/08"
31-03-2025,"WPR",35261,"10/10,11/10,10/15,11/15,12/15,3/12,4/12,5/12,6/12,7/12,8/12"
31-03-2025,"WPR",35273,"3/24"
31-03-2025,"WPR",35288,"1/15,9/19"
31-03-2025,"WPR",35295,"2/24,3/24"
31-03-2025,"WPR",35339,"9/09,10/09"
31-03-2025,"WPR",35387,"1/10"
31-03-2025,"WPR",35392,"10/09,11/09"
31-03-2025,"WPR",35406,"3/24"
31-03-2025,"WPR",35419,"11/20"
31-03-2025,"WPR",35443,"2/10,6/07"
31-03-2025,"WPR",35483,"11/23,12/23,1/24"
31-03-2025,"WPR",35529,"3/24"
31-03-2025,"WPR",35530,"2/24,3/24"
31-03-2025,"WPR",35547,"3/24"
31-03-2025,"WPR",35555,"2/24,3/24"
31-03-2025,"WPR",35571,"12/08"
31-03-2025,"WPR",35577,"9/19,10/19"
31-03-2025,"WPR",35593,"4/20,5/20,6/20,7/20,8/20,9/20,10/20,11/20,12/20,1/21,2/21,3/21,4/21,5/21,6/21,7/21,8/21,9/21,10/21,11/21,12/21,1/22,2/22,3/22,4/22,5/22,6/22,7/22,8/22,9/22,10/22,11/22,12/22,1/23,2/23,3/23,4/23,5/23,6/23,7/23,8/23,9/23,10/23,11/23,12/23,1/24,2/24,3/24,6/17,7/17,8/17,9/17,10/17,11/17,12/17,1/18,2/18,3/18"
31-03-2025,"WPR",35620,"4/07"
31-03-2025,"WPR",35630,"1/24,2/24,3/24"
31-03-2025,"WPR",35632,"10/09,12/09"
31-03-2025,"WPR",35647,"2/24,3/24"
31-03-2025,"WPR",35753,"12/23"
31-03-2025,"WPR",35773,"8/08"
31-03-2025,"WPR",35799,"1/11,2/11"
31-03-2025,"WPR",35939,"2/10,3/24,5/07,6/07,7/07,8/07"
31-03-2025,"WPR",35984,"12/23,1/24,2/24,3/24"
31-03-2025,"WPR",35998,"12/15"
31-03-2025,"WPR",36088,"11/23,12/23,1/24,2/24,3/24"
31-03-2025,"WPR",36131,"10/09,12/09"
31-03-2025,"WPR",36151,"1/15"
31-03-2025,"WPR",36156,"2/09,5/10,2/11,3/11,7/19,9/09,12/09"
31-03-2025,"WPR",36161,"7/15,12/15"
31-03-2025,"WPR",36189,"5/16"
31-03-2025,"WPR",36215,"1/10,2/24,3/24,7/13"
31-03-2025,"WPR",36255,"7/21"
31-03-2025,"WPR",36267,"2/24,3/24"
31-03-2025,"WPR",36270,"10/09,12/09"
31-03-2025,"WPR",36274,"2/24,3/24"
31-03-2025,"WPR",36280,"10/23"
31-03-2025,"WPR",36294,"8/08"
31-03-2025,"WPR",36366,"2/24,3/24"
31-03-2025,"WPR",36367,"6/10"
31-03-2025,"WPR",36424,"8/09,11/09"
31-03-2025,"WPR",36426,"2/24,3/24"
31-03-2025,"WPR",36443,"1/24,2/24,3/24"
31-03-2025,"WPR",36444,"2/24,3/24"
31-03-2025,"WPR",36452,"12/23,1/24,2/24,3/24"
31-03-2025,"WPR",36458,"3/24"
31-03-2025,"WPR",36515,"3/21"
31-03-2025,"WPR",36542,"8/08"
31-03-2025,"WPR",36563,"2/24,3/24,8/08"
31-03-2025,"WPR",36566,"1/15"
31-03-2025,"WPR",36570,"11/23,12/23,1/24,2/24,3/24"
31-03-2025,"WPR",36578,"2/24,3/24"
31-03-2025,"WPR",36589,"3/13,8/09"
31-03-2025,"WPR",36643,"3/23,4/23,5/23,6/23,7/23,8/23,9/23,10/23,11/23,12/23,1/24,2/24,3/24,8/08"
31-03-2025,"WPR",36656,"1/14,2/14,3/14,10/18,11/18,12/18,11/15,12/15,1/16,2/16,11/16,12/16,1/17,2/17,4/14,5/14,6/14"
31-03-2025,"WPR",36675,"3/24"
31-03-2025,"WPR",36684,"7/20"
31-03-2025,"WPR",36708,"4/15"
31-03-2025,"WPR",36773,"10/09,11/09,10/11,6/12,7/12,10/12,9/14,10/14"
31-03-2025,"WPR",36836,"10/09,11/09,12/11"
31-03-2025,"WPR",36846,"11/23,12/23,1/24,2/24,3/24"
31-03-2025,"WPR",36856,"10/11"
31-03-2025,"WPR",36861,"11/23,12/23,1/24,2/24,3/24"
31-03-2025,"WPR",36862,"2/24,3/24"
31-03-2025,"WPR",36873,"3/24,5/21"
31-03-2025,"WPR",36876,"10/16,7/17"
31-03-2025,"WPR",36964,"2/24,3/24"
31-03-2025,"WPR",36966,"2/12"
31-03-2025,"WPR",36973,"1/10,4/15"
31-03-2025,"WPR",36986,"2/24,3/24"
31-03-2025,"WPR",37078,"10/09,12/09"
31-03-2025,"WPR",37093,"2/24,3/24"
31-03-2025,"WPR",37098,"2/24,3/24"
31-03-2025,"WPR",37115,"10/09,12/09"
31-03-2025,"WPR",37118,"3/24"
31-03-2025,"WPR",37122,"10/09,12/09,3/24"
31-03-2025,"WPR",37124,"12/23,1/24,2/24,3/24"
31-03-2025,"WPR",37128,"3/24"
31-03-2025,"WPR",37144,"7/13,1/14,2/14,8/20"
31-03-2025,"WPR",37162,"3/24"
31-03-2025,"WPR",37198,"3/24"
31-03-2025,"WPR",37207,"5/17"
31-03-2025,"WPR",37208,"10/09,12/09"
31-03-2025,"WPR",37211,"2/11"
31-03-2025,"WPR",37217,"10/14"
31-03-2025,"WPR",37431,"6/17,7/17"
31-03-2025,"WPR",37514,"5/23,6/23,7/23,8/23,9/23,10/23,11/23,12/23,1/24,2/24,3/24"
31-03-2025,"WPR",37542,"1/24,2/24,3/24"
31-03-2025,"WPR",37552,"4/12,5/12"
31-03-2025,"WPR",37568,"10/10"
31-03-2025,"WPR",37596,"12/21"
31-03-2025,"WPR",37601,"1/24,2/24,3/24"
31-03-2025,"WPR",37607,"8/20,9/20,10/20,11/20"
31-03-2025,"WPR",37647,"11/14"
31-03-2025,"WPR",37719,"3/24"
31-03-2025,"WPR",37771,"1/24,2/24,3/24"
31-03-2025,"WPR",37780,"1/15"
31-03-2025,"WPR",37789,"3/22,3/23"
31-03-2025,"WPR",37790,"4/18,5/18"
31-03-2025,"WPR",37819,"8/08"
31-03-2025,"WPR",37833,"3/24"
31-03-2025,"WPR",37841,"1/24,2/24,3/24"
31-03-2025,"WPR",37864,"11/21,2/23,3/23,4/23,5/23,6/23,7/23,8/23,9/23,10/23,11/23,12/23,1/24,2/24,3/24,6/11,8/08"
31-03-2025,"WPR",37868,"12/23,1/24,2/24,3/24"
31-03-2025,"WPR",37899,"3/24"
31-03-2025,"WPR",37914,"12/15,4/08,4/10,5/10,6/10,7/10,8/10,9/10,4/18,5/18,6/18,7/18,8/18,9/18,10/18,11/18,12/18,1/19,2/19,3/19,4/19,5/19,6/19,7/19,8/19,9/19,10/19,11/19,12/19,1/20,2/20,3/20,4/20,5/20,6/20,7/20,8/20,7/17,11/17,12/17,1/18,2/18,3/18,8/16,9/16"
31-03-2025,"WPR",37932,"2/24,3/24"
31-03-2025,"WPR",37935,"3/12,4/12,5/12"
31-03-2025,"WPR",37965,"2/24,3/24"
31-03-2025,"WPR",37982,"3/10"
31-03-2025,"WPR",38029,"2/23"
31-03-2025,"WPR",38042,"2/24,3/24"
31-03-2025,"WPR",38063,"2/16,3/16,4/16"
31-03-2025,"WPR",38106,"12/17"
31-03-2025,"WPR",42963,"2/14"
31-03-2025,"WPR",42965,"11/09,9/08"
31-03-2025,"WPR",42966,"12/20"
31-03-2025,"WPR",42970,"1/15"
31-03-2025,"WPR",42986,"12/20"
31-03-2025,"WPR",42987,"6/07"
31-03-2025,"WPR",42990,"4/09,7/11,10/11,11/11,12/11,1/12,2/12,3/12"
31-03-2025,"WPR",42993,"1/19"
31-03-2025,"WPR",43003,"1/17,3/17"
31-03-2025,"WPR",43007,"9/14"
31-03-2025,"WPR",43008,"9/14,9/15"
31-03-2025,"WPR",43010,"11/12,12/12,3/15,3/20"
31-03-2025,"WPR",43011,"4/09"
31-03-2025,"WPR",43013,"3/17,5/08,8/08"
31-03-2025,"WPR",43017,"5/13"
31-03-2025,"WPR",43020,"1/12,2/09,3/23,4/17,6/07,7/07,8/07,9/14,10/14"
31-03-2025,"WPR",43026,"2/09"
31-03-2025,"WPR",43030,"1/16"
31-03-2025,"WPR",43035,"1/10"
31-03-2025,"WPR",43036,"11/09"
31-03-2025,"WPR",43052,"2/11,4/08,6/07,7/07,8/07,9/07"
31-03-2025,"WPR",43062,"4/07"
31-03-2025,"WPR",43071,"9/11"
31-03-2025,"WPR",43075,"12/09,2/19,3/24,4/13,8/08"
31-03-2025,"WPR",43076,"11/09,4/08"
31-03-2025,"WPR",43078,"4/08,4/12,5/12"
31-03-2025,"WPR",43079,"9/12"
31-03-2025,"WPR",43083,"12/09,8/08"
31-03-2025,"WPR",43087,"11/09,9/08,9/17"
31-03-2025,"WPR",43088,"11/09,9/08"
31-03-2025,"WPR",43091,"9/08"
31-03-2025,"WPR",43095,"7/15,8/15,12/15,8/12"
31-03-2025,"WPR",43098,"1/08"
31-03-2025,"WPR",43101,"4/07"
31-03-2025,"WPR",43103,"11/21"
31-03-2025,"WPR",43104,"8/08"
31-03-2025,"WPR",43106,"4/15,5/15"
31-03-2025,"WPR",43107,"1/16,5/13,7/16"
31-03-2025,"WPR",43109,"9/14,10/14,11/14,9/18,10/18"
31-03-2025,"WPR",43111,"11/09"
31-03-2025,"WPR",43113,"8/08"
31-03-2025,"WPR",43124,"12/12"
31-03-2025,"WPR",43125,"9/09"
31-03-2025,"WPR",43126,"3/10"
31-03-2025,"WPR",43127,"5/09,1/10"
31-03-2025,"WPR",43129,"11/09,3/10,5/14"
31-03-2025,"WPR",43132,"11/09"
31-03-2025,"WPR",43135,"3/15"
31-03-2025,"WPR",43137,"10/16,12/16,3/17,6/17,7/17"
31-03-2025,"WPR",43141,"6/07,9/13"
31-03-2025,"WPR",43143,"12/08"
31-03-2025,"WPR",43150,"6/12"
31-03-2025,"WPR",43153,"5/20"
31-03-2025,"WPR",43155,"7/21"
31-03-2025,"WPR",43160,"4/22,5/22,6/22,7/21,8/21,9/21,10/21,11/21,12/21,1/22,2/22,3/22"
31-03-2025,"WPR",43161,"8/09"
31-03-2025,"WPR",43168,"12/20"
31-03-2025,"WPR",43170,"10/18,11/18,12/18,1/19,2/19"
31-03-2025,"WPR",43177,"11/20,2/15,3/15"
31-03-2025,"WPR",43186,"11/20,2/20,3/20,3/15"
31-03-2025,"WPR",43190,"5/10"
31-03-2025,"WPR",43203,"10/16,1/17,2/17,3/17,11/11,12/11,1/12,2/12,3/12,4/12,6/12,7/12,8/12,9/12,4/17,5/17,6/17,7/17,8/17,9/17,10/17,11/17,12/17,1/18,2/18,3/18,4/19,5/19,6/19,7/19,8/19,9/19,10/19,11/19,12/19,1/20,2/20,3/20,4/20,5/18,6/18,7/18,8/18,9/18,10/18,11/18,12/18,1/19,2/19,3/19,6/10,6/23,7/23,8/23,9/23,10/23,11/23,12/23,1/24,2/24,3/24,7/15,12/15"
31-03-2025,"WPR",43205,"10/15"
31-03-2025,"WPR",43208,"3/18,4/18,5/18"
31-03-2025,"WPR",43210,"8/07"
31-03-2025,"WPR",43221,"6/16,8/14"
31-03-2025,"WPR",43225,"5/20"
31-03-2025,"WPR",43230,"3/24"
31-03-2025,"WPR",43233,"11/10"
31-03-2025,"WPR",43235,"3/22,4/08"
31-03-2025,"WPR",43248,"5/11"
31-03-2025,"WPR",43252,"11/14,4/08,3/09"
31-03-2025,"WPR",43260,"6/07"
31-03-2025,"WPR",43275,"1/24,2/24,3/24,8/16"
31-03-2025,"WPR",43284,"1/10"
31-03-2025,"WPR",43285,"8/08"
31-03-2025,"WPR",43289,"9/07"
31-03-2025,"WPR",43291,"11/09"
31-03-2025,"WPR",43292,"6/15,7/15,12/15"
31-03-2025,"WPR",43294,"10/15,2/16,10/22,11/22,12/22,2/17,3/22,5/18"
31-03-2025,"WPR",43305,"3/19,4/19"
31-03-2025,"WPR",43306,"4/08,5/07"
31-03-2025,"WPR",43307,"4/08"
31-03-2025,"WPR",43309,"12/08"
31-03-2025,"WPR",43317,"12/08"
31-03-2025,"WPR",43329,"6/07"
31-03-2025,"WPR",43331,"9/08"
31-03-2025,"WPR",43336,"3/17"
31-03-2025,"WPR",43338,"1/10"
31-03-2025,"WPR",43343,"4/08"
31-03-2025,"WPR",43344,"7/16"
31-03-2025,"WPR",43345,"5/13"
31-03-2025,"WPR",43346,"10/09,5/13,8/15,12/15"
31-03-2025,"WPR",43349,"1/12"
31-03-2025,"WPR",43353,"9/23"
31-03-2025,"WPR",43354,"8/11"
31-03-2025,"WPR",43357,"8/15,2/16"
31-03-2025,"WPR",43360,"1/15"
31-03-2025,"WPR",43375,"9/10,10/10"
31-03-2025,"WPR",43380,"4/07,5/07,6/07,7/07,8/07,9/07,8/09"
31-03-2025,"WPR",43390,"12/08"
31-03-2025,"WPR",43392,"8/18"
31-03-2025,"WPR",43397,"6/07"
31-03-2025,"WPR",43401,"6/07"
31-03-2025,"WPR",43405,"11/20"
31-03-2025,"WPR",43408,"5/20,9/17"
31-03-2025,"WPR",43411,"11/09"
31-03-2025,"WPR",43423,"7/15,8/15,9/15,10/15,11/15,12/15,1/16,2/16,3/16"
31-03-2025,"WPR",43424,"12/23,1/24,4/07,5/07"
31-03-2025,"WPR",43428,"12/14"
31-03-2025,"WPR",43437,"4/08"
31-03-2025,"WPR",43438,"1/23,2/23,3/23,11/15,12/15,1/16,2/16,3/16,11/20,12/21,1/22,2/22,3/22,2/12,3/12,4/12,5/12,2/13,3/13,4/13,5/13,6/13,11/13,12/13,1/14,2/14,3/14,4/16,5/16,10/16,11/16,4/19,5/19,6/19,7/19,8/19,4/23,5/23,6/23,5/18,6/18,7/18,8/18,9/18,10/18,11/18,12/18,1/19,2/19,3/19"
31-03-2025,"WPR",43446,"7/22"
31-03-2025,"WPR",43447,"11/09"
31-03-2025,"WPR",43450,"12/15"
31-03-2025,"WPR",43453,"1/17"
31-03-2025,"WPR",43460,"9/16"
31-03-2025,"WPR",43484,"6/07"
31-03-2025,"WPR",43486,"10/09,12/09"
31-03-2025,"WPR",43487,"7/12"
31-03-2025,"WPR",43488,"2/24,3/24"
31-03-2025,"WPR",43489,"7/07"
31-03-2025,"WPR",43492,"5/15,6/15,7/15"
31-03-2025,"WPR",43503,"8/19"
31-03-2025,"WPR",43508,"3/16"
31-03-2025,"WPR",43518,"6/07"
31-03-2025,"WPR",43531,"1/10,2/17"
31-03-2025,"WPR",43536,"1/10,4/07"
31-03-2025,"WPR",43543,"6/11"
31-03-2025,"WPR",43549,"4/14"
31-03-2025,"WPR",43554,"2/12"
31-03-2025,"WPR",43559,"6/07"
31-03-2025,"WPR",43560,"1/10"
31-03-2025,"WPR",43575,"12/14"
31-03-2025,"WPR",43577,"12/09"
31-03-2025,"WPR",43581,"12/09,8/08"
31-03-2025,"WPR",43591,"10/09,12/09"
31-03-2025,"WPR",43592,"3/24,6/07,8/09"
31-03-2025,"WPR",43594,"6/07,6/09,8/09,6/20,8/20"
31-03-2025,"WPR",43596,"2/17"
31-03-2025,"WPR",43602,"1/24,2/24,3/24"
31-03-2025,"WPR",43619,"1/18,11/20,7/22"
31-03-2025,"WPR",43626,"3/21,8/08"
31-03-2025,"WPR",43636,"1/15"
31-03-2025,"WPR",43642,"4/12,7/13,9/13"
31-03-2025,"WPR",43651,"12/14"
31-03-2025,"WPR",43657,"4/08"
31-03-2025,"WPR",43661,"11/12,3/13,2/24,3/24,4/13,5/13,6/13,7/13,8/13,9/13,10/13,11/13,12/13,1/14,2/14"
31-03-2025,"WPR",43703,"7/21"
31-03-2025,"WPR",43707,"10/09,12/20,3/24,4/07,5/07,6/07,7/07,8/07,9/07,10/07,11/07,5/11,6/11"
31-03-2025,"WPR",43716,"10/16,7/17"
31-03-2025,"WPR",43717,"7/17"
31-03-2025,"WPR",43720,"12/09,8/08"
31-03-2025,"WPR",43724,"11/21"
31-03-2025,"WPR",43726,"9/22"
31-03-2025,"WPR",43738,"11/09,11/20,8/15"
31-03-2025,"WPR",43751,"1/15,4/07"
31-03-2025,"WPR",43788,"10/09,11/09"
31-03-2025,"WPR",43795,"1/10,11/20"
31-03-2025,"WPR",43799,"1/15"
31-03-2025,"WPR",43810,"6/07"
31-03-2025,"WPR",43822,"3/18"
31-03-2025,"WPR",43823,"6/07"
31-03-2025,"WPR",43824,"6/12,7/12,8/12,8/07,9/07,10/07,11/07,12/07"
31-03-2025,"WPR",43825,"1/15"
31-03-2025,"WPR",43827,"11/20"
31-03-2025,"WPR",43828,"2/15"
31-03-2025,"WPR",43835,"10/14"
31-03-2025,"WPR",43836,"1/10"
31-03-2025,"WPR",43845,"4/20,5/20"
31-03-2025,"WPR",43851,"1/15"
31-03-2025,"WPR",43852,"4/17,5/17,6/17,7/17,8/17,9/17,10/17,11/17,12/17,1/18,2/18,3/18,4/18,5/18,6/18,7/18,8/18,9/18,10/18,11/18,12/18,1/19,2/19,3/19,4/19,5/19,6/19,7/19,8/19,9/19,10/19,11/19,12/19,1/20,2/20,3/20,4/20,5/20,6/20,7/20,8/20,9/20,10/20,11/20,12/20,1/21,2/21,3/21,4/21,5/21,6/21,7/21,8/21,9/21,10/21,11/21,12/21,1/22,2/22,3/22,4/22,5/22,6/22,7/22,8/22,9/22,10/22,11/22,12/22,1/23,2/23,3/23,4/23,5/23,6/23,7/23,8/23,9/23,10/23,11/23,12/23,1/24,2/24,3/24,9/16,10/16,11/16,12/16,1/17,2/17,3/17"
31-03-2025,"WPR",43872,"6/07"
31-03-2025,"WPR",43873,"7/15"
31-03-2025,"WPR",43901,"1/15"
31-03-2025,"WPR",43904,"8/09,9/09"
31-03-2025,"WPR",43915,"11/09"
31-03-2025,"WPR",43916,"12/14"
31-03-2025,"WPR",43919,"1/10,4/07"
31-03-2025,"WPR",43928,"11/09,3/24,9/08"
31-03-2025,"WPR",43929,"7/11"
31-03-2025,"WPR",43935,"4/18,5/18,6/18"
31-03-2025,"WPR",42950,"11/20,6/16"
31-03-2025,"WPR",42952,"1/15,7/15"
31-03-2025,"WPR",42953,"12/09,3/21"
31-03-2025,"WPR",42962,"12/09,1/10,2/10,3/10,4/07,5/07,6/07,4/10,5/10,6/10,7/10,8/10,9/10,10/10,11/10,12/10"
31-03-2025,"WPR",38166,"9/09,11/09,2/10,3/10"
31-03-2025,"WPR",38184,"3/24"
31-03-2025,"WPR",38212,"11/20"
31-03-2025,"WPR",38231,"12/22,1/23,2/23"
31-03-2025,"WPR",38242,"11/15"
31-03-2025,"WPR",38243,"2/24,3/24"
31-03-2025,"WPR",38259,"7/13"
31-03-2025,"WPR",38265,"3/21"
31-03-2025,"WPR",38267,"5/18,6/18"
31-03-2025,"WPR",38292,"12/09,5/22,8/08,9/15"
31-03-2025,"WPR",38302,"2/24,3/24"
31-03-2025,"WPR",38309,"1/24,2/24,3/24"
31-03-2025,"WPR",38333,"2/24,3/24"
31-03-2025,"WPR",38336,"3/24"
31-03-2025,"WPR",38343,"8/08"
31-03-2025,"WPR",38348,"11/09,11/10"
31-03-2025,"WPR",38390,"2/24,3/24"
31-03-2025,"WPR",38396,"1/24,2/24,3/24"
31-03-2025,"WPR",38402,"4/07"
31-03-2025,"WPR",38438,"1/14"
31-03-2025,"WPR",38448,"10/09,12/09,10/20,12/20,7/16"
31-03-2025,"WPR",38472,"3/24"
31-03-2025,"WPR",38474,"4/21"
31-03-2025,"WPR",38479,"11/08,12/08,1/09,2/09"
31-03-2025,"WPR",38492,"4/21,5/21,6/21,7/21"
31-03-2025,"WPR",38493,"1/18"
31-03-2025,"WPR",38517,"11/12"
31-03-2025,"WPR",38528,"2/16"
31-03-2025,"WPR",38566,"3/24"
31-03-2025,"WPR",38570,"2/16"
31-03-2025,"WPR",38578,"3/24"
31-03-2025,"WPR",38584,"6/09"
31-03-2025,"WPR",38592,"1/17,6/09"
31-03-2025,"WPR",38593,"6/09"
31-03-2025,"WPR",38594,"11/12,6/09"
31-03-2025,"WPR",38595,"6/09"
31-03-2025,"WPR",38597,"6/09"
31-03-2025,"WPR",38599,"6/09"
31-03-2025,"WPR",38619,"11/12,4/07,7/07,8/07,9/07,5/10"
31-03-2025,"WPR",38626,"3/14"
31-03-2025,"WPR",38628,"1/15"
31-03-2025,"WPR",38641,"11/09"
31-03-2025,"WPR",38657,"8/23"
31-03-2025,"WPR",38667,"1/14"
31-03-2025,"WPR",38669,"8/15"
31-03-2025,"WPR",38690,"10/09,12/09"
31-03-2025,"WPR",38692,"1/15"
31-03-2025,"WPR",38703,"12/23,1/24,2/24,3/24"
31-03-2025,"WPR",38710,"10/09,12/09,10/16,11/16,11/07,12/07,11/22,12/22,11/23,12/23,1/24,2/24,3/24,12/10,1/11,2/11,4/08,5/08,7/08,8/08,9/08,10/08,11/08,12/08,4/12,5/12,6/12,7/12,8/12,9/12,12/12,1/13,2/13,3/13,4/13,8/13,9/13,11/13,12/13,2/14,3/14,4/19,8/19,9/19,11/19,12/19,1/20,2/20,3/20,4/20,5/20,6/20,7/20,8/20,9/20,10/20,11/20,12/20,1/21,2/21,3/21,4/21,5/21,8/21,6/15,7/15,9/15,11/15,12/15,1/16,2/16,6/18,7/18,8/18,9/18,7/11,8/11,11/11,12/11,2/12,3/12,7/17,8/17,9/14,10/14,12/14,1/15,2/15"
31-03-2025,"WPR",38724,"7/17"
31-03-2025,"WPR",38730,"7/11"
31-03-2025,"WPR",38735,"1/15"
31-03-2025,"WPR",38746,"12/09,12/11"
31-03-2025,"WPR",38749,"1/15,4/07,5/07,6/07,7/07,8/07,9/07,10/07,11/07,12/07,1/08,2/08,3/08,4/08,5/08,6/08,7/08,8/08,9/08,10/08,11/08,12/08,1/09,2/09,3/09,4/09,5/09,6/09,7/09,8/09,9/09,10/09,11/09,12/09,1/10,2/10,3/10,4/10,5/10,6/10"
31-03-2025,"WPR",38753,"1/17,3/19"
31-03-2025,"WPR",38756,"2/24,3/24"
31-03-2025,"WPR",38776,"11/09"
31-03-2025,"WPR",38797,"4/07,5/07,6/07,7/07,8/07,9/07,10/07,11/07,12/07,1/08,2/08,3/08,4/08,5/08,6/08,7/08,8/08,9/08,10/08,11/08,12/08,1/09,2/09,3/09,4/09,5/09,6/09,7/09,8/09,9/09,10/09,11/09,12/09,1/10,2/10,3/10,4/10,5/10,6/10,7/10,8/10,9/10,10/10,11/10,12/10,1/11,2/11,3/11,4/11,5/11,6/11,7/11,8/11,9/11,10/11,11/11,12/11,1/12,2/12,3/12,4/12,5/12,6/12,7/12,8/12,9/12,10/12,11/12,12/12,1/13,2/13,3/13,4/13,5/13,7/13,8/13,9/13,10/13,11/13,12/13,1/14,2/14,3/14,4/14,5/14,6/14,7/14,8/14,9/14,10/14,11/14,12/14,1/15,2/15,3/15,4/15,5/15,6/15,7/15,8/15,9/15,10/15,11/15,12/15,1/16,2/16,3/16,4/16,5/16,6/16,7/16,8/16,9/16,10/16,11/16,12/16,1/17,2/17,3/17,4/17,5/17,6/17,7/17,8/17,9/17,10/17,11/17,12/17,1/18,2/18,3/18,4/18,5/18,6/18,7/18,8/18,9/18,10/18,11/18,12/18,1/19,2/19,3/19,4/19,5/19,6/19,7/19,8/19,9/19,10/19,11/19,12/19,1/20,2/20,3/20,4/20,5/20,6/20,7/20,8/20,9/20,10/20,11/20,12/20,1/21,2/21,3/21,4/21,5/21,6/21,7/21,8/21,9/21,10/21,11/21,12/21,1/22,2/22,3/22,4/22,5/22,6/22,7/22,8/22,9/22,10/22,11/22,12/22,1/23,2/23,3/23,4/23,5/23,6/23,7/23,8/23,9/23,10/23,11/23,12/23,1/24,2/24,3/24"
31-03-2025,"WPR",38834,"1/10"
31-03-2025,"WPR",38836,"11/20"
31-03-2025,"WPR",38928,"11/09"
31-03-2025,"WPR",38941,"11/19,12/19,1/20,2/20,3/20,4/20,5/20,6/20,7/20,8/20,9/20,10/20,11/20,12/20,1/21,2/21,3/21,4/21,5/21,6/21,7/21,8/21,9/21,10/21,11/21,12/21,1/22,2/22,3/22,4/22,5/22,6/22,7/22,8/22,9/22,10/22,11/22,12/22,1/23,2/23,3/23,4/23,5/23,6/23,7/23,8/23,9/23,10/23,11/23,12/23,1/24,2/24,3/24"
31-03-2025,"WPR",38962,"3/24"
31-03-2025,"WPR",39038,"6/08"
31-03-2025,"WPR",39039,"12/23,1/24,2/24,3/24"
31-03-2025,"WPR",39045,"2/24,3/24"
31-03-2025,"WPR",39057,"4/15"
31-03-2025,"WPR",39058,"7/08"
31-03-2025,"WPR",39070,"2/24,3/24"
31-03-2025,"WPR",39078,"11/09"
31-03-2025,"WPR",39115,"1/14"
31-03-2025,"WPR",39127,"1/14,2/16"
31-03-2025,"WPR",40232,"3/19,4/08,4/19,5/19,6/19,7/19,8/19"
31-03-2025,"WPR",40236,"1/13,7/16"
31-03-2025,"WPR",40254,"10/09,11/09"
31-03-2025,"WPR",39131,"10/09,12/09"
31-03-2025,"WPR",39138,"12/23,1/24,2/24,3/24"
31-03-2025,"WPR",39146,"10/18"
31-03-2025,"WPR",39175,"4/08,5/08,6/08,7/08,8/08,9/08,10/08,11/08,12/08,1/09,2/09,3/09"
31-03-2025,"WPR",39198,"10/23,2/24,3/24"
31-03-2025,"WPR",39210,"12/09,12/23,1/24,2/24,3/24,8/08"
31-03-2025,"WPR",39213,"12/23,1/24,2/24,3/24"
31-03-2025,"WPR",39218,"10/15,11/15,12/15,2/24,3/24"
31-03-2025,"WPR",39242,"1/17,2/17"
31-03-2025,"WPR",39268,"9/14"
31-03-2025,"WPR",39270,"6/09"
31-03-2025,"WPR",39286,"4/07"
31-03-2025,"WPR",39293,"4/20"
31-03-2025,"WPR",39320,"7/08"
31-03-2025,"WPR",39323,"2/17"
31-03-2025,"WPR",39327,"8/16"
31-03-2025,"WPR",39336,"1/14,7/08"
31-03-2025,"WPR",39421,"5/15"
31-03-2025,"WPR",39505,"1/15,1/24,2/24,3/24,4/19,5/19,6/19,7/19"
31-03-2025,"WPR",39527,"11/08,12/08,4/23,5/23,6/23,7/23,8/23,9/23,10/23,11/23,12/23,1/24,2/24,3/24,5/12,6/12,7/12,8/20,9/20,9/22,10/22,11/22,12/22,1/23,2/23,3/23"
31-03-2025,"WPR",39605,"2/16"
31-03-2025,"WPR",39610,"4/15"
31-03-2025,"WPR",39616,"12/15"
31-03-2025,"WPR",39622,"1/15"
31-03-2025,"WPR",39623,"2/24,3/24"
31-03-2025,"WPR",39630,"1/17"
31-03-2025,"WPR",39631,"12/14"
31-03-2025,"WPR",39638,"12/09,8/08"
31-03-2025,"WPR",39640,"3/23"
31-03-2025,"WPR",39643,"2/24,3/24"
31-03-2025,"WPR",39653,"9/21"
31-03-2025,"WPR",39656,"8/19"
31-03-2025,"WPR",39664,"2/16,3/13"
31-03-2025,"WPR",39674,"6/20"
31-03-2025,"WPR",39684,"1/12,3/12,2/17,5/12,6/12,5/20,6/20,8/13"
31-03-2025,"WPR",39686,"7/16"
31-03-2025,"WPR",39689,"2/16,3/13"
31-03-2025,"WPR",39702,"1/10,2/17"
31-03-2025,"WPR",39718,"3/24"
31-03-2025,"WPR",39720,"4/09,5/09"
31-03-2025,"WPR",39724,"3/21"
31-03-2025,"WPR",39730,"1/15,1/24,2/24,3/24"
31-03-2025,"WPR",39734,"10/09"
31-03-2025,"WPR",39739,"10/09,11/09,3/18,4/18,5/18,6/18,7/18"
31-03-2025,"WPR",39740,"3/16"
31-03-2025,"WPR",39742,"4/08"
31-03-2025,"WPR",39745,"4/16"
31-03-2025,"WPR",39750,"2/23,8/09,3/10"
31-03-2025,"WPR",39751,"10/09,12/09"
31-03-2025,"WPR",39775,"1/10,4/07"
31-03-2025,"WPR",39794,"1/20"
31-03-2025,"WPR",39797,"10/16,12/16,3/17,6/13,6/17,7/17"
31-03-2025,"WPR",39807,"9/15"
31-03-2025,"WPR",39809,"3/24"
31-03-2025,"WPR",39826,"1/10,2/10,8/15"
31-03-2025,"WPR",39838,"6/10"
31-03-2025,"WPR",39855,"1/24,2/24,3/24"
31-03-2025,"WPR",39859,"2/13,2/24,3/24"
31-03-2025,"WPR",39882,"1/10"
31-03-2025,"WPR",39920,"8/09"
31-03-2025,"WPR",39939,"8/21"
31-03-2025,"WPR",39942,"12/09,3/10,8/08"
31-03-2025,"WPR",39958,"1/17,8/08"
31-03-2025,"WPR",39970,"1/16"
31-03-2025,"WPR",39972,"12/09"
31-03-2025,"WPR",39975,"3/16"
31-03-2025,"WPR",39994,"12/09"
31-03-2025,"WPR",40018,"12/09,8/08"
31-03-2025,"WPR",40071,"3/24"
31-03-2025,"WPR",40139,"7/11"
31-03-2025,"WPR",40149,"6/09"
31-03-2025,"WPR",40150,"11/09"
31-03-2025,"WPR",40155,"8/08,8/17,9/17"
31-03-2025,"WPR",40157,"12/17,4/09,12/09,8/08"
31-03-2025,"WPR",40171,"3/15,8/09"
31-03-2025,"WPR",40179,"11/23,12/23,1/24"
31-03-2025,"WPR",40184,"2/24,3/24"
31-03-2025,"WPR",40185,"3/18,5/23,6/23,7/23,8/23,9/23,10/23,11/23,12/23,1/24,2/24,3/24"
31-03-2025,"WPR",40186,"11/09"
31-03-2025,"WPR",40187,"10/15"
31-03-2025,"WPR",40213,"12/23,1/24,2/24,3/24"
31-03-2025,"WPR",40231,"11/09"
31-03-2025,"WPR",43940,"11/14"
31-03-2025,"WPR",43943,"9/15"
31-03-2025,"WPR",43946,"9/07,11/07"
31-03-2025,"WPR",43951,"12/14"
31-03-2025,"WPR",43964,"4/22,5/22,6/22,7/22,8/22,9/22,10/22,11/22,12/22,1/23,2/23,3/23,4/23,5/23,6/23,7/23,8/23,9/23,10/23,11/23,12/23,1/24,2/24,3/24,7/21,8/21,9/21,10/21,11/21,12/21,1/22,2/22,3/22"
31-03-2025,"WPR",43966,"1/17,2/17,3/17"
31-03-2025,"WPR",43988,"1/15"
31-03-2025,"WPR",43990,"4/07,5/07,6/07,7/07,8/07,9/07,10/07,11/07,12/07,1/08,2/08,3/08,4/08,5/08,6/08,7/08,8/08,9/08,10/08,11/08,12/08,1/09,2/09,3/09,4/09,5/09,6/09,7/09,8/09,9/09,10/09,11/09,12/09,1/10,2/10,3/10,4/10,5/10"
31-03-2025,"WPR",43994,"2/24,3/24"
31-03-2025,"WPR",44006,"11/20"
31-03-2025,"WPR",44008,"1/17"
31-03-2025,"WPR",44009,"12/14"
31-03-2025,"WPR",44018,"7/14"
31-03-2025,"WPR",44029,"11/09"
31-03-2025,"WPR",44035,"7/22"
31-03-2025,"WPR",44038,"3/13,3/15,6/07,7/07,8/07,9/07,10/07,11/07,12/07,2/08"
31-03-2025,"WPR",44039,"6/07"
31-03-2025,"WPR",44059,"10/14,11/14,12/14,11/12,12/12,3/16,5/10"
31-03-2025,"WPR",44063,"6/07,6/15"
31-03-2025,"WPR",44071,"9/16"
31-03-2025,"WPR",44075,"11/20"
31-03-2025,"WPR",44091,"10/08"
31-03-2025,"WPR",44103,"4/10,6/07"
31-03-2025,"WPR",44105,"6/07"
31-03-2025,"WPR",44109,"6/07"
31-03-2025,"WPR",44116,"11/15"
31-03-2025,"WPR",44119,"7/18"
31-03-2025,"WPR",44121,"12/19,2/15"
31-03-2025,"WPR",44134,"10/09,12/09,10/15,3/23"
31-03-2025,"WPR",44138,"3/13"
31-03-2025,"WPR",44151,"1/15,3/15"
31-03-2025,"WPR",44156,"2/20"
31-03-2025,"WPR",44158,"10/09,12/09,12/13"
31-03-2025,"WPR",44165,"3/12,5/13,8/09"
31-03-2025,"WPR",44170,"5/20"
31-03-2025,"WPR",44172,"7/17"
31-03-2025,"WPR",44185,"11/07,2/22,3/22,3/15,4/22,5/22,6/22"
31-03-2025,"WPR",44187,"3/19"
31-03-2025,"WPR",44202,"11/14,7/15"
31-03-2025,"WPR",44203,"11/09"
31-03-2025,"WPR",44209,"9/15"
31-03-2025,"WPR",44210,"8/09,10/09,12/09"
31-03-2025,"WPR",44211,"1/15"
31-03-2025,"WPR",44213,"6/21"
31-03-2025,"WPR",44217,"1/15"
31-03-2025,"WPR",44218,"6/07"
31-03-2025,"WPR",44231,"1/12,12/07"
31-03-2025,"WPR",44239,"11/20"
31-03-2025,"WPR",44244,"10/08,3/17"
31-03-2025,"WPR",44251,"11/16"
31-03-2025,"WPR",44254,"4/12,5/12,6/12"
31-03-2025,"WPR",44255,"12/13,4/07,5/07,5/08,6/08,7/08,8/14,9/14"
31-03-2025,"WPR",44258,"1/16"
31-03-2025,"WPR",44269,"7/12,8/12"
31-03-2025,"WPR",44273,"2/17"
31-03-2025,"WPR",44276,"4/07"
31-03-2025,"WPR",44283,"11/13,2/14"
31-03-2025,"WPR",44284,"11/09"
31-03-2025,"WPR",44288,"1/11,2/13,3/10,4/08,11/08,8/11"
31-03-2025,"WPR",44289,"4/08"
31-03-2025,"WPR",44295,"3/13,4/13,5/13,6/13,7/13,8/13,9/13,10/13,11/13"
31-03-2025,"WPR",44298,"11/09"
31-03-2025,"WPR",44299,"9/09"
31-03-2025,"WPR",44301,"1/10,4/08,8/15"
31-03-2025,"WPR",44303,"12/15,1/16"
31-03-2025,"WPR",44317,"9/07"
31-03-2025,"WPR",44319,"12/18,1/19,2/19"
31-03-2025,"WPR",44321,"12/09"
31-03-2025,"WPR",44327,"4/12"
31-03-2025,"WPR",44330,"1/16,2/16,5/13"
31-03-2025,"WPR",44331,"5/13,7/19,8/19,8/15,12/15,9/10"
31-03-2025,"WPR",44332,"5/13,8/15,12/15"
31-03-2025,"WPR",44334,"10/14,1/15,2/15"
31-03-2025,"WPR",44335,"3/15"
31-03-2025,"WPR",44339,"2/15"
31-03-2025,"WPR",44340,"6/11"
31-03-2025,"WPR",44341,"1/11,3/17,5/13,8/15,12/15"
31-03-2025,"WPR",44342,"2/10"
31-03-2025,"WPR",44344,"12/16,4/08"
31-03-2025,"WPR",44346,"4/15,5/15"
31-03-2025,"WPR",44352,"3/09"
31-03-2025,"WPR",44358,"9/16"
31-03-2025,"WPR",44369,"4/21"
31-03-2025,"WPR",44371,"3/16"
31-03-2025,"WPR",44375,"4/07,5/07,6/07,7/07,8/07,9/07,10/07,11/07,12/07,1/08,2/08,3/08,4/08,5/08,6/08"
31-03-2025,"WPR",44379,"2/16,2/23,3/23"
31-03-2025,"WPR",44384,"5/20,8/09,10/09"
31-03-2025,"WPR",44388,"11/12,4/20"
31-03-2025,"WPR",44390,"5/08"
31-03-2025,"WPR",44392,"5/08"
31-03-2025,"WPR",44393,"5/08,5/10,6/15,6/18"
31-03-2025,"WPR",44395,"12/09,8/08,9/17"
31-03-2025,"WPR",44397,"11/20,11/21"
31-03-2025,"WPR",44398,"5/08"
31-03-2025,"WPR",44403,"5/08"
31-03-2025,"WPR",44404,"5/08"
31-03-2025,"WPR",44405,"5/08"
31-03-2025,"WPR",44406,"4/22"
31-03-2025,"WPR",44409,"5/08"
31-03-2025,"WPR",44410,"5/20"
31-03-2025,"WPR",44414,"10/09,12/09,4/18,5/18,6/18,7/18,8/18,7/17,8/17"
31-03-2025,"WPR",44426,"10/13"
31-03-2025,"WPR",44432,"1/13"
31-03-2025,"WPR",44441,"1/17"
31-03-2025,"WPR",44442,"11/15"
31-03-2025,"WPR",44445,"4/08"
31-03-2025,"WPR",44446,"3/23,4/12"
31-03-2025,"WPR",44449,"4/08"
31-03-2025,"WPR",44450,"4/08"
31-03-2025,"WPR",44451,"11/07,12/07,3/08,12/16,4/08,3/09,4/21"
31-03-2025,"WPR",44453,"4/08,6/12,9/07"
31-03-2025,"WPR",44456,"3/18,4/12"
31-03-2025,"WPR",44459,"9/10"
31-03-2025,"WPR",44463,"8/13"
31-03-2025,"WPR",44464,"10/09,12/09"
31-03-2025,"WPR",44466,"5/08,8/07"
31-03-2025,"WPR",44468,"12/09,8/08"
31-03-2025,"WPR",44474,"11/09,2/12,2/17"
31-03-2025,"WPR",44483,"3/09"
31-03-2025,"WPR",44487,"3/21"
31-03-2025,"WPR",44489,"1/18"
31-03-2025,"WPR",44490,"11/20"
31-03-2025,"WPR",44491,"1/15,10/09,12/09,11/20"
31-03-2025,"WPR",44499,"5/13"
31-03-2025,"WPR",44502,"10/09,12/09"
31-03-2025,"WPR",44503,"10/14,4/20,5/20,6/21,7/21,8/21"
31-03-2025,"WPR",44551,"11/16,7/10,8/10,2/11,3/11"
31-03-2025,"WPR",44555,"1/24,2/24,3/24,4/07"
31-03-2025,"WPR",44564,"10/23,11/19,12/19,12/22,7/17,8/17,9/17,10/17,8/20"
31-03-2025,"WPR",44576,"12/09,3/10"
31-03-2025,"WPR",44578,"12/18"
31-03-2025,"WPR",44580,"4/07,6/07"
31-03-2025,"WPR",44598,"3/10"
31-03-2025,"WPR",44606,"2/24,3/24"
31-03-2025,"WPR",44619,"4/21"
31-03-2025,"WPR",44624,"5/13,7/13"
31-03-2025,"WPR",44625,"1/10"
31-03-2025,"WPR",44638,"1/16,4/10"
31-03-2025,"WPR",44642,"1/13"
31-03-2025,"WPR",44653,"4/21,5/21,6/21,7/21,8/21,9/21,10/21,11/21,12/21,1/22,2/22,3/22,4/22,5/22,6/22,7/22,8/22,9/22,10/22,11/22,12/22,1/23,2/23,3/23,4/23,5/23,6/23,7/23,8/23,9/23,10/23,11/23,12/23,1/24,2/24,3/24,8/20,9/20,10/20,11/20,12/20,1/21,2/21,3/21"
31-03-2025,"WPR",44654,"11/20"
31-03-2025,"WPR",44659,"6/10"
31-03-2025,"WPR",44663,"1/09"
31-03-2025,"WPR",44664,"12/15"
31-03-2025,"WPR",44667,"4/12"
31-03-2025,"WPR",44669,"11/20,7/22"
31-03-2025,"WPR",44674,"7/14"
31-03-2025,"WPR",44679,"12/15,3/09"
31-03-2025,"WPR",44682,"7/21"
31-03-2025,"WPR",44683,"3/15,6/11"
31-03-2025,"WPR",44685,"9/12"
31-03-2025,"WPR",44689,"1/19,3/20,4/20,5/20,6/20,7/20,8/20,1/21,4/21,5/21,6/21,7/21,8/21,9/21,10/21,11/21,12/21,1/22,2/22,3/22,4/22,5/22,6/22,7/22,8/22,9/22,10/22"
31-03-2025,"WPR",44696,"4/17"
31-03-2025,"WPR",44697,"3/09"
31-03-2025,"WPR",44701,"6/11"
31-03-2025,"WPR",44702,"5/12,3/13"
31-03-2025,"WPR",44703,"10/16,12/16,3/17,6/17,7/17"
31-03-2025,"WPR",44706,"3/22,4/22,6/07,9/20"
31-03-2025,"WPR",44722,"12/16"
31-03-2025,"WPR",44724,"6/07"
31-03-2025,"WPR",44726,"9/07"
31-03-2025,"WPR",44727,"5/08"
31-03-2025,"WPR",44732,"3/11,8/09,10/09,12/09"
31-03-2025,"WPR",44733,"10/09,12/09"
31-03-2025,"WPR",44739,"4/14,5/14,6/14"
31-03-2025,"WPR",44743,"8/09"
31-03-2025,"WPR",44748,"3/15"
31-03-2025,"WPR",44759,"12/18"
31-03-2025,"WPR",44762,"10/09,12/09"
31-03-2025,"WPR",44769,"5/10"
31-03-2025,"WPR",44773,"7/08,3/09"
31-03-2025,"WPR",44775,"2/09,3/09,6/07"
31-03-2025,"WPR",44780,"6/08"
31-03-2025,"WPR",44782,"10/09,11/09,3/24"
31-03-2025,"WPR",44783,"5/08"
31-03-2025,"WPR",44784,"11/09"
31-03-2025,"WPR",44793,"11/09"
31-03-2025,"WPR",44803,"12/09"
31-03-2025,"WPR",44807,"1/15,4/21,5/21,6/21,7/21,8/21,9/21,10/21,11/21,12/21,1/22"
31-03-2025,"WPR",44825,"1/24,2/24,3/24"
31-03-2025,"WPR",44828,"12/12"
31-03-2025,"WPR",44829,"8/09,10/09,12/09,3/10"
31-03-2025,"WPR",44831,"8/08"
31-03-2025,"WPR",44833,"2/09"
31-03-2025,"WPR",44834,"12/09,8/08"
31-03-2025,"WPR",44836,"12/09,8/08"
31-03-2025,"WPR",44852,"10/21"
31-03-2025,"WPR",44855,"5/08"
31-03-2025,"WPR",44857,"8/17,9/18"
31-03-2025,"WPR",44858,"5/08"
31-03-2025,"WPR",44860,"5/08"
31-03-2025,"WPR",44863,"5/08"
31-03-2025,"WPR",44864,"5/08,8/07"
31-03-2025,"WPR",44865,"1/10"
31-03-2025,"WPR",44872,"10/19,11/20,5/08"
31-03-2025,"WPR",44874,"11/20"
31-03-2025,"WPR",44881,"3/13"
31-03-2025,"WPR",44883,"1/10,4/07,9/20"
31-03-2025,"WPR",67274,"2/23,3/23,4/23,5/23,6/23,7/23,8/23,9/23,10/23,11/23,12/23,1/24,2/24,3/24"
31-03-2025,"WPR",67287,"12/23"
31-03-2025,"WPR",67296,"12/23"
31-03-2025,"WPR",67427,"3/24"
31-03-2025,"WPR",67464,"4/23,5/23,6/23,7/23,8/23,9/23,10/23,11/23,12/23,1/24,2/24,3/24,9/22,10/22,11/22,12/22,1/23,2/23,3/23"
31-03-2025,"WPR",67527,"4/22"
31-03-2025,"WPR",67528,"4/22"
31-03-2025,"WPR",67559,"5/22"
31-03-2025,"WPR",67561,"4/22"
31-03-2025,"WPR",67564,"12/23,1/24"
31-03-2025,"WPR",67576,"9/23,10/23,11/23,12/23,1/24,2/24,3/24"
31-03-2025,"WPR",67592,"12/22,1/23,2/23,3/23,4/23,5/23,6/23,7/23,8/23"
31-03-2025,"WPR",67593,"4/23,5/23,6/23,7/23,8/23,9/23,10/23,11/23,12/23,1/24,2/24,3/24,5/22,7/22,8/22,9/22,10/22,11/22,12/22,1/23,2/23,3/23"
31-03-2025,"WPR",67613,"4/22,5/22"
31-03-2025,"WPR",67614,"4/22,5/22"
31-03-2025,"WPR",67617,"4/22"
31-03-2025,"WPR",67621,"4/22"
31-03-2025,"WPR",67660,"1/24,2/24,3/24"
31-03-2025,"WPR",67661,"9/23,10/23,11/23,12/23"
31-03-2025,"WPR",67676,"5/22"
31-03-2025,"WPR",67710,"4/22"
31-03-2025,"WPR",67730,"2/23"
31-03-2025,"WPR",67744,"1/24,2/24"
31-03-2025,"WPR",67890,"4/23,5/23"
31-03-2025,"WPR",67895,"4/23,5/23,6/23,7/23,8/23,9/23,10/23,11/23,12/23,1/24,2/24,3/24"
31-03-2025,"WPR",67964,"4/23,5/23,6/23,7/23,8/23,9/23,10/23,11/23,12/23,1/24,2/24,3/24"
31-03-2025,"WPR",68046,"3/24"
31-03-2025,"WPR",68076,"12/23"
31-03-2025,"WPR",68201,"3/24"
31-03-2025,"WPR",68283,"3/24"
31-03-2025,"WPR",68370,"4/23,5/23,6/23,7/23,8/23,9/23,10/23,11/23,12/23,1/24,2/24,3/24"
31-03-2025,"WPR",68432,"4/23,5/23,6/23,7/23,8/23,9/23,10/23,11/23,12/23,1/24,2/24,3/24"
31-03-2025,"WPR",68651,"4/23"
31-03-2025,"WPR",68652,"4/23,5/23,6/23,7/23,8/23,9/23,10/23,11/23,12/23,1/24,2/24,3/24"
31-03-2025,"WPR",68655,"12/23,1/24,2/24,3/24"
31-03-2025,"WPR",68692,"4/23,5/23,6/23,7/23,8/23,9/23,10/23,11/23,12/23,1/24,2/24,3/24"
31-03-2025,"WPR",68705,"4/23,5/23,6/23,7/23,8/23,9/23,10/23,11/23,12/23,1/24,2/24,3/24"
31-03-2025,"WPR",68788,"4/23,5/23,6/23,7/23,8/23,9/23,10/23,11/23,12/23,1/24,2/24,3/24"
31-03-2025,"WPR",68831,"6/23,7/23,8/23,9/23,10/23,11/23,12/23,1/24,2/24,3/24"
31-03-2025,"WPR",61567,"2/22"
31-03-2025,"WPR",61570,"10/18"
31-03-2025,"WPR",61582,"2/22"
31-03-2025,"WPR",61584,"11/20"
31-03-2025,"WPR",61585,"5/20,6/20,7/20,8/20,9/20"
31-03-2025,"WPR",61588,"2/19,2/21,3/23,4/23,5/23,6/23,1/24,9/19,10/19,11/19,12/19,1/20"
31-03-2025,"WPR",61589,"5/18"
31-03-2025,"WPR",61598,"10/21,2/22,3/22"
31-03-2025,"WPR",61603,"6/21"
31-03-2025,"WPR",61606,"4/17,5/17,6/17,7/17,8/17,9/17,10/17,11/17,12/17,1/18,3/18,5/21,6/21"
31-03-2025,"WPR",61639,"12/21,1/22,2/22,3/22,4/22"
31-03-2025,"WPR",61656,"8/21"
31-03-2025,"WPR",61661,"5/21,3/22"
31-03-2025,"WPR",61685,"5/20,6/20"
31-03-2025,"WPR",61703,"5/19"
31-03-2025,"WPR",61713,"11/17,12/17"
31-03-2025,"WPR",61729,"7/21"
31-03-2025,"WPR",61770,"4/17,5/17,6/17,7/17,8/17,12/17,6/18,8/18,9/18"
31-03-2025,"WPR",61774,"10/17,3/18,4/18"
31-03-2025,"WPR",61789,"3/21"
31-03-2025,"WPR",61809,"9/21"
31-03-2025,"WPR",61817,"10/23,11/23,12/23,1/24,2/24,3/24"
31-03-2025,"WPR",61827,"9/19,12/19"
31-03-2025,"WPR",61828,"4/23,5/23,6/23,7/23,8/23,9/23,10/23,11/23,12/23,1/24,2/24,3/24,6/22,7/22,8/22,9/22,10/22,11/22,12/22,1/23,2/23,3/23"
31-03-2025,"WPR",61830,"4/21,5/21,6/21,7/20,8/20,9/20,10/20,11/20,12/20,2/21,3/21"
31-03-2025,"WPR",61836,"3/21"
31-03-2025,"WPR",61850,"1/22"
31-03-2025,"WPR",61851,"3/19,4/19,5/19,6/19,7/19,8/19,9/19,10/19,11/19,12/19,1/20,2/20,3/20,4/20,5/20,6/20,7/20,8/20,9/20,10/20,11/20,12/20,1/21,2/21,3/21,4/21,5/21,6/21,7/21,8/21,9/21,10/21,11/21,12/21,1/22,2/22,3/22,4/22,5/22,6/22,7/22,8/22,9/22,10/22,11/22,12/22,1/23,2/23,3/23,4/23,5/23"
31-03-2025,"WPR",61874,"6/20"
31-03-2025,"WPR",61883,"4/17,5/17"
31-03-2025,"WPR",61907,"5/21,6/21"
31-03-2025,"WPR",61908,"10/17,4/18"
31-03-2025,"WPR",61918,"8/23,9/23"
31-03-2025,"WPR",61921,"5/21"
31-03-2025,"WPR",61925,"2/21"
31-03-2025,"WPR",61935,"9/21,10/21,11/21,12/21,1/22"
31-03-2025,"WPR",61936,"4/19"
31-03-2025,"WPR",61939,"4/20,5/20,6/20,7/20,8/20,9/20"
31-03-2025,"WPR",61940,"10/21,11/21,12/21,1/22,2/22,3/22,11/20,12/20,1/21,2/21,4/22,5/22,6/22,7/22,8/22,9/22,11/22,12/22,3/23,4/23,5/23,6/23,7/23,8/23,9/23,10/23,11/23,12/23,1/24"
31-03-2025,"WPR",61941,"5/20,7/19,8/19,10/19"
31-03-2025,"WPR",61942,"9/21,10/21,11/21,12/21"
31-03-2025,"WPR",61943,"5/20"
31-03-2025,"WPR",61953,"12/21"
31-03-2025,"WPR",61963,"9/18"
31-03-2025,"WPR",61999,"10/18,4/19,5/19,6/19,7/19"
31-03-2025,"WPR",62019,"12/23,1/24,2/24,3/24"
31-03-2025,"WPR",62051,"5/22,6/22,7/22,8/22,9/22,10/22,11/22,12/22,5/23,6/23,7/23,8/23,9/23,10/23,11/23,12/23,1/24,2/24,3/24"
31-03-2025,"WPR",62058,"8/22,9/22,10/22,11/22,12/22,1/23,2/23,3/23,9/21,10/21"
31-03-2025,"WPR",62110,"7/19,8/19,9/19"
31-03-2025,"WPR",62145,"4/18"
31-03-2025,"WPR",62156,"4/18"
31-03-2025,"WPR",62167,"4/23,5/23,6/23,7/23,8/23,9/23,10/23,11/23,12/23,1/24,2/24,3/24,7/22,8/22,9/22,10/22,11/22,12/22,1/23,2/23,3/23"
31-03-2025,"WPR",62171,"4/18"
31-03-2025,"WPR",62172,"3/22"
31-03-2025,"WPR",62181,"4/18,5/18"
31-03-2025,"WPR",62228,"5/22,6/22"
31-03-2025,"WPR",62235,"4/18,7/18"
31-03-2025,"WPR",62238,"4/18"
31-03-2025,"WPR",62245,"8/23,9/23"
31-03-2025,"WPR",62252,"2/24,3/24"
31-03-2025,"WPR",62301,"8/18"
31-03-2025,"WPR",62302,"6/23"
31-03-2025,"WPR",62307,"9/20,10/20"
31-03-2025,"WPR",62308,"10/21,11/21,12/21,1/22,2/22,3/22,4/22,5/22,6/22,7/22,8/22,9/22,10/22,11/22,12/22,1/23,2/23,3/23,4/23,5/23,6/23,7/23,8/23,9/23,10/23,12/23"
31-03-2025,"WPR",62311,"1/22"
31-03-2025,"WPR",62313,"9/18"
31-03-2025,"WPR",62316,"1/22,9/18"
31-03-2025,"WPR",62323,"2/21"
31-03-2025,"WPR",62332,"10/18"
31-03-2025,"WPR",62338,"10/20,11/20"
31-03-2025,"WPR",62355,"9/18"
31-03-2025,"WPR",62364,"2/23"
31-03-2025,"WPR",62376,"10/18"
31-03-2025,"WPR",62380,"12/20"
31-03-2025,"WPR",62389,"10/19,12/19,1/20,2/20,3/20,4/20,5/20,6/20,7/20,8/20,9/20,10/20,11/20,12/20,1/21,2/21,3/21,4/21,5/21,6/21,7/21,8/21,9/21,10/21,11/21,12/21,2/22,3/22,4/22,5/22,6/22"
31-03-2025,"WPR",62411,"11/21"
31-03-2025,"WPR",62456,"5/23"
31-03-2025,"WPR",62482,"3/21,4/21,5/21,6/21,7/21,8/21,9/21,10/21,11/21,12/21"
31-03-2025,"WPR",62489,"11/18,9/22,10/22"
31-03-2025,"WPR",62509,"6/20"
31-03-2025,"WPR",62511,"6/20"
31-03-2025,"WPR",62513,"8/21"
31-03-2025,"WPR",62530,"6/20"
31-03-2025,"WPR",62531,"8/23"
31-03-2025,"WPR",62534,"4/23,2/24,3/24"
31-03-2025,"WPR",62605,"7/19"
31-03-2025,"WPR",62642,"3/22"
31-03-2025,"WPR",62656,"5/22"
31-03-2025,"WPR",62658,"3/19,4/19,5/19,6/19"
31-03-2025,"WPR",62665,"8/23,9/23,10/23"
31-03-2025,"WPR",62673,"10/20,11/20,12/20,1/21,2/21,3/21,11/18,12/18,2/19,3/19,4/19,5/19,6/19,7/19,8/19,11/19,4/21,5/21,6/21,7/21,8/21,9/21,10/21,11/21,12/21,1/22,2/22,3/22,4/22,5/22,6/22,7/22,8/22,9/22,10/22,11/22,12/22,1/23,7/23,8/23,9/23,10/23,11/23,12/23,1/24,2/24,3/24"
31-03-2025,"WPR",62683,"9/18"
31-03-2025,"WPR",62691,"6/20"
31-03-2025,"WPR",62696,"6/19"
31-03-2025,"WPR",62707,"2/21,3/21,4/21,5/21,6/21"
31-03-2025,"WPR",62726,"1/24,2/24,3/24"
31-03-2025,"WPR",62734,"8/22,9/22,10/22,11/22,12/22"
31-03-2025,"WPR",62751,"4/18,5/19,6/19,7/19"
31-03-2025,"WPR",62757,"1/22"
31-03-2025,"WPR",62762,"3/22"
31-03-2025,"WPR",62771,"11/21,1/22"
31-03-2025,"WPR",62775,"1/21"
31-03-2025,"WPR",62782,"1/21"
31-03-2025,"WPR",62789,"1/21"
31-03-2025,"WPR",62797,"5/22"
31-03-2025,"WPR",62798,"4/22,5/22"
31-03-2025,"WPR",62799,"4/18"
31-03-2025,"WPR",62844,"4/20,1/21,2/21"
31-03-2025,"WPR",62871,"1/21"
31-03-2025,"WPR",62878,"11/20"
31-03-2025,"WPR",62908,"4/19,5/19,11/19,12/19,1/20"
31-03-2025,"WPR",62931,"6/20"
31-03-2025,"WPR",62952,"6/20"
31-03-2025,"WPR",62958,"8/23"
31-03-2025,"WPR",62961,"8/21,9/21"
31-03-2025,"WPR",63008,"1/21"
31-03-2025,"WPR",63012,"6/21,7/21,8/21,9/21,10/21,11/21"
31-03-2025,"WPR",63021,"4/19"
31-03-2025,"WPR",63022,"1/21"
31-03-2025,"WPR",63046,"11/19,12/19,5/21,6/21,7/21,8/21,9/21,10/21,11/21,12/21,1/22,2/22,3/22"
31-03-2025,"WPR",63050,"2/21,3/21,4/21,5/21,6/21"
31-03-2025,"WPR",63068,"12/19,3/21"
31-03-2025,"WPR",63074,"11/21"
31-03-2025,"WPR",63088,"7/21"
31-03-2025,"WPR",63103,"4/19,5/19,6/19,7/19,8/19,9/19,10/19,11/19,12/19,1/20,2/20,3/20,4/20,5/20,6/20,7/20,8/20,9/20"
31-03-2025,"WPR",63105,"3/21"
31-03-2025,"WPR",63107,"6/22"
31-03-2025,"WPR",63111,"3/23"
31-03-2025,"WPR",63114,"4/19"
31-03-2025,"WPR",63120,"4/20,5/20,6/20,7/20,8/20,9/20,10/20,11/20,12/20,1/21,2/21"
31-03-2025,"WPR",63122,"4/22,5/22,6/22"
31-03-2025,"WPR",63135,"4/20,5/20,6/20,7/20,8/20"
31-03-2025,"WPR",63137,"4/20,5/20,6/20,7/20,8/20,12/20,1/21,2/21,3/21"
31-03-2025,"WPR",63139,"12/20,3/24"
31-03-2025,"WPR",63145,"1/21,2/21"
31-03-2025,"WPR",63171,"3/21"
31-03-2025,"WPR",63172,"8/20"
31-03-2025,"WPR",63179,"6/21,7/21"
31-03-2025,"WPR",63193,"3/22"
31-03-2025,"WPR",63206,"9/22,10/22,11/22,12/22,1/23,2/23,3/23"
31-03-2025,"WPR",63208,"4/20,5/20,6/20,7/20,8/20,9/20,10/20"
31-03-2025,"WPR",63209,"4/23,5/23,6/23,7/23,8/23,9/23,10/23,11/23,12/23,1/24"
31-03-2025,"WPR",63229,"11/20"
31-03-2025,"WPR",63242,"7/20,8/21"
31-03-2025,"WPR",63247,"7/21"
31-03-2025,"WPR",63250,"2/21,8/21"
31-03-2025,"WPR",63265,"10/20,11/20,12/20,1/21,2/21,3/21,4/21,5/21,6/21,7/21,8/21,9/21,10/21,11/21,12/21,1/22,2/22,3/22,4/22,5/22,6/22,7/22,8/22,9/22,10/22,11/22,12/22,1/23,2/23"
31-03-2025,"WPR",63279,"10/20,11/20"
31-03-2025,"WPR",63299,"11/20"
31-03-2025,"WPR",63308,"11/21,12/21,1/22,2/22,3/22,4/22,5/22,6/22,7/22,8/22,9/22,10/22,11/22,12/22,1/23,2/23,3/23,4/23,5/23,6/23,7/23,8/23,9/23,10/23,11/23,12/23,1/24,2/24,3/24"
31-03-2025,"WPR",63309,"11/21,12/21,1/22,2/22,3/22,4/22,5/22,6/22,7/22,8/22,9/22,10/22,11/22,12/22,1/23,2/23,3/23,4/23,5/23,6/23,7/23,8/23,9/23,10/23,11/23,12/23,1/24,2/24,3/24"
31-03-2025,"WPR",63313,"11/20"
31-03-2025,"WPR",63322,"12/21"
31-03-2025,"WPR",63328,"9/20"
31-03-2025,"WPR",63337,"8/23,9/23,1/24,2/24,3/24"
31-03-2025,"WPR",63363,"2/22"
31-03-2025,"WPR",63378,"4/20,5/20,6/20,7/20,8/20,9/20,10/20,11/20,12/20,1/21,2/21,3/21"
31-03-2025,"WPR",63392,"10/20"
31-03-2025,"WPR",63435,"9/21,3/22"
31-03-2025,"WPR",63481,"8/21"
31-03-2025,"WPR",63489,"8/21"
31-03-2025,"WPR",63499,"8/22"
31-03-2025,"WPR",63536,"3/22"
31-03-2025,"WPR",63611,"9/21"
31-03-2025,"WPR",63640,"9/21,10/21"
31-03-2025,"WPR",63647,"1/21"
31-03-2025,"WPR",63688,"7/20"
31-03-2025,"WPR",63695,"11/20,12/20"
31-03-2025,"WPR",63737,"3/22"
31-03-2025,"WPR",63738,"3/22"
31-03-2025,"WPR",63751,"3/22"
31-03-2025,"WPR",63768,"3/22"
31-03-2025,"WPR",63845,"3/22"
31-03-2025,"WPR",63846,"3/22"
31-03-2025,"WPR",63854,"3/22"
31-03-2025,"WPR",63867,"4/22,5/22,6/22,7/22,8/22,9/22,10/22,11/22,12/22,1/23,2/23,3/23,4/23,5/23,6/23,7/23,8/23,9/23,9/21,10/21,11/21,12/21,1/22,2/22,3/22"
31-03-2025,"WPR",63908,"4/22,5/22,6/22,7/22,8/22,9/22,10/22,11/22,12/22,1/23,2/23,3/23,4/23,5/23,6/23,7/23,8/23,9/23,10/23,11/23,12/23,1/24,2/24,3/24,9/21,10/21,11/21,12/21,1/22,2/22,3/22"
31-03-2025,"WPR",63924,"4/20"
31-03-2025,"WPR",63957,"1/22"
31-03-2025,"WPR",64015,"4/20,5/20,6/20,7/20,8/20,9/20,10/20"
31-03-2025,"WPR",64047,"4/20"
31-03-2025,"WPR",64074,"5/20,6/20"
31-03-2025,"WPR",64132,"9/21"
31-03-2025,"WPR",64181,"3/24"
31-03-2025,"WPR",64212,"3/22"
31-03-2025,"WPR",64224,"4/19,5/19"
31-03-2025,"WPR",64226,"3/22"
31-03-2025,"WPR",64293,"3/22"
31-03-2025,"WPR",64313,"3/22"
31-03-2025,"WPR",64319,"1/23,2/23,3/23,4/23,5/23"
31-03-2025,"WPR",64325,"3/22"
31-03-2025,"WPR",64343,"3/22"
31-03-2025,"WPR",64414,"6/21"
31-03-2025,"WPR",64530,"11/21"
31-03-2025,"WPR",64555,"11/21"
31-03-2025,"WPR",64598,"11/21"
31-03-2025,"WPR",64650,"2/24,3/24"
31-03-2025,"WPR",64763,"11/21"
31-03-2025,"WPR",64776,"11/21"
31-03-2025,"WPR",64779,"11/21"
31-03-2025,"WPR",64786,"11/21"
31-03-2025,"WPR",64802,"10/21"
31-03-2025,"WPR",64804,"10/21,11/21,12/21,1/22,2/22,3/22,4/22,5/22,6/22,7/22,8/22,9/22,10/22,11/22"
31-03-2025,"WPR",64835,"11/21"
31-03-2025,"WPR",64927,"3/22"
31-03-2025,"WPR",64928,"3/22"
31-03-2025,"WPR",64943,"10/21"
31-03-2025,"WPR",64952,"4/23,5/23,10/23,11/23,12/23,1/24,2/24,3/24,5/22,6/22,7/22,8/22,12/22,1/23,2/23,3/23,7/21,8/21,9/21,2/22"
31-03-2025,"WPR",65067,"10/22,11/22,12/22,1/23"
31-03-2025,"WPR",65098,"10/21"
31-03-2025,"WPR",65147,"3/22"
31-03-2025,"WPR",65163,"12/23"
31-03-2025,"WPR",65199,"3/22"
31-03-2025,"WPR",65230,"10/22"
31-03-2025,"WPR",65231,"9/22,10/22"
31-03-2025,"WPR",65232,"2/22"
31-03-2025,"WPR",65297,"4/23"
31-03-2025,"WPR",65321,"8/21"
31-03-2025,"WPR",65440,"4/21,5/21,6/21,7/21,8/21"
31-03-2025,"WPR",65449,"12/21,1/22,9/22,10/22,9/23,10/23,11/23,12/23"
31-03-2025,"WPR",65450,"3/22"
31-03-2025,"WPR",65453,"3/22"
31-03-2025,"WPR",65504,"4/17,5/17,6/17,7/17,8/17,9/17,10/17,11/17,12/17,1/18,2/18,3/18,4/18,5/18,6/18,7/18,8/18,9/18,10/18,11/18,12/18,1/19,2/19,3/19,4/19,5/19,6/19,7/19,8/19,9/19,10/19,11/19,12/19"
31-03-2025,"WPR",65578,"10/21"
31-03-2025,"WPR",65584,"1/22"
31-03-2025,"WPR",65599,"3/22"
31-03-2025,"WPR",65601,"6/21"
31-03-2025,"WPR",65602,"10/21"
31-03-2025,"WPR",65609,"4/21,5/21,6/21,7/21,8/21,9/21,10/21,11/21,12/21,1/22,2/22,3/22,4/22,5/22,6/22,7/22,12/22,1/23,2/23,3/23,4/23,5/23,6/23,7/23,8/23,9/23,10/23,11/23,12/23,1/24,2/24,3/24"
31-03-2025,"WPR",65628,"6/21"
31-03-2025,"WPR",65629,"6/21"
31-03-2025,"WPR",65630,"6/21"
31-03-2025,"WPR",65644,"2/24,3/24"
31-03-2025,"WPR",65840,"1/22"
31-03-2025,"WPR",65848,"10/22,11/22,12/22,1/23,2/23,3/23,4/23,5/23,6/23,7/23,8/23,9/23,10/23,11/23,12/23,1/24,2/24,3/24"
31-03-2025,"WPR",65863,"10/22"
31-03-2025,"WPR",65924,"4/20,5/20,6/20,7/20,8/20,9/20"
31-03-2025,"WPR",65939,"4/22"
31-03-2025,"WPR",65940,"3/23"
31-03-2025,"WPR",65958,"8/23"
31-03-2025,"WPR",65995,"7/22"
31-03-2025,"WPR",66040,"4/22,5/22,6/22,7/22,8/22,9/22,10/22,11/22,12/22,1/23,2/23,3/23"
31-03-2025,"WPR",66043,"4/22,5/22,6/22,7/22,8/22,9/22,10/22,11/22,12/22,1/23,2/23,3/23,4/23,5/23,6/23,7/23,8/23,9/23,10/23,11/23,12/23,1/24,2/24,3/24"
31-03-2025,"WPR",66044,"3/24,4/22,5/22,6/22,7/22,8/22,9/22,10/22,12/22,1/23,2/23,3/23"
31-03-2025,"WPR",66045,"4/22,12/22,1/23"
31-03-2025,"WPR",66046,"4/22,5/22,6/22,7/22,8/22,9/22,10/22,11/22,12/22,1/23,2/23,3/23"
31-03-2025,"WPR",66131,"4/22,5/22,6/22,7/22,8/22,9/22,10/22,11/22,12/22,1/23,2/23,3/23,4/23"
31-03-2025,"WPR",66168,"4/22,6/22"
31-03-2025,"WPR",66207,"12/22,1/23,2/23,3/23,4/23,5/23,6/23,7/23,8/23,9/23,10/23,11/23,12/23,1/24,2/24,3/24"
31-03-2025,"WPR",66383,"1/23"
31-03-2025,"WPR",66418,"4/22,5/22,6/22,7/22,8/22,9/22,10/22,11/22,12/22,1/23,2/23,3/23,4/23,5/23"
31-03-2025,"WPR",66437,"4/22,5/22,6/22"
31-03-2025,"WPR",66438,"4/22,5/22,6/22,7/22,8/22,9/22"
31-03-2025,"WPR",66460,"12/22,1/23,2/23,3/23,4/23,5/23,6/23,7/23,8/23"
31-03-2025,"WPR",66466,"12/22"
31-03-2025,"WPR",66510,"8/23"
31-03-2025,"WPR",66514,"4/23,5/23,6/23,7/23,8/23,9/23,10/23,11/23,12/23,1/24,2/24,3/24,7/22,8/22,9/22,10/22,11/22,12/22,1/23,2/23,3/23"
31-03-2025,"WPR",66544,"6/23"
31-03-2025,"WPR",66546,"12/22,1/23,2/23,3/23,4/23,5/23"
31-03-2025,"WPR",66643,"4/22,5/22,6/22,7/22,8/22,9/22,10/22,11/22,12/22,1/23,2/23,3/23,4/23,5/23,6/23,7/23,8/23,9/23,10/23,11/23,12/23,1/24,2/24,3/24"
31-03-2025,"WPR",66645,"4/23,5/23,6/23,7/23"
31-03-2025,"WPR",66722,"10/22"
31-03-2025,"WPR",66744,"4/22,5/22,6/22,7/22,8/22,9/22,10/22,11/22,12/22,1/23,2/23,3/23,4/23,5/23,6/23,7/23,8/23,9/23,10/23,11/23,12/23,1/24,2/24,3/24"
31-03-2025,"WPR",66759,"5/23,6/23,7/23,8/23,9/23,10/23,11/23,12/23,1/24,2/24,3/24"
31-03-2025,"WPR",66770,"3/24"
31-03-2025,"WPR",66821,"3/24"
31-03-2025,"WPR",66829,"4/22,5/22,6/22,7/22"
31-03-2025,"WPR",66864,"4/22,5/22,6/22,7/22,8/22,9/22,10/22,11/22,12/22,1/23,2/23,3/23,4/23,5/23,6/23,7/23,8/23,9/23,10/23,11/23,12/23,1/24,2/24,3/24"
31-03-2025,"WPR",66878,"10/23,11/23,12/23,1/24,2/24,3/24"
31-03-2025,"WPR",66906,"4/22,5/22,6/22,7/22,8/22,9/22,10/22,11/22,12/22,1/23,2/23,3/23,4/23,5/23,6/23,7/23,8/23,9/23,10/23,11/23,12/23,1/24,2/24,3/24"
31-03-2025,"WPR",66978,"11/23,12/23,1/24,2/24,3/24"
31-03-2025,"WPR",67053,"11/23,12/23,1/24,2/24,3/24"
31-03-2025,"WPR",67090,"12/23,1/24,2/24,3/24"
31-03-2025,"WPR",67110,"7/22"
31-03-2025,"WPR",67116,"11/23,12/23,1/24,2/24,3/24"
31-03-2025,"WPR",67126,"12/23,1/24,2/24,3/24"
31-03-2025,"WPR",67129,"3/24"
31-03-2025,"WPR",67139,"4/23,5/23,6/23,7/23,8/23"
31-03-2025,"WPR",67177,"4/22"
31-03-2025,"WPR",67217,"5/22,6/22,7/22"
