request_no,request_date,authority_no,authority_gen_date,series,ac_code,subscriber_name,alias_name,subscriber_claimant_address,aloc_sec,ddo_code,ddo_name,ddo_address,try_code,try_name,try_address,amt_topay,fp_amt_words,drcr_head,not_payablebefore_date,letter_no,letter_date,retirement_type,rule_no,nominee_name,nom_sh_details,nom_type,nominee_guardian_name,authorised_by_dtl,authorised_date_dtl,authorised_by,authorised_date
2,10-02-2021,FD-3/ADM/FP/R-00000015/1,24-02-2021,ADM,67148,SANTA ROY CHOWDHURY,,"SANTA ROY CHOWDHURY,
20A, ROY PARA ROAD,
KOLKATA-700050.",FD-3,CABFNA008,"ASST.SECRETARY, FINANCE DEPTT.","THE DEPUTY SECRETARY & D.D.O.,
FINANCE DEPT. GOVT. OF W.B.
NABANNA, 10TH FLOOR,325, SARAT CHATTERJEE ROAD,
HOWRAH-711102.",CAB,CAL PAO-I,"81/2/2 PHEARS LANE, PIN - 700012",930018.06,Nine Lakh Thirty Thousand Eighteen Rupees Only,8009-01-101-001-23,01-03-2021,132,11-01-2021,Super Annuation,1,,Nominees,,Wife,,,JKD-1,24-02-2021
2,10-02-2021,FD-3/ADM/FP/R-00000015/2,24-02-2021,ADM,67148,SANTA ROY CHOWDHURY,,"SANTA ROY CHOWDHURY,
20A, ROY PARA ROAD,
KOLKATA-700050.",FD-3,CABFNA008,"ASST.SECRETARY, FINANCE DEPTT.","THE DEPUTY SECRETARY & D.D.O.,
FINANCE DEPT. GOVT. OF W.B.
NABANNA, 10TH FLOOR,325, SARAT CHATTERJEE ROAD,
HOWRAH-711102.",CAB,CAL PAO-I,"81/2/2 PHEARS LANE, PIN - 700012",930018.06,Nine Lakh Thirty Thousand Eighteen Rupees Only,8009-01-101-001-23,01-03-2021,132,11-01-2021,Super Annuation,1,,Nominees,,Wife,,,JKD-1,24-02-2021
2,10-02-2021,FD-3/ADM/FP/R-00000015/3,24-02-2021,ADM,67148,SANTA ROY CHOWDHURY,,"SANTA ROY CHOWDHURY,
20A, ROY PARA ROAD,
KOLKATA-700050.",FD-3,CABFNA008,"ASST.SECRETARY, FINANCE DEPTT.","THE DEPUTY SECRETARY & D.D.O.,
FINANCE DEPT. GOVT. OF W.B.
NABANNA, 10TH FLOOR,325, SARAT CHATTERJEE ROAD,
HOWRAH-711102.",CAB,CAL PAO-I,"81/2/2 PHEARS LANE, PIN - 700012",930018.06,Nine Lakh Thirty Thousand Eighteen Rupees Only,8009-01-101-001-23,01-03-2021,132,11-01-2021,Super Annuation,1,,Nominees,,Wife,,,JKD-1,24-02-2021
3,10-02-2021,FD-3/ADM/FP/R-00000003/1,22-02-2021,ADM,76047,MONORANJAN SARDAR,,"MANORANJAN SARDAR,
VILL-GEONTALA, PO-KHEADAHA, 
PS-NARENDRAPUR,
DIST-SOUTH 24 PARGANAS,
PIN-700150.",FD-3,CABFNA008,"ASST.SECRETARY, FINANCE DEPTT.","THE COMMISSIONER, 
FINANCE DEPT., GOVT. OF W.B.,
NABANNA, MANDIRTALA, 
HOWRAH-711102.",CAB,CAL PAO-I,"81/2/2 PHEARS LANE, PIN - 700012",794842.64,Seven Lakh Ninety Four Thousand Eight Hundred Forty Two Rupees Only,8009-01-101-001-23,,84,08-01-2021,Super Annuation,1,,Nominees,,Wife,,,JKD-1,22-02-2021
3,10-02-2021,FD-3/ADM/FP/R-00000003/2,22-02-2021,ADM,76047,MONORANJAN SARDAR,,"MANORANJAN SARDAR,
VILL-GEONTALA, PO-KHEADAHA, 
PS-NARENDRAPUR,
DIST-SOUTH 24 PARGANAS,
PIN-700150.",FD-3,CABFNA008,"ASST.SECRETARY, FINANCE DEPTT.","THE COMMISSIONER, 
FINANCE DEPT., GOVT. OF W.B.,
NABANNA, MANDIRTALA, 
HOWRAH-711102.",CAB,CAL PAO-I,"81/2/2 PHEARS LANE, PIN - 700012",794842.64,Seven Lakh Ninety Four Thousand Eight Hundred Forty Two Rupees Only,8009-01-101-001-23,,84,08-01-2021,Super Annuation,1,,Nominees,,Wife,,,JKD-1,22-02-2021
3,10-02-2021,FD-3/ADM/FP/R-00000003/3,22-02-2021,ADM,76047,MONORANJAN SARDAR,,"MANORANJAN SARDAR,
VILL-GEONTALA, PO-KHEADAHA, 
PS-NARENDRAPUR,
DIST-SOUTH 24 PARGANAS,
PIN-700150.",FD-3,CABFNA008,"ASST.SECRETARY, FINANCE DEPTT.","THE COMMISSIONER, 
FINANCE DEPT., GOVT. OF W.B.,
NABANNA, MANDIRTALA, 
HOWRAH-711102.",CAB,CAL PAO-I,"81/2/2 PHEARS LANE, PIN - 700012",794842.64,Seven Lakh Ninety Four Thousand Eight Hundred Forty Two Rupees Only,8009-01-101-001-23,,84,08-01-2021,Super Annuation,1,,Nominees,,Wife,,,JKD-1,22-02-2021
4,10-02-2021,FD-3/ADM/FP/R-00000002/1,22-02-2021,ADM,72752,MINATI ROY,,"MINATI ROY,
2ND FLOOR, 2B, 38/1/3,
DANESH SK. LANE,
HOWRAH-711109.",FD-3,CABRLA001,"ASSTT. SECRETARY,DISASTER MANAGEMENT DEPTT.","THE DEPUTY  SECRETARY & D.D.O
DEPT OF DISASTER MANAGEMENT & CIVIL DEFENCE,
NABANNA, 2ND FLOOR,
325, S.C. ROAD, 
HOWRAH-711102.",CAB,CAL PAO-I,"81/2/2 PHEARS LANE, PIN - 700012",60044.72,Sixty Thousand Forty Four Rupees Only,8009-01-101-001-23,01-03-2021,2,04-01-2021,Super Annuation,1,,Nominees,,Wife,,,JKD-1,22-02-2021
4,10-02-2021,FD-3/ADM/FP/R-00000002/2,22-02-2021,ADM,72752,MINATI ROY,,"MINATI ROY,
2ND FLOOR, 2B, 38/1/3,
DANESH SK. LANE,
HOWRAH-711109.",FD-3,CABRLA001,"ASSTT. SECRETARY,DISASTER MANAGEMENT DEPTT.","THE DEPUTY  SECRETARY & D.D.O
DEPT OF DISASTER MANAGEMENT & CIVIL DEFENCE,
NABANNA, 2ND FLOOR,
325, S.C. ROAD, 
HOWRAH-711102.",CAB,CAL PAO-I,"81/2/2 PHEARS LANE, PIN - 700012",60044.72,Sixty Thousand Forty Four Rupees Only,8009-01-101-001-23,01-03-2021,2,04-01-2021,Super Annuation,1,,Nominees,,Wife,,,JKD-1,22-02-2021
4,10-02-2021,FD-3/ADM/FP/R-00000002/3,22-02-2021,ADM,72752,MINATI ROY,,"MINATI ROY,
2ND FLOOR, 2B, 38/1/3,
DANESH SK. LANE,
HOWRAH-711109.",FD-3,CABRLA001,"ASSTT. SECRETARY,DISASTER MANAGEMENT DEPTT.","THE DEPUTY  SECRETARY & D.D.O
DEPT OF DISASTER MANAGEMENT & CIVIL DEFENCE,
NABANNA, 2ND FLOOR,
325, S.C. ROAD, 
HOWRAH-711102.",CAB,CAL PAO-I,"81/2/2 PHEARS LANE, PIN - 700012",60044.72,Sixty Thousand Forty Four Rupees Only,8009-01-101-001-23,01-03-2021,2,04-01-2021,Super Annuation,1,,Nominees,,Wife,,,JKD-1,22-02-2021
6,11-02-2021,FD-3/ADM/FP/R-00000018/1,25-02-2021,ADM,69067,SHYAMAL KUMAR BANDOPADHYAY,,"SHYAMAL KUMAR BANDOPADHYAY,
VILL-UTTAR KOTALPUR,
PO-BALIDAHA, PS-GURAP,
DIST-HOOGHLY,
PIN-712303.",FD-3,CABLRA004,REGISTRAR & D.D.O.L & L.R.DEPTT.W.B.,"THE OFFICER ON SPECIAL DUTY& D.D.O
L & L.R. AND R.R. & R. DEPTT.,
NABANNA, 6TH FLOOR,
325, SC ROAD, SHIBPUR,
HOWRAH-711102.",CAB,CAL PAO-I,"81/2/2 PHEARS LANE, PIN - 700012",450601.01,Four Lakh Fifty Thousand Six Hundred One Rupees Only,8009-01-101-001-23,,38,08-01-2021,Super Annuation,1,,Nominees,,Wife,,,JKD-1,25-02-2021
6,11-02-2021,FD-3/ADM/FP/R-00000018/2,25-02-2021,ADM,69067,SHYAMAL KUMAR BANDOPADHYAY,,"SHYAMAL KUMAR BANDOPADHYAY,
VILL-UTTAR KOTALPUR,
PO-BALIDAHA, PS-GURAP,
DIST-HOOGHLY,
PIN-712303.",FD-3,CABLRA004,REGISTRAR & D.D.O.L & L.R.DEPTT.W.B.,"THE OFFICER ON SPECIAL DUTY& D.D.O
L & L.R. AND R.R. & R. DEPTT.,
NABANNA, 6TH FLOOR,
325, SC ROAD, SHIBPUR,
HOWRAH-711102.",CAB,CAL PAO-I,"81/2/2 PHEARS LANE, PIN - 700012",450601.01,Four Lakh Fifty Thousand Six Hundred One Rupees Only,8009-01-101-001-23,,38,08-01-2021,Super Annuation,1,,Nominees,,Wife,,,JKD-1,25-02-2021
6,11-02-2021,FD-3/ADM/FP/R-00000018/3,25-02-2021,ADM,69067,SHYAMAL KUMAR BANDOPADHYAY,,"SHYAMAL KUMAR BANDOPADHYAY,
VILL-UTTAR KOTALPUR,
PO-BALIDAHA, PS-GURAP,
DIST-HOOGHLY,
PIN-712303.",FD-3,CABLRA004,REGISTRAR & D.D.O.L & L.R.DEPTT.W.B.,"THE OFFICER ON SPECIAL DUTY& D.D.O
L & L.R. AND R.R. & R. DEPTT.,
NABANNA, 6TH FLOOR,
325, SC ROAD, SHIBPUR,
HOWRAH-711102.",CAB,CAL PAO-I,"81/2/2 PHEARS LANE, PIN - 700012",450601.01,Four Lakh Fifty Thousand Six Hundred One Rupees Only,8009-01-101-001-23,,38,08-01-2021,Super Annuation,1,,Nominees,,Wife,,,JKD-1,25-02-2021
7,11-02-2021,FD-17/ADM/FP/R-00000007/1,23-02-2021,ADM,59354,SOMNATH SAH,,"SOMNATH SAH,
O/O THE DIST. MAGISTRATE
P.O+DIST-COOCHBEHAR
PIN-736101",FD-17,COACID001,"DISTRICT MAGISTRATE ,COOCHBEHAR.","THE DISTRICT MAGISTRATE,
O/o- THE DISTRICT MAGISTRATE,
COOCHBEHAR, SAGAR DIGHI COMPLEX,
P.O & DIST. COOCHBEHAR
PIN -736101.",COA,COOCHBEHAR-I,"DIST. COOCH BEHAR, PIN - 736101",418296.3,Four Lakh Eighteen Thousand Two Hundred Ninety Six Rupees Only,8009-01-101-001-23,01-04-2021,148,20-01-2021,Super Annuation,1,,Nominees,,Wife,,,JKD-1,23-02-2021
7,11-02-2021,FD-17/ADM/FP/R-00000007/2,23-02-2021,ADM,59354,SOMNATH SAH,,"SOMNATH SAH,
O/O THE DIST. MAGISTRATE
P.O+DIST-COOCHBEHAR
PIN-736101",FD-17,COACID001,"DISTRICT MAGISTRATE ,COOCHBEHAR.","THE DISTRICT MAGISTRATE,
O/o- THE DISTRICT MAGISTRATE,
COOCHBEHAR, SAGAR DIGHI COMPLEX,
P.O & DIST. COOCHBEHAR
PIN -736101.",COA,COOCHBEHAR-I,"DIST. COOCH BEHAR, PIN - 736101",418296.3,Four Lakh Eighteen Thousand Two Hundred Ninety Six Rupees Only,8009-01-101-001-23,01-04-2021,148,20-01-2021,Super Annuation,1,,Nominees,,Wife,,,JKD-1,23-02-2021
7,11-02-2021,FD-17/ADM/FP/R-00000007/3,23-02-2021,ADM,59354,SOMNATH SAH,,"SOMNATH SAH,
O/O THE DIST. MAGISTRATE
P.O+DIST-COOCHBEHAR
PIN-736101",FD-17,COACID001,"DISTRICT MAGISTRATE ,COOCHBEHAR.","THE DISTRICT MAGISTRATE,
O/o- THE DISTRICT MAGISTRATE,
COOCHBEHAR, SAGAR DIGHI COMPLEX,
P.O & DIST. COOCHBEHAR
PIN -736101.",COA,COOCHBEHAR-I,"DIST. COOCH BEHAR, PIN - 736101",418296.3,Four Lakh Eighteen Thousand Two Hundred Ninety Six Rupees Only,8009-01-101-001-23,01-04-2021,148,20-01-2021,Super Annuation,1,,Nominees,,Wife,,,JKD-1,23-02-2021
8,11-02-2021,FD-17/ADM/FP/R-00000005/1,23-02-2021,ADM,59765,KISHOR KR. SARKAR,,"KISHOR KR. SARKAR,
O/O THE DISRICT MAGISTRATE,
SAGARDIGHI COMPLEX, P.O. & DIST.COOCHBEHAR,
PIN-736101.",FD-17,COAHMA001,"DISTRICT MAGISTRATE,COOCHBEHAR.","THE DISTRICT MAGISTRATE,
O/o-THE DISTRICT MAGISTRATE,
SAGARDIGHI COMPLEX,P.O. & DIST.COOCHBEHAR,
PIN-736101.",COA,COOCHBEHAR-I,"DIST. COOCH BEHAR, PIN - 736101",391388.05,Three Lakh Ninety One Thousand Three Hundred Eighty Eight Rupees Only,8009-01-101-001-23,01-04-2021,149,20-01-2021,Super Annuation,1,,Nominees,,Wife,,,JKD-1,23-02-2021
8,11-02-2021,FD-17/ADM/FP/R-00000005/2,23-02-2021,ADM,59765,KISHOR KR. SARKAR,,"KISHOR KR. SARKAR,
O/O THE DISRICT MAGISTRATE,
SAGARDIGHI COMPLEX, P.O. & DIST.COOCHBEHAR,
PIN-736101.",FD-17,COAHMA001,"DISTRICT MAGISTRATE,COOCHBEHAR.","THE DISTRICT MAGISTRATE,
O/o-THE DISTRICT MAGISTRATE,
SAGARDIGHI COMPLEX,P.O. & DIST.COOCHBEHAR,
PIN-736101.",COA,COOCHBEHAR-I,"DIST. COOCH BEHAR, PIN - 736101",391388.05,Three Lakh Ninety One Thousand Three Hundred Eighty Eight Rupees Only,8009-01-101-001-23,01-04-2021,149,20-01-2021,Super Annuation,1,,Nominees,,Wife,,,JKD-1,23-02-2021
8,11-02-2021,FD-17/ADM/FP/R-00000005/3,23-02-2021,ADM,59765,KISHOR KR. SARKAR,,"KISHOR KR. SARKAR,
O/O THE DISRICT MAGISTRATE,
SAGARDIGHI COMPLEX, P.O. & DIST.COOCHBEHAR,
PIN-736101.",FD-17,COAHMA001,"DISTRICT MAGISTRATE,COOCHBEHAR.","THE DISTRICT MAGISTRATE,
O/o-THE DISTRICT MAGISTRATE,
SAGARDIGHI COMPLEX,P.O. & DIST.COOCHBEHAR,
PIN-736101.",COA,COOCHBEHAR-I,"DIST. COOCH BEHAR, PIN - 736101",391388.05,Three Lakh Ninety One Thousand Three Hundred Eighty Eight Rupees Only,8009-01-101-001-23,01-04-2021,149,20-01-2021,Super Annuation,1,,Nominees,,Wife,,,JKD-1,23-02-2021
9,11-02-2021,FD-3/ADM/FP/R-00000009/1,23-02-2021,ADM,80381,PRABHAS CHANDRA MONDAL,,"PRABHAS CHANDRA MONDAL,
KADIHATI NETAJEEGARH COLONY,
PO-GANTHY, GANGANAGAR,
PIN-700132.",FD-3,CABFNA008,"ASST.SECRETARY, FINANCE DEPTT.","THEASSISTANT SECRETARY &D.D.O.,
FINANCE DEPTT., 
NABANNA, MANDIRTALA, 
HOWRAH-711102.",CAB,CAL PAO-I,"81/2/2 PHEARS LANE, PIN - 700012",2262469.5,Twenty Two Lakh Sixty Two Thousand Four Hundred Sixty Nine Rupees Only,8009-01-101-001-23,,85,08-01-2021,Super Annuation,1,,Nominees,,Wife,,,JKD-1,23-02-2021
9,11-02-2021,FD-3/ADM/FP/R-00000009/2,23-02-2021,ADM,80381,PRABHAS CHANDRA MONDAL,,"PRABHAS CHANDRA MONDAL,
KADIHATI NETAJEEGARH COLONY,
PO-GANTHY, GANGANAGAR,
PIN-700132.",FD-3,CABFNA008,"ASST.SECRETARY, FINANCE DEPTT.","THEASSISTANT SECRETARY &D.D.O.,
FINANCE DEPTT., 
NABANNA, MANDIRTALA, 
HOWRAH-711102.",CAB,CAL PAO-I,"81/2/2 PHEARS LANE, PIN - 700012",2262469.5,Twenty Two Lakh Sixty Two Thousand Four Hundred Sixty Nine Rupees Only,8009-01-101-001-23,,85,08-01-2021,Super Annuation,1,,Nominees,,Wife,,,JKD-1,23-02-2021
9,11-02-2021,FD-3/ADM/FP/R-00000009/3,23-02-2021,ADM,80381,PRABHAS CHANDRA MONDAL,,"PRABHAS CHANDRA MONDAL,
KADIHATI NETAJEEGARH COLONY,
PO-GANTHY, GANGANAGAR,
PIN-700132.",FD-3,CABFNA008,"ASST.SECRETARY, FINANCE DEPTT.","THEASSISTANT SECRETARY &D.D.O.,
FINANCE DEPTT., 
NABANNA, MANDIRTALA, 
HOWRAH-711102.",CAB,CAL PAO-I,"81/2/2 PHEARS LANE, PIN - 700012",2262469.5,Twenty Two Lakh Sixty Two Thousand Four Hundred Sixty Nine Rupees Only,8009-01-101-001-23,,85,08-01-2021,Super Annuation,1,,Nominees,,Wife,,,JKD-1,23-02-2021
10,11-02-2021,FD-17/ADM/FP/R-00000006/1,23-02-2021,ADM,85995,KRISHNAPADA SARKAR,,"KRISHNAPADA SARKAR,
MIG HOUSING ESTATE,
BL 5/3, RAJA MANINDRA ROAD,
KOLKATA-700037",FD-17,CAFEHA001,"O.S.D, HIGHER EDUCATION DEPT","The O.S.D. & D.D.O.,
Higher Education Department,
Bikash Bhavan, Salt Lake, 
Kolkata-700091.",CAF,CAL PAO -III,"SUBHANNA, S.G.O. COMPLEX, 5TH. AND 6TH. FLOOR, BIDHANNAGAR, PIN - 700064",208445.63,Two Lakh Eight Thousand Four Hundred Forty Five Rupees Only,8009-01-101-001-23,01-03-2021,96,20-01-2021,Super Annuation,1,,Nominees,,Wife,,,JKD-1,23-02-2021
10,11-02-2021,FD-17/ADM/FP/R-00000006/2,23-02-2021,ADM,85995,KRISHNAPADA SARKAR,,"KRISHNAPADA SARKAR,
MIG HOUSING ESTATE,
BL 5/3, RAJA MANINDRA ROAD,
KOLKATA-700037",FD-17,CAFEHA001,"O.S.D, HIGHER EDUCATION DEPT","The O.S.D. & D.D.O.,
Higher Education Department,
Bikash Bhavan, Salt Lake, 
Kolkata-700091.",CAF,CAL PAO -III,"SUBHANNA, S.G.O. COMPLEX, 5TH. AND 6TH. FLOOR, BIDHANNAGAR, PIN - 700064",208445.63,Two Lakh Eight Thousand Four Hundred Forty Five Rupees Only,8009-01-101-001-23,01-03-2021,96,20-01-2021,Super Annuation,1,,Nominees,,Wife,,,JKD-1,23-02-2021
10,11-02-2021,FD-17/ADM/FP/R-00000006/3,23-02-2021,ADM,85995,KRISHNAPADA SARKAR,,"KRISHNAPADA SARKAR,
MIG HOUSING ESTATE,
BL 5/3, RAJA MANINDRA ROAD,
KOLKATA-700037",FD-17,CAFEHA001,"O.S.D, HIGHER EDUCATION DEPT","The O.S.D. & D.D.O.,
Higher Education Department,
Bikash Bhavan, Salt Lake, 
Kolkata-700091.",CAF,CAL PAO -III,"SUBHANNA, S.G.O. COMPLEX, 5TH. AND 6TH. FLOOR, BIDHANNAGAR, PIN - 700064",208445.63,Two Lakh Eight Thousand Four Hundred Forty Five Rupees Only,8009-01-101-001-23,01-03-2021,96,20-01-2021,Super Annuation,1,,Nominees,,Wife,,,JKD-1,23-02-2021
11,11-02-2021,FD-3/ADM/FP/R-00000008/1,23-02-2021,ADM,72659,DULAL CHANDRA GHOSH,,"DULAL CHANDRA GHOSH,
VILL-MANUSMURA, PO-RAJGRAM, 
DIST-BANKURA, 
PIN-722146.",FD-3,BAAHMA001,"DISTRICT MAGISTRATE, BANKURA","THE DISTRICT MAGISTRATE,
O/O THE DISTRICT MAGISTRATE BANKURA,
ESTABLISHMENT SECTION,
PIN-722101.
",BAA,BANKURA,"P.O. & DIST. BANKURA, PIN - 722101",201285.14,Two Lakh One Thousand Two Hundred Eighty Five Rupees Only,8009-01-101-001-23,01-04-2021,72,25-01-2021,Super Annuation,1,,Nominees,,Wife,,,JKD-1,23-02-2021
11,11-02-2021,FD-3/ADM/FP/R-00000008/2,23-02-2021,ADM,72659,DULAL CHANDRA GHOSH,,"DULAL CHANDRA GHOSH,
VILL-MANUSMURA, PO-RAJGRAM, 
DIST-BANKURA, 
PIN-722146.",FD-3,BAAHMA001,"DISTRICT MAGISTRATE, BANKURA","THE DISTRICT MAGISTRATE,
O/O THE DISTRICT MAGISTRATE BANKURA,
ESTABLISHMENT SECTION,
PIN-722101.
",BAA,BANKURA,"P.O. & DIST. BANKURA, PIN - 722101",201285.14,Two Lakh One Thousand Two Hundred Eighty Five Rupees Only,8009-01-101-001-23,01-04-2021,72,25-01-2021,Super Annuation,1,,Nominees,,Wife,,,JKD-1,23-02-2021
11,11-02-2021,FD-3/ADM/FP/R-00000008/3,23-02-2021,ADM,72659,DULAL CHANDRA GHOSH,,"DULAL CHANDRA GHOSH,
VILL-MANUSMURA, PO-RAJGRAM, 
DIST-BANKURA, 
PIN-722146.",FD-3,BAAHMA001,"DISTRICT MAGISTRATE, BANKURA","THE DISTRICT MAGISTRATE,
O/O THE DISTRICT MAGISTRATE BANKURA,
ESTABLISHMENT SECTION,
PIN-722101.
",BAA,BANKURA,"P.O. & DIST. BANKURA, PIN - 722101",201285.14,Two Lakh One Thousand Two Hundred Eighty Five Rupees Only,8009-01-101-001-23,01-04-2021,72,25-01-2021,Super Annuation,1,,Nominees,,Wife,,,JKD-1,23-02-2021
13,11-02-2021,FD-17/ADM/FP/R-00000001/1,22-02-2021,ADM,69640,PISIR MOHAMMED,,"PISIR MOHAMMED,
IBRAHIMPUR P.O- BILASPUR,
DIST-UTTAR DINAJPUR, 
PIN-733134",FD-17,UDCLRR004,S.R.O-II (S.D.L & L.R.O),"The SRO-II & DDO,
O/o The Sub Divisional Land & Land Reforms Officer, 
Raiganj, Uttar Dinajpur,
P.O.Raiganj, Dist.Uttar Dinajpur,
Pin-733130",UDC,RAIGANJ-II,"DIST. UTTAR DINAJPUR, PIN - 733134",1634282.57,Sixteen Lakh Thirty Four Thousand Two Hundred Eighty Two Rupees Only,8009-01-101-001-23,01-03-2021,7,28-01-2021,Super Annuation,1,,Nominees,,Wife,,,JKD-1,22-02-2021
13,11-02-2021,FD-17/ADM/FP/R-00000001/2,22-02-2021,ADM,69640,PISIR MOHAMMED,,"PISIR MOHAMMED,
IBRAHIMPUR P.O- BILASPUR,
DIST-UTTAR DINAJPUR, 
PIN-733134",FD-17,UDCLRR004,S.R.O-II (S.D.L & L.R.O),"The SRO-II & DDO,
O/o The Sub Divisional Land & Land Reforms Officer, 
Raiganj, Uttar Dinajpur,
P.O.Raiganj, Dist.Uttar Dinajpur,
Pin-733130",UDC,RAIGANJ-II,"DIST. UTTAR DINAJPUR, PIN - 733134",1634282.57,Sixteen Lakh Thirty Four Thousand Two Hundred Eighty Two Rupees Only,8009-01-101-001-23,01-03-2021,7,28-01-2021,Super Annuation,1,,Nominees,,Wife,,,JKD-1,22-02-2021
13,11-02-2021,FD-17/ADM/FP/R-00000001/3,22-02-2021,ADM,69640,PISIR MOHAMMED,,"PISIR MOHAMMED,
IBRAHIMPUR P.O- BILASPUR,
DIST-UTTAR DINAJPUR, 
PIN-733134",FD-17,UDCLRR004,S.R.O-II (S.D.L & L.R.O),"The SRO-II & DDO,
O/o The Sub Divisional Land & Land Reforms Officer, 
Raiganj, Uttar Dinajpur,
P.O.Raiganj, Dist.Uttar Dinajpur,
Pin-733130",UDC,RAIGANJ-II,"DIST. UTTAR DINAJPUR, PIN - 733134",1634282.57,Sixteen Lakh Thirty Four Thousand Two Hundred Eighty Two Rupees Only,8009-01-101-001-23,01-03-2021,7,28-01-2021,Super Annuation,1,,Nominees,,Wife,,,JKD-1,22-02-2021
14,11-02-2021,FD-17/ADM/FP/R-00000004/1,23-02-2021,ADM,69411,BISWANATH DE,,"Shri Biswanath De
O/o-The District Magistrate, Coochbehar
Sagar Dighi Complex, PO - Coochbehar
Dist - Coochbehar
Pin - 736 101",FD-17,COAHMA001,"DISTRICT MAGISTRATE,COOCHBEHAR.","The District Magistrate
O/o-The District Magistrate, Coochbehar
Sagar Dighi Complex, PO - Coochbehar
Dist - Coochbehar
Pin - 736 101",COA,COOCHBEHAR-I,"DIST. COOCH BEHAR, PIN - 736101",402426.76,Four Lakh Two Thousand Four Hundred Twenty Six Rupees Only,8009-01-101-001-23,01-04-2021,150,20-01-2021,Super Annuation,1,,Nominees,,Wife,,,JKD-1,23-02-2021
14,11-02-2021,FD-17/ADM/FP/R-00000004/2,23-02-2021,ADM,69411,BISWANATH DE,,"Shri Biswanath De
O/o-The District Magistrate, Coochbehar
Sagar Dighi Complex, PO - Coochbehar
Dist - Coochbehar
Pin - 736 101",FD-17,COAHMA001,"DISTRICT MAGISTRATE,COOCHBEHAR.","The District Magistrate
O/o-The District Magistrate, Coochbehar
Sagar Dighi Complex, PO - Coochbehar
Dist - Coochbehar
Pin - 736 101",COA,COOCHBEHAR-I,"DIST. COOCH BEHAR, PIN - 736101",402426.76,Four Lakh Two Thousand Four Hundred Twenty Six Rupees Only,8009-01-101-001-23,01-04-2021,150,20-01-2021,Super Annuation,1,,Nominees,,Wife,,,JKD-1,23-02-2021
14,11-02-2021,FD-17/ADM/FP/R-00000004/3,23-02-2021,ADM,69411,BISWANATH DE,,"Shri Biswanath De
O/o-The District Magistrate, Coochbehar
Sagar Dighi Complex, PO - Coochbehar
Dist - Coochbehar
Pin - 736 101",FD-17,COAHMA001,"DISTRICT MAGISTRATE,COOCHBEHAR.","The District Magistrate
O/o-The District Magistrate, Coochbehar
Sagar Dighi Complex, PO - Coochbehar
Dist - Coochbehar
Pin - 736 101",COA,COOCHBEHAR-I,"DIST. COOCH BEHAR, PIN - 736101",402426.76,Four Lakh Two Thousand Four Hundred Twenty Six Rupees Only,8009-01-101-001-23,01-04-2021,150,20-01-2021,Super Annuation,1,,Nominees,,Wife,,,JKD-1,23-02-2021
17,11-02-2021,FD-17/ADM/FP/R-00000010/1,24-02-2021,ADM,71277,BANGSI BADAN DUTTA,,NIL,FD-17,MUALRR001,S.R.O-II TO D.L.L.R.O. MURSHIDABAD,"SRO-II & D.D.O.
O/o THE  ADDITIONAL DIST.MAGISTRATE AND DIST.
LAND & LAND REFORMS OFFICER, MURSHIDABAD,
40, RAJA KRISHNANATH ROAD,
P.O.-BERHAMPORE,  P.S.-BERHAMPORE TOWN
DIST.-MURSHIDABAD,
PIN-742101.",MUA,BERHAMPUR-I,"DIST. MURSHIDABAD, PIN - 742101",291058.69,Two Lakh Ninety One Thousand Fifty Eight Rupees Only,8009-01-101-001-23,28-02-2021,3384,03-12-2020,Super Annuation,1,,Nominees,,Wife,,,JKD-1,24-02-2021
17,11-02-2021,FD-17/ADM/FP/R-00000010/2,24-02-2021,ADM,71277,BANGSI BADAN DUTTA,,NIL,FD-17,MUALRR001,S.R.O-II TO D.L.L.R.O. MURSHIDABAD,"SRO-II & D.D.O.
O/o THE  ADDITIONAL DIST.MAGISTRATE AND DIST.
LAND & LAND REFORMS OFFICER, MURSHIDABAD,
40, RAJA KRISHNANATH ROAD,
P.O.-BERHAMPORE,  P.S.-BERHAMPORE TOWN
DIST.-MURSHIDABAD,
PIN-742101.",MUA,BERHAMPUR-I,"DIST. MURSHIDABAD, PIN - 742101",291058.69,Two Lakh Ninety One Thousand Fifty Eight Rupees Only,8009-01-101-001-23,28-02-2021,3384,03-12-2020,Super Annuation,1,,Nominees,,Wife,,,JKD-1,24-02-2021
17,11-02-2021,FD-17/ADM/FP/R-00000010/3,24-02-2021,ADM,71277,BANGSI BADAN DUTTA,,NIL,FD-17,MUALRR001,S.R.O-II TO D.L.L.R.O. MURSHIDABAD,"SRO-II & D.D.O.
O/o THE  ADDITIONAL DIST.MAGISTRATE AND DIST.
LAND & LAND REFORMS OFFICER, MURSHIDABAD,
40, RAJA KRISHNANATH ROAD,
P.O.-BERHAMPORE,  P.S.-BERHAMPORE TOWN
DIST.-MURSHIDABAD,
PIN-742101.",MUA,BERHAMPUR-I,"DIST. MURSHIDABAD, PIN - 742101",291058.69,Two Lakh Ninety One Thousand Fifty Eight Rupees Only,8009-01-101-001-23,28-02-2021,3384,03-12-2020,Super Annuation,1,,Nominees,,Wife,,,JKD-1,24-02-2021
18,15-02-2021,FD-17/ADM/FP/R-00000013/1,24-02-2021,ADM,66416,UTTAM DE RAY,,"UTTAM DE RAY,
OLD JAILKHANA ROAD,
APD.CHOUPATHI, P.O. & DIST.ALIPURDUAR,
PIN-736121",FD-17,JACLRR001,"SRO-II & DDO,S.D.L. & L. R. O.,ALIPURDUAR","THE SRO-II & DDO,
O/o THE DIVISIONAL LAND & LAND REFORMS OFFICER, ALIPURDUAR
P.O. ALIPURDUAR COURT, DIST. ALIPURDUAR, 
PIN-736122.",JAC,ALIPURDUAR,"DIST. ALIPURDUAR, PIN - 736121",1140416.63,Eleven Lakh Forty Thousand Four Hundred Sixteen Rupees Only,8009-01-101-001-23,01-03-2021,658,21-12-2020,Super Annuation,1,,Nominees,,Wife,,,JKD-1,24-02-2021
18,15-02-2021,FD-17/ADM/FP/R-00000013/2,24-02-2021,ADM,66416,UTTAM DE RAY,,"UTTAM DE RAY,
OLD JAILKHANA ROAD,
APD.CHOUPATHI, P.O. & DIST.ALIPURDUAR,
PIN-736121",FD-17,JACLRR001,"SRO-II & DDO,S.D.L. & L. R. O.,ALIPURDUAR","THE SRO-II & DDO,
O/o THE DIVISIONAL LAND & LAND REFORMS OFFICER, ALIPURDUAR
P.O. ALIPURDUAR COURT, DIST. ALIPURDUAR, 
PIN-736122.",JAC,ALIPURDUAR,"DIST. ALIPURDUAR, PIN - 736121",1140416.63,Eleven Lakh Forty Thousand Four Hundred Sixteen Rupees Only,8009-01-101-001-23,01-03-2021,658,21-12-2020,Super Annuation,1,,Nominees,,Wife,,,JKD-1,24-02-2021
18,15-02-2021,FD-17/ADM/FP/R-00000013/3,24-02-2021,ADM,66416,UTTAM DE RAY,,"UTTAM DE RAY,
OLD JAILKHANA ROAD,
APD.CHOUPATHI, P.O. & DIST.ALIPURDUAR,
PIN-736121",FD-17,JACLRR001,"SRO-II & DDO,S.D.L. & L. R. O.,ALIPURDUAR","THE SRO-II & DDO,
O/o THE DIVISIONAL LAND & LAND REFORMS OFFICER, ALIPURDUAR
P.O. ALIPURDUAR COURT, DIST. ALIPURDUAR, 
PIN-736122.",JAC,ALIPURDUAR,"DIST. ALIPURDUAR, PIN - 736121",1140416.63,Eleven Lakh Forty Thousand Four Hundred Sixteen Rupees Only,8009-01-101-001-23,01-03-2021,658,21-12-2020,Super Annuation,1,,Nominees,,Wife,,,JKD-1,24-02-2021
20,18-02-2021,FD-3/ADM/FP/R-00000125/1,23-03-2021,ADM,86759,SANKAR BASAK,,"SANKAR BASAK,
68, MANICK TOLA MAIN ROAD,
KOLKATA-54.",FD-3,CABFEA001,"ASST.SECRETARY., F AND  E.S.DEPTT.","THE REGISTRAR & D.D.O
DEPT OF FIRE & EMERGENCY SERVICES,
BIKASH BHAVAN, SOUTH BLOCK, 
2ND FLOOR, SALT LAKE CITY, 
KOL-700091.",CAB,CAL PAO-I,"81/2/2 PHEARS LANE, PIN - 700012",275240.53,Two Lakh Seventy Five Thousand Two Hundred Forty Rupees Only,8009-01-101-001-23,,1663,15-01-2021,Super Annuation,1,,Nominees,,Wife,,,JKD-1,23-03-2021
20,18-02-2021,FD-3/ADM/FP/R-00000125/2,23-03-2021,ADM,86759,SANKAR BASAK,,"SANKAR BASAK,
68, MANICK TOLA MAIN ROAD,
KOLKATA-54.",FD-3,CABFEA001,"ASST.SECRETARY., F AND  E.S.DEPTT.","THE REGISTRAR & D.D.O
DEPT OF FIRE & EMERGENCY SERVICES,
BIKASH BHAVAN, SOUTH BLOCK, 
2ND FLOOR, SALT LAKE CITY, 
KOL-700091.",CAB,CAL PAO-I,"81/2/2 PHEARS LANE, PIN - 700012",275240.53,Two Lakh Seventy Five Thousand Two Hundred Forty Rupees Only,8009-01-101-001-23,,1663,15-01-2021,Super Annuation,1,,Nominees,,Wife,,,JKD-1,23-03-2021
20,18-02-2021,FD-3/ADM/FP/R-00000125/3,23-03-2021,ADM,86759,SANKAR BASAK,,"SANKAR BASAK,
68, MANICK TOLA MAIN ROAD,
KOLKATA-54.",FD-3,CABFEA001,"ASST.SECRETARY., F AND  E.S.DEPTT.","THE REGISTRAR & D.D.O
DEPT OF FIRE & EMERGENCY SERVICES,
BIKASH BHAVAN, SOUTH BLOCK, 
2ND FLOOR, SALT LAKE CITY, 
KOL-700091.",CAB,CAL PAO-I,"81/2/2 PHEARS LANE, PIN - 700012",275240.53,Two Lakh Seventy Five Thousand Two Hundred Forty Rupees Only,8009-01-101-001-23,,1663,15-01-2021,Super Annuation,1,,Nominees,,Wife,,,JKD-1,23-03-2021
21,18-02-2021,FD-3/ADM/FP/R-00000042/1,03-03-2021,ADM,67918,TUSHAR KANTI NAG,,"TUSHAR KANTI NAG,
M-19 PEYARABAGAN, 
KAMDAHARI, GARIA, 
KOLKATA-700084.",FD-3,CABFNA008,"ASST.SECRETARY, FINANCE DEPTT.","THE ASSISTANT SECRETARY &D.D.O.
FINANCE DEPT, ACCOUNTS BRANCH,10TH FLOOR 
NABANNA, 325, S CHATTERJEE ROAD, 
HOWRAH-711102.",CAB,CAL PAO-I,"81/2/2 PHEARS LANE, PIN - 700012",2651747.64,Twenty Six Lakh Fifty One Thousand Seven Hundred Forty Seven Rupees Only,8009-01-101-001-23,,284,20-01-2021,Super Annuation,1,,Nominees,,Wife,,,JKD-1,03-03-2021
21,18-02-2021,FD-3/ADM/FP/R-00000042/2,03-03-2021,ADM,67918,TUSHAR KANTI NAG,,"TUSHAR KANTI NAG,
M-19 PEYARABAGAN, 
KAMDAHARI, GARIA, 
KOLKATA-700084.",FD-3,CABFNA008,"ASST.SECRETARY, FINANCE DEPTT.","THE ASSISTANT SECRETARY &D.D.O.
FINANCE DEPT, ACCOUNTS BRANCH,10TH FLOOR 
NABANNA, 325, S CHATTERJEE ROAD, 
HOWRAH-711102.",CAB,CAL PAO-I,"81/2/2 PHEARS LANE, PIN - 700012",2651747.64,Twenty Six Lakh Fifty One Thousand Seven Hundred Forty Seven Rupees Only,8009-01-101-001-23,,284,20-01-2021,Super Annuation,1,,Nominees,,Wife,,,JKD-1,03-03-2021
21,18-02-2021,FD-3/ADM/FP/R-00000042/3,03-03-2021,ADM,67918,TUSHAR KANTI NAG,,"TUSHAR KANTI NAG,
M-19 PEYARABAGAN, 
KAMDAHARI, GARIA, 
KOLKATA-700084.",FD-3,CABFNA008,"ASST.SECRETARY, FINANCE DEPTT.","THE ASSISTANT SECRETARY &D.D.O.
FINANCE DEPT, ACCOUNTS BRANCH,10TH FLOOR 
NABANNA, 325, S CHATTERJEE ROAD, 
HOWRAH-711102.",CAB,CAL PAO-I,"81/2/2 PHEARS LANE, PIN - 700012",2651747.64,Twenty Six Lakh Fifty One Thousand Seven Hundred Forty Seven Rupees Only,8009-01-101-001-23,,284,20-01-2021,Super Annuation,1,,Nominees,,Wife,,,JKD-1,03-03-2021
24,18-02-2021,FD-3/ADM/FP/R-00000041/1,03-03-2021,ADM,63841,MANINDRA NATH GHOSH,,"MANINDRA NATH GHOSH,
CHANDAKAR LANE, PO+DIST-PURULIA,
PIN-723101.",FD-3,PUCLRR002,"SRO-I & SDL & LRO, JHALDA","THE S.R.O-II &D.D.O.,
JHALDA, PURULIA.
PIN-723202.",PUC,JHALDA,"O/O THE SUB-DIVISIONAL OFFICER, PO - JHALDA, DIST - PURULIA, PIN - 723202",445271.8,Four Lakh Forty Five Thousand Two Hundred Seventy One Rupees Only,8009-01-101-001-23,,8,18-01-2021,Super Annuation,1,,Nominees,,Wife,,,JKD-1,03-03-2021
24,18-02-2021,FD-3/ADM/FP/R-00000041/2,03-03-2021,ADM,63841,MANINDRA NATH GHOSH,,"MANINDRA NATH GHOSH,
CHANDAKAR LANE, PO+DIST-PURULIA,
PIN-723101.",FD-3,PUCLRR002,"SRO-I & SDL & LRO, JHALDA","THE S.R.O-II &D.D.O.,
JHALDA, PURULIA.
PIN-723202.",PUC,JHALDA,"O/O THE SUB-DIVISIONAL OFFICER, PO - JHALDA, DIST - PURULIA, PIN - 723202",445271.8,Four Lakh Forty Five Thousand Two Hundred Seventy One Rupees Only,8009-01-101-001-23,,8,18-01-2021,Super Annuation,1,,Nominees,,Wife,,,JKD-1,03-03-2021
24,18-02-2021,FD-3/ADM/FP/R-00000041/3,03-03-2021,ADM,63841,MANINDRA NATH GHOSH,,"MANINDRA NATH GHOSH,
CHANDAKAR LANE, PO+DIST-PURULIA,
PIN-723101.",FD-3,PUCLRR002,"SRO-I & SDL & LRO, JHALDA","THE S.R.O-II &D.D.O.,
JHALDA, PURULIA.
PIN-723202.",PUC,JHALDA,"O/O THE SUB-DIVISIONAL OFFICER, PO - JHALDA, DIST - PURULIA, PIN - 723202",445271.8,Four Lakh Forty Five Thousand Two Hundred Seventy One Rupees Only,8009-01-101-001-23,,8,18-01-2021,Super Annuation,1,,Nominees,,Wife,,,JKD-1,03-03-2021
25,18-02-2021,FD-3/ADM/FP/R-00000040/1,03-03-2021,ADM,57101,HIRALAL HARIJAN,HIRALAL HORIJAN,"HIRALAL HARIJAN, 
BAGNAN STATION ROAD ( SOUTH ), 
PO+PS-BAGNAN, VILL-KHALORE, 
DIST-HOWRAH, PIN-711303.",FD-3,CABHMA001,"D.D.O./ASTT.SECRETARY,HOME DEPTT.","THE ASSISTANT SECRETARY&D.D.O
HOME AND HILL AFFAIRS DEPT., 
GENERAL ESTABLISHMENT BRANCH, 
BLOCK-IV, 1ST FLOOR, WRITERS' BUILDINGS, 
KOL-700001.",CAB,CAL PAO-I,"81/2/2 PHEARS LANE, PIN - 700012",359126.8,Three Lakh Fifty Nine Thousand One Hundred Twenty Six Rupees Only,8009-01-101-001-23,,3,04-01-2021,Super Annuation,1,,Nominees,,Wife,,,JKD-1,03-03-2021
25,18-02-2021,FD-3/ADM/FP/R-00000040/2,03-03-2021,ADM,57101,HIRALAL HARIJAN,HIRALAL HORIJAN,"HIRALAL HARIJAN, 
BAGNAN STATION ROAD ( SOUTH ), 
PO+PS-BAGNAN, VILL-KHALORE, 
DIST-HOWRAH, PIN-711303.",FD-3,CABHMA001,"D.D.O./ASTT.SECRETARY,HOME DEPTT.","THE ASSISTANT SECRETARY&D.D.O
HOME AND HILL AFFAIRS DEPT., 
GENERAL ESTABLISHMENT BRANCH, 
BLOCK-IV, 1ST FLOOR, WRITERS' BUILDINGS, 
KOL-700001.",CAB,CAL PAO-I,"81/2/2 PHEARS LANE, PIN - 700012",359126.8,Three Lakh Fifty Nine Thousand One Hundred Twenty Six Rupees Only,8009-01-101-001-23,,3,04-01-2021,Super Annuation,1,,Nominees,,Wife,,,JKD-1,03-03-2021
25,18-02-2021,FD-3/ADM/FP/R-00000040/3,03-03-2021,ADM,57101,HIRALAL HARIJAN,HIRALAL HORIJAN,"HIRALAL HARIJAN, 
BAGNAN STATION ROAD ( SOUTH ), 
PO+PS-BAGNAN, VILL-KHALORE, 
DIST-HOWRAH, PIN-711303.",FD-3,CABHMA001,"D.D.O./ASTT.SECRETARY,HOME DEPTT.","THE ASSISTANT SECRETARY&D.D.O
HOME AND HILL AFFAIRS DEPT., 
GENERAL ESTABLISHMENT BRANCH, 
BLOCK-IV, 1ST FLOOR, WRITERS' BUILDINGS, 
KOL-700001.",CAB,CAL PAO-I,"81/2/2 PHEARS LANE, PIN - 700012",359126.8,Three Lakh Fifty Nine Thousand One Hundred Twenty Six Rupees Only,8009-01-101-001-23,,3,04-01-2021,Super Annuation,1,,Nominees,,Wife,,,JKD-1,03-03-2021
26,18-02-2021,FD-3/ADM/FP/R-00000039/1,03-03-2021,ADM,64341,KANCHAN CHOWDHURY,,"KANCHAN CHOWDHURY,
32B/4, THAKURPUKUR ROAD, 
RANGANATHPUR, 
KOL-63.",FD-3,CABHMA001,"D.D.O./ASTT.SECRETARY,HOME DEPTT.","THE ASSISTANT SECRETARY,
HOME AND HILL AFFAIRS DEPT., 
GENERAL ESTABLISHMENT BRANCH, 
BLOCK-IV, 1ST FLOOR, WRITERS' BUILDINGS, 
KOL-700001.",CAB,CAL PAO-I,"81/2/2 PHEARS LANE, PIN - 700012",3649898.75,Thirty Six Lakh Forty Nine Thousand Eight Hundred Ninety Eight Rupees Only,8009-01-101-001-23,,1446,01-12-2020,Super Annuation,1,,Nominees,,Wife,,,JKD-1,03-03-2021
26,18-02-2021,FD-3/ADM/FP/R-00000039/2,03-03-2021,ADM,64341,KANCHAN CHOWDHURY,,"KANCHAN CHOWDHURY,
32B/4, THAKURPUKUR ROAD, 
RANGANATHPUR, 
KOL-63.",FD-3,CABHMA001,"D.D.O./ASTT.SECRETARY,HOME DEPTT.","THE ASSISTANT SECRETARY,
HOME AND HILL AFFAIRS DEPT., 
GENERAL ESTABLISHMENT BRANCH, 
BLOCK-IV, 1ST FLOOR, WRITERS' BUILDINGS, 
KOL-700001.",CAB,CAL PAO-I,"81/2/2 PHEARS LANE, PIN - 700012",3649898.75,Thirty Six Lakh Forty Nine Thousand Eight Hundred Ninety Eight Rupees Only,8009-01-101-001-23,,1446,01-12-2020,Super Annuation,1,,Nominees,,Wife,,,JKD-1,03-03-2021
26,18-02-2021,FD-3/ADM/FP/R-00000039/3,03-03-2021,ADM,64341,KANCHAN CHOWDHURY,,"KANCHAN CHOWDHURY,
32B/4, THAKURPUKUR ROAD, 
RANGANATHPUR, 
KOL-63.",FD-3,CABHMA001,"D.D.O./ASTT.SECRETARY,HOME DEPTT.","THE ASSISTANT SECRETARY,
HOME AND HILL AFFAIRS DEPT., 
GENERAL ESTABLISHMENT BRANCH, 
BLOCK-IV, 1ST FLOOR, WRITERS' BUILDINGS, 
KOL-700001.",CAB,CAL PAO-I,"81/2/2 PHEARS LANE, PIN - 700012",3649898.75,Thirty Six Lakh Forty Nine Thousand Eight Hundred Ninety Eight Rupees Only,8009-01-101-001-23,,1446,01-12-2020,Super Annuation,1,,Nominees,,Wife,,,JKD-1,03-03-2021
27,18-02-2021,FD-3/ADM/FP/R-00000036/1,02-03-2021,ADM,62887,UMESH CH. DAS,UMESH CHANDRA DAS,"UMESH CHANDRA DAS
VILL-DHUMAT SASAN JADUPURDICE, 
PO-INDUPUR, DIST-KENDRAPARA, 
ODISHA,PIN-754214.",FD-3,CACPAA001,A.S. W.B.LEGISLATIVE ASSEMBLY SECRETARIAT,"THE ASSISTANT SECRETARY, 
ASSEMBLY HOUSE, 
KOL-700001.",CAC,CAL PAO-II,"P-1, HYDE LANE, PIN - 700073",230521.57,Two Lakh Thirty Thousand Five Hundred Twenty One Rupees Only,8009-01-101-001-23,01-05-2021,236,08-02-2021,Super Annuation,1,,Nominees,,Wife,,,JKD-1,02-03-2021
27,18-02-2021,FD-3/ADM/FP/R-00000036/2,02-03-2021,ADM,62887,UMESH CH. DAS,UMESH CHANDRA DAS,"UMESH CHANDRA DAS
VILL-DHUMAT SASAN JADUPURDICE, 
PO-INDUPUR, DIST-KENDRAPARA, 
ODISHA,PIN-754214.",FD-3,CACPAA001,A.S. W.B.LEGISLATIVE ASSEMBLY SECRETARIAT,"THE ASSISTANT SECRETARY, 
ASSEMBLY HOUSE, 
KOL-700001.",CAC,CAL PAO-II,"P-1, HYDE LANE, PIN - 700073",230521.57,Two Lakh Thirty Thousand Five Hundred Twenty One Rupees Only,8009-01-101-001-23,01-05-2021,236,08-02-2021,Super Annuation,1,,Nominees,,Wife,,,JKD-1,02-03-2021
27,18-02-2021,FD-3/ADM/FP/R-00000036/3,02-03-2021,ADM,62887,UMESH CH. DAS,UMESH CHANDRA DAS,"UMESH CHANDRA DAS
VILL-DHUMAT SASAN JADUPURDICE, 
PO-INDUPUR, DIST-KENDRAPARA, 
ODISHA,PIN-754214.",FD-3,CACPAA001,A.S. W.B.LEGISLATIVE ASSEMBLY SECRETARIAT,"THE ASSISTANT SECRETARY, 
ASSEMBLY HOUSE, 
KOL-700001.",CAC,CAL PAO-II,"P-1, HYDE LANE, PIN - 700073",230521.57,Two Lakh Thirty Thousand Five Hundred Twenty One Rupees Only,8009-01-101-001-23,01-05-2021,236,08-02-2021,Super Annuation,1,,Nominees,,Wife,,,JKD-1,02-03-2021
28,18-02-2021,FD-3/ADM/FP/R-00000035/1,02-03-2021,ADM,68637,ANINDYA KUMAR GANGULY,,"ANINDYA GANGULY,
43-1-D BAISHNABGHATA ROAD, 
KOL-47.",FD-3,CABICA016,ASST.SECY.INFORMATION  AND  CULTURAL AFFAIRS DEPT,"THE ASSISTANT SECRETARY, 
INFORMATION & CULTURAL AFFAIRS DEPT., 
BLOCK-V, 3RD FLOOR, WRITERS' BUILDINGS, 
KOL-01.",CAB,CAL PAO-I,"81/2/2 PHEARS LANE, PIN - 700012",340355.69,Three Lakh Forty Thousand Three Hundred Fifty Five Rupees Only,8009-01-101-001-23,01-04-2021,213,02-02-2021,Super Annuation,1,,Nominees,,Wife,,,JKD-1,02-03-2021
28,18-02-2021,FD-3/ADM/FP/R-00000035/2,02-03-2021,ADM,68637,ANINDYA KUMAR GANGULY,,"ANINDYA GANGULY,
43-1-D BAISHNABGHATA ROAD, 
KOL-47.",FD-3,CABICA016,ASST.SECY.INFORMATION  AND  CULTURAL AFFAIRS DEPT,"THE ASSISTANT SECRETARY, 
INFORMATION & CULTURAL AFFAIRS DEPT., 
BLOCK-V, 3RD FLOOR, WRITERS' BUILDINGS, 
KOL-01.",CAB,CAL PAO-I,"81/2/2 PHEARS LANE, PIN - 700012",340355.69,Three Lakh Forty Thousand Three Hundred Fifty Five Rupees Only,8009-01-101-001-23,01-04-2021,213,02-02-2021,Super Annuation,1,,Nominees,,Wife,,,JKD-1,02-03-2021
28,18-02-2021,FD-3/ADM/FP/R-00000035/3,02-03-2021,ADM,68637,ANINDYA KUMAR GANGULY,,"ANINDYA GANGULY,
43-1-D BAISHNABGHATA ROAD, 
KOL-47.",FD-3,CABICA016,ASST.SECY.INFORMATION  AND  CULTURAL AFFAIRS DEPT,"THE ASSISTANT SECRETARY, 
INFORMATION & CULTURAL AFFAIRS DEPT., 
BLOCK-V, 3RD FLOOR, WRITERS' BUILDINGS, 
KOL-01.",CAB,CAL PAO-I,"81/2/2 PHEARS LANE, PIN - 700012",340355.69,Three Lakh Forty Thousand Three Hundred Fifty Five Rupees Only,8009-01-101-001-23,01-04-2021,213,02-02-2021,Super Annuation,1,,Nominees,,Wife,,,JKD-1,02-03-2021
30,18-02-2021,FD-3/ADM/FP/R-00000016/1,24-02-2021,ADM,80264,SAMAR KUMAR BAG,SAMAR KR. BAG,"SAMAR KR. BAG,
PO-AMTA, VILLAGE-MALLAGRAM,
PS-AMTA, DIST-HOWRAH,
PIN-711401.",FD-3,HWBFSR001,"JT.. DIRECTOR RATIONING, HOWRAH","THE DEPUTY DIRECTOR,
O/O THE DEPUTY DIRECTOR OF RATIONING, HOWRAH, 
KHADYA BHAVAN, GFD COMPLEX SHALIMAR, (2nd Floor)
21, COLLEGE ROAD, 
HOWRAH-711103.",HWB,HOWRAH-II,"DIST. HOWRAH, PIN - 711101",449029.07,Four Lakh Forty Nine Thousand Twenty Nine Rupees Only,8009-01-101-001-23,01-03-2021,146,05-02-2021,Super Annuation,1,,Nominees,,Wife,,,JKD-1,24-02-2021
30,18-02-2021,FD-3/ADM/FP/R-00000016/2,24-02-2021,ADM,80264,SAMAR KUMAR BAG,SAMAR KR. BAG,"SAMAR KR. BAG,
PO-AMTA, VILLAGE-MALLAGRAM,
PS-AMTA, DIST-HOWRAH,
PIN-711401.",FD-3,HWBFSR001,"JT.. DIRECTOR RATIONING, HOWRAH","THE DEPUTY DIRECTOR,
O/O THE DEPUTY DIRECTOR OF RATIONING, HOWRAH, 
KHADYA BHAVAN, GFD COMPLEX SHALIMAR, (2nd Floor)
21, COLLEGE ROAD, 
HOWRAH-711103.",HWB,HOWRAH-II,"DIST. HOWRAH, PIN - 711101",449029.07,Four Lakh Forty Nine Thousand Twenty Nine Rupees Only,8009-01-101-001-23,01-03-2021,146,05-02-2021,Super Annuation,1,,Nominees,,Wife,,,JKD-1,24-02-2021
30,18-02-2021,FD-3/ADM/FP/R-00000016/3,24-02-2021,ADM,80264,SAMAR KUMAR BAG,SAMAR KR. BAG,"SAMAR KR. BAG,
PO-AMTA, VILLAGE-MALLAGRAM,
PS-AMTA, DIST-HOWRAH,
PIN-711401.",FD-3,HWBFSR001,"JT.. DIRECTOR RATIONING, HOWRAH","THE DEPUTY DIRECTOR,
O/O THE DEPUTY DIRECTOR OF RATIONING, HOWRAH, 
KHADYA BHAVAN, GFD COMPLEX SHALIMAR, (2nd Floor)
21, COLLEGE ROAD, 
HOWRAH-711103.",HWB,HOWRAH-II,"DIST. HOWRAH, PIN - 711101",449029.07,Four Lakh Forty Nine Thousand Twenty Nine Rupees Only,8009-01-101-001-23,01-03-2021,146,05-02-2021,Super Annuation,1,,Nominees,,Wife,,,JKD-1,24-02-2021
31,18-02-2021,FD-3/ADM/FP/R-00000017/1,25-02-2021,ADM,63748,ASIM KUMAR DAS,,"ASIM KUMAR DAS,
VILL+PO-GARHJOYPUR, PS-JOYPUR, 
DIST-PURULIA, 
PIN-723201.",FD-3,PUCLRR002,"SRO-I & SDL & LRO, JHALDA","THE SRO-II & D.D.O.of SUB-DIVISIONAL LAND & LAND REFORMS OFFICER,
JHALDA, PURULIA, PIN-723202.",PUC,JHALDA,"O/O THE SUB-DIVISIONAL OFFICER, PO - JHALDA, DIST - PURULIA, PIN - 723202",308828.9,Three Lakh Eight Thousand Eight Hundred Twenty Eight Rupees Only,8009-01-101-001-23,,5,11-01-2021,Super Annuation,1,,Nominees,,Wife,,,JKD-1,25-02-2021
31,18-02-2021,FD-3/ADM/FP/R-00000017/2,25-02-2021,ADM,63748,ASIM KUMAR DAS,,"ASIM KUMAR DAS,
VILL+PO-GARHJOYPUR, PS-JOYPUR, 
DIST-PURULIA, 
PIN-723201.",FD-3,PUCLRR002,"SRO-I & SDL & LRO, JHALDA","THE SRO-II & D.D.O.of SUB-DIVISIONAL LAND & LAND REFORMS OFFICER,
JHALDA, PURULIA, PIN-723202.",PUC,JHALDA,"O/O THE SUB-DIVISIONAL OFFICER, PO - JHALDA, DIST - PURULIA, PIN - 723202",308828.9,Three Lakh Eight Thousand Eight Hundred Twenty Eight Rupees Only,8009-01-101-001-23,,5,11-01-2021,Super Annuation,1,,Nominees,,Wife,,,JKD-1,25-02-2021
31,18-02-2021,FD-3/ADM/FP/R-00000017/3,25-02-2021,ADM,63748,ASIM KUMAR DAS,,"ASIM KUMAR DAS,
VILL+PO-GARHJOYPUR, PS-JOYPUR, 
DIST-PURULIA, 
PIN-723201.",FD-3,PUCLRR002,"SRO-I & SDL & LRO, JHALDA","THE SRO-II & D.D.O.of SUB-DIVISIONAL LAND & LAND REFORMS OFFICER,
JHALDA, PURULIA, PIN-723202.",PUC,JHALDA,"O/O THE SUB-DIVISIONAL OFFICER, PO - JHALDA, DIST - PURULIA, PIN - 723202",308828.9,Three Lakh Eight Thousand Eight Hundred Twenty Eight Rupees Only,8009-01-101-001-23,,5,11-01-2021,Super Annuation,1,,Nominees,,Wife,,,JKD-1,25-02-2021
32,18-02-2021,FD-3/ADM/FP/R-00000014/1,24-02-2021,ADM,87334,JOYDEB MAJUMDER,,"JOYDEB MAJUMDAR,
TARAPUKUR PASCHIM POLLY, 
PO-AGARPARA, DIST-24 PGS ( NORTH), 
KOL-700109.",FD-3,CABHMA001,"D.D.O./ASTT.SECRETARY,HOME DEPTT.","THE ASSISTANT SECRETARY & D.D.O.,
HOME AND HILL AFFAIRS DEPT.,
GENERAL ESTB. BRANCH, 
BLOCK-IV, 1ST FLOOR, WRITERS'  BUILDINGS, 
KOL-700001.",CAB,CAL PAO-I,"81/2/2 PHEARS LANE, PIN - 700012",69031.62,Sixty Nine Thousand Thirty One Rupees Only,8009-01-101-001-23,,1445,01-12-2020,Super Annuation,1,,Nominees,,Wife,,,JKD-1,24-02-2021
32,18-02-2021,FD-3/ADM/FP/R-00000014/2,24-02-2021,ADM,87334,JOYDEB MAJUMDER,,"JOYDEB MAJUMDAR,
TARAPUKUR PASCHIM POLLY, 
PO-AGARPARA, DIST-24 PGS ( NORTH), 
KOL-700109.",FD-3,CABHMA001,"D.D.O./ASTT.SECRETARY,HOME DEPTT.","THE ASSISTANT SECRETARY & D.D.O.,
HOME AND HILL AFFAIRS DEPT.,
GENERAL ESTB. BRANCH, 
BLOCK-IV, 1ST FLOOR, WRITERS'  BUILDINGS, 
KOL-700001.",CAB,CAL PAO-I,"81/2/2 PHEARS LANE, PIN - 700012",69031.62,Sixty Nine Thousand Thirty One Rupees Only,8009-01-101-001-23,,1445,01-12-2020,Super Annuation,1,,Nominees,,Wife,,,JKD-1,24-02-2021
32,18-02-2021,FD-3/ADM/FP/R-00000014/3,24-02-2021,ADM,87334,JOYDEB MAJUMDER,,"JOYDEB MAJUMDAR,
TARAPUKUR PASCHIM POLLY, 
PO-AGARPARA, DIST-24 PGS ( NORTH), 
KOL-700109.",FD-3,CABHMA001,"D.D.O./ASTT.SECRETARY,HOME DEPTT.","THE ASSISTANT SECRETARY & D.D.O.,
HOME AND HILL AFFAIRS DEPT.,
GENERAL ESTB. BRANCH, 
BLOCK-IV, 1ST FLOOR, WRITERS'  BUILDINGS, 
KOL-700001.",CAB,CAL PAO-I,"81/2/2 PHEARS LANE, PIN - 700012",69031.62,Sixty Nine Thousand Thirty One Rupees Only,8009-01-101-001-23,,1445,01-12-2020,Super Annuation,1,,Nominees,,Wife,,,JKD-1,24-02-2021
33,22-02-2021,FD-3/ADM/FP/R-00000033/1,02-03-2021,ADM,64956,SANKAR BANERJEE,,"SANKAR BANERJEE,
NABADAL ROAD, PO-HRIDAYPUR, 
PS-BARASAT, DIST-24 PGS(N), 
PIN-700127.",FD-3,CACFNT001,A&A.O. KOL. PAO-II,"THE ADMINISTRATIVE AND ACCOUNTS OFFICER,
KOLKATA PAY AND ACCOUNTS OFFICE-II, 
FINANCE DEPARTMENT, P-1, HYDE LANE, 
KOLKATA-700073.",CAC,CAL PAO-II,"P-1, HYDE LANE, PIN - 700073",1023171.09,Ten Lakh Twenty Three Thousand One Hundred Seventy One Rupees Only,8009-01-101-001-23,01-05-2021,143,08-02-2021,Super Annuation,1,,Nominees,,Wife,,,JKD-1,02-03-2021
33,22-02-2021,FD-3/ADM/FP/R-00000033/2,02-03-2021,ADM,64956,SANKAR BANERJEE,,"SANKAR BANERJEE,
NABADAL ROAD, PO-HRIDAYPUR, 
PS-BARASAT, DIST-24 PGS(N), 
PIN-700127.",FD-3,CACFNT001,A&A.O. KOL. PAO-II,"THE ADMINISTRATIVE AND ACCOUNTS OFFICER,
KOLKATA PAY AND ACCOUNTS OFFICE-II, 
FINANCE DEPARTMENT, P-1, HYDE LANE, 
KOLKATA-700073.",CAC,CAL PAO-II,"P-1, HYDE LANE, PIN - 700073",1023171.09,Ten Lakh Twenty Three Thousand One Hundred Seventy One Rupees Only,8009-01-101-001-23,01-05-2021,143,08-02-2021,Super Annuation,1,,Nominees,,Wife,,,JKD-1,02-03-2021
33,22-02-2021,FD-3/ADM/FP/R-00000033/3,02-03-2021,ADM,64956,SANKAR BANERJEE,,"SANKAR BANERJEE,
NABADAL ROAD, PO-HRIDAYPUR, 
PS-BARASAT, DIST-24 PGS(N), 
PIN-700127.",FD-3,CACFNT001,A&A.O. KOL. PAO-II,"THE ADMINISTRATIVE AND ACCOUNTS OFFICER,
KOLKATA PAY AND ACCOUNTS OFFICE-II, 
FINANCE DEPARTMENT, P-1, HYDE LANE, 
KOLKATA-700073.",CAC,CAL PAO-II,"P-1, HYDE LANE, PIN - 700073",1023171.09,Ten Lakh Twenty Three Thousand One Hundred Seventy One Rupees Only,8009-01-101-001-23,01-05-2021,143,08-02-2021,Super Annuation,1,,Nominees,,Wife,,,JKD-1,02-03-2021
34,22-02-2021,FD-17/ADM/FP/R-00000012/1,24-02-2021,ADM,90362,KANCHAN CHOWDHURY,,"KANCHAN CHOWDHURY,
30, S.K.DEB ROAD,
SOVA APARTMENT, PATIPUKUR,
SOUTH DUM-DUM(M),
P.O. SREEBHUMI,   KOL-700048",FD-17,CAFEHA001,"O.S.D, HIGHER EDUCATION DEPT","O.S.D. & D.D.O.
HIGHER EDUCATION DEPARTMENT,
ESTABLISHMENT BRANCH, BIKASH BHAVAN,
SALT LAKE,  KOL-700091.",CAF,CAL PAO -III,"SUBHANNA, S.G.O. COMPLEX, 5TH. AND 6TH. FLOOR, BIDHANNAGAR, PIN - 700064",105519.44,One Lakh Five Thousand Five Hundred Nineteen Rupees Only,8009-01-101-001-23,01-03-2021,136,27-01-2021,Super Annuation,1,,Nominees,,Wife,,,JKD-1,24-02-2021
34,22-02-2021,FD-17/ADM/FP/R-00000012/2,24-02-2021,ADM,90362,KANCHAN CHOWDHURY,,"KANCHAN CHOWDHURY,
30, S.K.DEB ROAD,
SOVA APARTMENT, PATIPUKUR,
SOUTH DUM-DUM(M),
P.O. SREEBHUMI,   KOL-700048",FD-17,CAFEHA001,"O.S.D, HIGHER EDUCATION DEPT","O.S.D. & D.D.O.
HIGHER EDUCATION DEPARTMENT,
ESTABLISHMENT BRANCH, BIKASH BHAVAN,
SALT LAKE,  KOL-700091.",CAF,CAL PAO -III,"SUBHANNA, S.G.O. COMPLEX, 5TH. AND 6TH. FLOOR, BIDHANNAGAR, PIN - 700064",105519.44,One Lakh Five Thousand Five Hundred Nineteen Rupees Only,8009-01-101-001-23,01-03-2021,136,27-01-2021,Super Annuation,1,,Nominees,,Wife,,,JKD-1,24-02-2021
34,22-02-2021,FD-17/ADM/FP/R-00000012/3,24-02-2021,ADM,90362,KANCHAN CHOWDHURY,,"KANCHAN CHOWDHURY,
30, S.K.DEB ROAD,
SOVA APARTMENT, PATIPUKUR,
SOUTH DUM-DUM(M),
P.O. SREEBHUMI,   KOL-700048",FD-17,CAFEHA001,"O.S.D, HIGHER EDUCATION DEPT","O.S.D. & D.D.O.
HIGHER EDUCATION DEPARTMENT,
ESTABLISHMENT BRANCH, BIKASH BHAVAN,
SALT LAKE,  KOL-700091.",CAF,CAL PAO -III,"SUBHANNA, S.G.O. COMPLEX, 5TH. AND 6TH. FLOOR, BIDHANNAGAR, PIN - 700064",105519.44,One Lakh Five Thousand Five Hundred Nineteen Rupees Only,8009-01-101-001-23,01-03-2021,136,27-01-2021,Super Annuation,1,,Nominees,,Wife,,,JKD-1,24-02-2021
36,22-02-2021,FD-3/ADM/FP/R-00000034/1,02-03-2021,ADM,69064,PRABIR ROY,,"PRABIR ROY,
68/1/3, SWAMI VIVEKANANDA ROAD,
PO-SANTRAGACHI, PS-SHIBPUR,
HOWRAH-711104.",FD-3,CABFNS002,DY. DIR. SMALL SAVINGS.,"THE DEPUTY DIRECTOR,
O/O THE DEPUTY DIRECTOR OF SMALL SAVINGS, KOLKATA,
63, N.S. ROAD, JESSOP BUILDING, 
KOLKATA-700001.",CAB,CAL PAO-I,"81/2/2 PHEARS LANE, PIN - 700012",2403260.43,Twenty Four Lakh Three Thousand Two Hundred Sixty Rupees Only,8009-01-101-001-23,,18,11-02-2021,Super Annuation,1,,Nominees,,Wife,,,JKD-1,02-03-2021
36,22-02-2021,FD-3/ADM/FP/R-00000034/2,02-03-2021,ADM,69064,PRABIR ROY,,"PRABIR ROY,
68/1/3, SWAMI VIVEKANANDA ROAD,
PO-SANTRAGACHI, PS-SHIBPUR,
HOWRAH-711104.",FD-3,CABFNS002,DY. DIR. SMALL SAVINGS.,"THE DEPUTY DIRECTOR,
O/O THE DEPUTY DIRECTOR OF SMALL SAVINGS, KOLKATA,
63, N.S. ROAD, JESSOP BUILDING, 
KOLKATA-700001.",CAB,CAL PAO-I,"81/2/2 PHEARS LANE, PIN - 700012",2403260.43,Twenty Four Lakh Three Thousand Two Hundred Sixty Rupees Only,8009-01-101-001-23,,18,11-02-2021,Super Annuation,1,,Nominees,,Wife,,,JKD-1,02-03-2021
36,22-02-2021,FD-3/ADM/FP/R-00000034/3,02-03-2021,ADM,69064,PRABIR ROY,,"PRABIR ROY,
68/1/3, SWAMI VIVEKANANDA ROAD,
PO-SANTRAGACHI, PS-SHIBPUR,
HOWRAH-711104.",FD-3,CABFNS002,DY. DIR. SMALL SAVINGS.,"THE DEPUTY DIRECTOR,
O/O THE DEPUTY DIRECTOR OF SMALL SAVINGS, KOLKATA,
63, N.S. ROAD, JESSOP BUILDING, 
KOLKATA-700001.",CAB,CAL PAO-I,"81/2/2 PHEARS LANE, PIN - 700012",2403260.43,Twenty Four Lakh Three Thousand Two Hundred Sixty Rupees Only,8009-01-101-001-23,,18,11-02-2021,Super Annuation,1,,Nominees,,Wife,,,JKD-1,02-03-2021
37,22-02-2021,FD-17/ADM/FP/R-00000019/1,26-02-2021,ADM,90036,RATAN CHANDRA DAS,,"RATAN CHANDRA DAS,
Bishorpara saptagram, N C Choudhury Sarani,
P.O-Bishorpara, North DumDum Municipality,
Kolkata-700158.",FD-17,CAFDPA001,"A.O. DEPARTMENT OF  PLANNING, GOVT. OF W.B.","The Accounts Officer & Ex- Officio 
Dy. Secretary & DDO,
Deptt. of Planning & Statistics,
Joint Administrative Building, Block HC-7, 
Sector-III, Salt Lake, Kolkata-700106.",CAF,CAL PAO -III,"SUBHANNA, S.G.O. COMPLEX, 5TH. AND 6TH. FLOOR, BIDHANNAGAR, PIN - 700064",469942,Four Lakh Sixty Nine Thousand Nine Hundred Forty Two Rupees Only,8009-01-101-001-23,,89,04-02-2021,Super Annuation,1,,Nominees,,Wife,,,JKD-1,26-02-2021
37,22-02-2021,FD-17/ADM/FP/R-00000019/2,26-02-2021,ADM,90036,RATAN CHANDRA DAS,,"RATAN CHANDRA DAS,
Bishorpara saptagram, N C Choudhury Sarani,
P.O-Bishorpara, North DumDum Municipality,
Kolkata-700158.",FD-17,CAFDPA001,"A.O. DEPARTMENT OF  PLANNING, GOVT. OF W.B.","The Accounts Officer & Ex- Officio 
Dy. Secretary & DDO,
Deptt. of Planning & Statistics,
Joint Administrative Building, Block HC-7, 
Sector-III, Salt Lake, Kolkata-700106.",CAF,CAL PAO -III,"SUBHANNA, S.G.O. COMPLEX, 5TH. AND 6TH. FLOOR, BIDHANNAGAR, PIN - 700064",469942,Four Lakh Sixty Nine Thousand Nine Hundred Forty Two Rupees Only,8009-01-101-001-23,,89,04-02-2021,Super Annuation,1,,Nominees,,Wife,,,JKD-1,26-02-2021
37,22-02-2021,FD-17/ADM/FP/R-00000019/3,26-02-2021,ADM,90036,RATAN CHANDRA DAS,,"RATAN CHANDRA DAS,
Bishorpara saptagram, N C Choudhury Sarani,
P.O-Bishorpara, North DumDum Municipality,
Kolkata-700158.",FD-17,CAFDPA001,"A.O. DEPARTMENT OF  PLANNING, GOVT. OF W.B.","The Accounts Officer & Ex- Officio 
Dy. Secretary & DDO,
Deptt. of Planning & Statistics,
Joint Administrative Building, Block HC-7, 
Sector-III, Salt Lake, Kolkata-700106.",CAF,CAL PAO -III,"SUBHANNA, S.G.O. COMPLEX, 5TH. AND 6TH. FLOOR, BIDHANNAGAR, PIN - 700064",469942,Four Lakh Sixty Nine Thousand Nine Hundred Forty Two Rupees Only,8009-01-101-001-23,,89,04-02-2021,Super Annuation,1,,Nominees,,Wife,,,JKD-1,26-02-2021
38,22-02-2021,FD-3/ADM/FP/R-00000051/1,04-03-2021,ADM,72692,MANBODH KUMAR NANDI,,"MANBODH KUMAR NANDI,
PURBAPALLY, MUNSEFDANGA, 
WARD NO-1. PO-RAGHUNATHPUR, 
DIST-PURULIA,
PIN-723133.",FD-3,PUBLRR001,"S.D.L.& L.R.O., RAGHUNATHPUR","THE S.R.O.-II
O/o THE SUB-DIVISIONAL LAND & LAND REFORMS OFFICER,
RAGHUNATHPUR ( PURULIA),
PIN-723133.",PUB,RAGHUNATHPUR,"DIST. PURULIA, PIN - 723133",864455.89,Eight Lakh Sixty Four Thousand Four Hundred Fifty Five Rupees Only,8009-01-101-001-23,,41,08-02-2021,Super Annuation,1,,Nominees,,Wife,,,JKD-1,04-03-2021
38,22-02-2021,FD-3/ADM/FP/R-00000051/2,04-03-2021,ADM,72692,MANBODH KUMAR NANDI,,"MANBODH KUMAR NANDI,
PURBAPALLY, MUNSEFDANGA, 
WARD NO-1. PO-RAGHUNATHPUR, 
DIST-PURULIA,
PIN-723133.",FD-3,PUBLRR001,"S.D.L.& L.R.O., RAGHUNATHPUR","THE S.R.O.-II
O/o THE SUB-DIVISIONAL LAND & LAND REFORMS OFFICER,
RAGHUNATHPUR ( PURULIA),
PIN-723133.",PUB,RAGHUNATHPUR,"DIST. PURULIA, PIN - 723133",864455.89,Eight Lakh Sixty Four Thousand Four Hundred Fifty Five Rupees Only,8009-01-101-001-23,,41,08-02-2021,Super Annuation,1,,Nominees,,Wife,,,JKD-1,04-03-2021
38,22-02-2021,FD-3/ADM/FP/R-00000051/3,04-03-2021,ADM,72692,MANBODH KUMAR NANDI,,"MANBODH KUMAR NANDI,
PURBAPALLY, MUNSEFDANGA, 
WARD NO-1. PO-RAGHUNATHPUR, 
DIST-PURULIA,
PIN-723133.",FD-3,PUBLRR001,"S.D.L.& L.R.O., RAGHUNATHPUR","THE S.R.O.-II
O/o THE SUB-DIVISIONAL LAND & LAND REFORMS OFFICER,
RAGHUNATHPUR ( PURULIA),
PIN-723133.",PUB,RAGHUNATHPUR,"DIST. PURULIA, PIN - 723133",864455.89,Eight Lakh Sixty Four Thousand Four Hundred Fifty Five Rupees Only,8009-01-101-001-23,,41,08-02-2021,Super Annuation,1,,Nominees,,Wife,,,JKD-1,04-03-2021
39,22-02-2021,FD-17/ADM/FP/R-00000011/1,24-02-2021,ADM,72343,TARA DOLUI,,"TARA DOLUI,
7/H/21, Sillane,P.S &P.O-Tangra 
Kolkata-700015",FD-17,CAFDPA001,"A.O. DEPARTMENT OF  PLANNING, GOVT. OF W.B.","THE ASSTT. SECRETARY,
O/o-DEPT OF PLANNING & STATISTICS,
JOINT ADMIN.BUILDING, BLOCK HC-7,
SEC-III, SALT LAKE, KOL-106",CAF,CAL PAO -III,"SUBHANNA, S.G.O. COMPLEX, 5TH. AND 6TH. FLOOR, BIDHANNAGAR, PIN - 700064",261546.3,Two Lakh Sixty One Thousand Five Hundred Forty Six Rupees Only,8009-01-101-001-23,01-03-2021,88,04-02-2021,Super Annuation,1,,Nominees,,Wife,,,JKD-1,24-02-2021
39,22-02-2021,FD-17/ADM/FP/R-00000011/2,24-02-2021,ADM,72343,TARA DOLUI,,"TARA DOLUI,
7/H/21, Sillane,P.S &P.O-Tangra 
Kolkata-700015",FD-17,CAFDPA001,"A.O. DEPARTMENT OF  PLANNING, GOVT. OF W.B.","THE ASSTT. SECRETARY,
O/o-DEPT OF PLANNING & STATISTICS,
JOINT ADMIN.BUILDING, BLOCK HC-7,
SEC-III, SALT LAKE, KOL-106",CAF,CAL PAO -III,"SUBHANNA, S.G.O. COMPLEX, 5TH. AND 6TH. FLOOR, BIDHANNAGAR, PIN - 700064",261546.3,Two Lakh Sixty One Thousand Five Hundred Forty Six Rupees Only,8009-01-101-001-23,01-03-2021,88,04-02-2021,Super Annuation,1,,Nominees,,Wife,,,JKD-1,24-02-2021
39,22-02-2021,FD-17/ADM/FP/R-00000011/3,24-02-2021,ADM,72343,TARA DOLUI,,"TARA DOLUI,
7/H/21, Sillane,P.S &P.O-Tangra 
Kolkata-700015",FD-17,CAFDPA001,"A.O. DEPARTMENT OF  PLANNING, GOVT. OF W.B.","THE ASSTT. SECRETARY,
O/o-DEPT OF PLANNING & STATISTICS,
JOINT ADMIN.BUILDING, BLOCK HC-7,
SEC-III, SALT LAKE, KOL-106",CAF,CAL PAO -III,"SUBHANNA, S.G.O. COMPLEX, 5TH. AND 6TH. FLOOR, BIDHANNAGAR, PIN - 700064",261546.3,Two Lakh Sixty One Thousand Five Hundred Forty Six Rupees Only,8009-01-101-001-23,01-03-2021,88,04-02-2021,Super Annuation,1,,Nominees,,Wife,,,JKD-1,24-02-2021
40,22-02-2021,FD-3/ADM/FP/R-00000050/1,04-03-2021,ADM,57112,SAMIRAN ROY CHOUDHURY,,"NA

",FD-3,HWBLRR002,"A.O. LAND ACQUISITION(G) OFFICE , HOWRAH","THE SPECIAL LAND ACQUISITION OFFICER,
O/O THE DISTRICT MAGISTRATE & COLLECTOR, HOWRAH,
DISTRICT LEVEL OFFICE BUILDINGS ( 4TH FLOOR),
12, NITYADHAN MUKHERJEE ROAD, 
HOWRAH-711101.",HWB,HOWRAH-II,"DIST. HOWRAH, PIN - 711101",165003.88,One Lakh Sixty Five Thousand Three Rupees Only,8009-01-101-001-23,,128,03-02-2021,Super Annuation,1,,Nominees,,Wife,,,JKD-1,04-03-2021
40,22-02-2021,FD-3/ADM/FP/R-00000050/2,04-03-2021,ADM,57112,SAMIRAN ROY CHOUDHURY,,"NA

",FD-3,HWBLRR002,"A.O. LAND ACQUISITION(G) OFFICE , HOWRAH","THE SPECIAL LAND ACQUISITION OFFICER,
O/O THE DISTRICT MAGISTRATE & COLLECTOR, HOWRAH,
DISTRICT LEVEL OFFICE BUILDINGS ( 4TH FLOOR),
12, NITYADHAN MUKHERJEE ROAD, 
HOWRAH-711101.",HWB,HOWRAH-II,"DIST. HOWRAH, PIN - 711101",165003.88,One Lakh Sixty Five Thousand Three Rupees Only,8009-01-101-001-23,,128,03-02-2021,Super Annuation,1,,Nominees,,Wife,,,JKD-1,04-03-2021
40,22-02-2021,FD-3/ADM/FP/R-00000050/3,04-03-2021,ADM,57112,SAMIRAN ROY CHOUDHURY,,"NA

",FD-3,HWBLRR002,"A.O. LAND ACQUISITION(G) OFFICE , HOWRAH","THE SPECIAL LAND ACQUISITION OFFICER,
O/O THE DISTRICT MAGISTRATE & COLLECTOR, HOWRAH,
DISTRICT LEVEL OFFICE BUILDINGS ( 4TH FLOOR),
12, NITYADHAN MUKHERJEE ROAD, 
HOWRAH-711101.",HWB,HOWRAH-II,"DIST. HOWRAH, PIN - 711101",165003.88,One Lakh Sixty Five Thousand Three Rupees Only,8009-01-101-001-23,,128,03-02-2021,Super Annuation,1,,Nominees,,Wife,,,JKD-1,04-03-2021
43,23-02-2021,FD-17/ADM/FP/R-00000031/1,02-03-2021,ADM,58698,ABANTI KUMAR BERA,,"Abanti Kumar Bera,
Vill-Mahammadpur,P.O.& P.S.Nandakumar,
Dist.Purba Medinipur, 
Pin-721632.",FD-17,MIGHMA004,"DISTRICT MAGISTRATE & COLLECTOR, PURBA MEDINIPUR","The Additional District Magistrate,
O/o The District Magistrate & Collector,
Vill.Ganapatinagar, P.O. Uttar Sonamui,
P.S.Tamluk, Dist.Purba Medinipur, Pin-721648.",MIG,TAMLUK,"DIST. PURBA MEDINIPUR, PIN - 721636",187550.74,One Lakh Eighty Seven Thousand Five Hundred Fifty Rupees Only,8009-01-101-001-23,01-05-2021,79,05-02-2021,Super Annuation,1,,Nominees,,Wife,,,JKD-1,02-03-2021
43,23-02-2021,FD-17/ADM/FP/R-00000031/2,02-03-2021,ADM,58698,ABANTI KUMAR BERA,,"Abanti Kumar Bera,
Vill-Mahammadpur,P.O.& P.S.Nandakumar,
Dist.Purba Medinipur, 
Pin-721632.",FD-17,MIGHMA004,"DISTRICT MAGISTRATE & COLLECTOR, PURBA MEDINIPUR","The Additional District Magistrate,
O/o The District Magistrate & Collector,
Vill.Ganapatinagar, P.O. Uttar Sonamui,
P.S.Tamluk, Dist.Purba Medinipur, Pin-721648.",MIG,TAMLUK,"DIST. PURBA MEDINIPUR, PIN - 721636",187550.74,One Lakh Eighty Seven Thousand Five Hundred Fifty Rupees Only,8009-01-101-001-23,01-05-2021,79,05-02-2021,Super Annuation,1,,Nominees,,Wife,,,JKD-1,02-03-2021
43,23-02-2021,FD-17/ADM/FP/R-00000031/3,02-03-2021,ADM,58698,ABANTI KUMAR BERA,,"Abanti Kumar Bera,
Vill-Mahammadpur,P.O.& P.S.Nandakumar,
Dist.Purba Medinipur, 
Pin-721632.",FD-17,MIGHMA004,"DISTRICT MAGISTRATE & COLLECTOR, PURBA MEDINIPUR","The Additional District Magistrate,
O/o The District Magistrate & Collector,
Vill.Ganapatinagar, P.O. Uttar Sonamui,
P.S.Tamluk, Dist.Purba Medinipur, Pin-721648.",MIG,TAMLUK,"DIST. PURBA MEDINIPUR, PIN - 721636",187550.74,One Lakh Eighty Seven Thousand Five Hundred Fifty Rupees Only,8009-01-101-001-23,01-05-2021,79,05-02-2021,Super Annuation,1,,Nominees,,Wife,,,JKD-1,02-03-2021
44,23-02-2021,FD-17/ADM/FP/R-00000027/1,01-03-2021,ADM,67768,UDAY KR. GHOSH,Uday Kumar Ghosh,"Uday Kumar Ghosh,
Vill-Haridasnagar,Po+Ps-Raghunathganj,
Dist-Murshidabad, Pin-742225.",FD-17,MUCHMA001,"SUB-DIVISIONAL OFFICER, JANGIPUR","The Sub-Divisional Officer,
Jangipur,Murshidabad
P.O. & P.S.-Raghunathghanj, 
Dist-Murshidabad,Pin-742225.",MUC,JANGIPUR,"DIST. MURSHIDABAD, PIN - 742213",113939.06,One Lakh Thirteen Thousand Nine Hundred Thirty Nine Rupees Only,8009-01-101-001-23,,43/ESTT/EN,04-02-2021,Super Annuation,1,,Nominees,,Wife,,,JKD-1,01-03-2021
44,23-02-2021,FD-17/ADM/FP/R-00000027/2,01-03-2021,ADM,67768,UDAY KR. GHOSH,Uday Kumar Ghosh,"Uday Kumar Ghosh,
Vill-Haridasnagar,Po+Ps-Raghunathganj,
Dist-Murshidabad, Pin-742225.",FD-17,MUCHMA001,"SUB-DIVISIONAL OFFICER, JANGIPUR","The Sub-Divisional Officer,
Jangipur,Murshidabad
P.O. & P.S.-Raghunathghanj, 
Dist-Murshidabad,Pin-742225.",MUC,JANGIPUR,"DIST. MURSHIDABAD, PIN - 742213",113939.06,One Lakh Thirteen Thousand Nine Hundred Thirty Nine Rupees Only,8009-01-101-001-23,,43/ESTT/EN,04-02-2021,Super Annuation,1,,Nominees,,Wife,,,JKD-1,01-03-2021
44,23-02-2021,FD-17/ADM/FP/R-00000027/3,01-03-2021,ADM,67768,UDAY KR. GHOSH,Uday Kumar Ghosh,"Uday Kumar Ghosh,
Vill-Haridasnagar,Po+Ps-Raghunathganj,
Dist-Murshidabad, Pin-742225.",FD-17,MUCHMA001,"SUB-DIVISIONAL OFFICER, JANGIPUR","The Sub-Divisional Officer,
Jangipur,Murshidabad
P.O. & P.S.-Raghunathghanj, 
Dist-Murshidabad,Pin-742225.",MUC,JANGIPUR,"DIST. MURSHIDABAD, PIN - 742213",113939.06,One Lakh Thirteen Thousand Nine Hundred Thirty Nine Rupees Only,8009-01-101-001-23,,43/ESTT/EN,04-02-2021,Super Annuation,1,,Nominees,,Wife,,,JKD-1,01-03-2021
45,23-02-2021,FD-17/ADM/FP/R-00000086/1,12-03-2021,ADM,65599,AMIYA KR. BERA,AMIYA KUMAR BERA,"Amiya Kumar Bera,
Vill-Shibalay,Po-Adikashimpur,Ps-Duttapukur,
Dist-North 24 Paraganas-743248",FD-17,CAFIWA015,"REGISTRAR,I.& W.DEPTT.","To 
The Registrar  & D.D.O
Irrigation & Water Department,
Jalasampad Bhavan, 3rd floor,western Block,
Bidhannagar,Salt Lake City,Kol-700091.",CAF,CAL PAO -III,"SUBHANNA, S.G.O. COMPLEX, 5TH. AND 6TH. FLOOR, BIDHANNAGAR, PIN - 700064",230009.44,Two Lakh Thirty Thousand Nine Rupees Only,8009-01-101-001-23,,247,04-02-2021,Super Annuation,1,,Nominees,,Wife,,,JKD-1,12-03-2021
45,23-02-2021,FD-17/ADM/FP/R-00000086/2,12-03-2021,ADM,65599,AMIYA KR. BERA,AMIYA KUMAR BERA,"Amiya Kumar Bera,
Vill-Shibalay,Po-Adikashimpur,Ps-Duttapukur,
Dist-North 24 Paraganas-743248",FD-17,CAFIWA015,"REGISTRAR,I.& W.DEPTT.","To 
The Registrar  & D.D.O
Irrigation & Water Department,
Jalasampad Bhavan, 3rd floor,western Block,
Bidhannagar,Salt Lake City,Kol-700091.",CAF,CAL PAO -III,"SUBHANNA, S.G.O. COMPLEX, 5TH. AND 6TH. FLOOR, BIDHANNAGAR, PIN - 700064",230009.44,Two Lakh Thirty Thousand Nine Rupees Only,8009-01-101-001-23,,247,04-02-2021,Super Annuation,1,,Nominees,,Wife,,,JKD-1,12-03-2021
45,23-02-2021,FD-17/ADM/FP/R-00000086/3,12-03-2021,ADM,65599,AMIYA KR. BERA,AMIYA KUMAR BERA,"Amiya Kumar Bera,
Vill-Shibalay,Po-Adikashimpur,Ps-Duttapukur,
Dist-North 24 Paraganas-743248",FD-17,CAFIWA015,"REGISTRAR,I.& W.DEPTT.","To 
The Registrar  & D.D.O
Irrigation & Water Department,
Jalasampad Bhavan, 3rd floor,western Block,
Bidhannagar,Salt Lake City,Kol-700091.",CAF,CAL PAO -III,"SUBHANNA, S.G.O. COMPLEX, 5TH. AND 6TH. FLOOR, BIDHANNAGAR, PIN - 700064",230009.44,Two Lakh Thirty Thousand Nine Rupees Only,8009-01-101-001-23,,247,04-02-2021,Super Annuation,1,,Nominees,,Wife,,,JKD-1,12-03-2021
46,23-02-2021,FD-17/ADM/FP/R-00000038/1,03-03-2021,ADM,55922,DOLAN CHAMPA ROY,,"Dolan Champa Bagchi,
Chhayabrita Apartment,
CB-70,New Town,
Kol-700156.",FD-17,CAFDPA001,"A.O. DEPARTMENT OF  PLANNING, GOVT. OF W.B.","The Registrar & D.D.O.
Department of Women & Child Dev. & Social
Welfare,  Bikash Bhavan,Salt Lake,
Kol-700091",CAF,CAL PAO -III,"SUBHANNA, S.G.O. COMPLEX, 5TH. AND 6TH. FLOOR, BIDHANNAGAR, PIN - 700064",121806.3,One Lakh Twenty One Thousand Eight Hundred Six Rupees Only,8009-01-101-001-23,,512,03-02-2021,Super Annuation,1,,Nominees,,Wife,,,JKD-1,03-03-2021
46,23-02-2021,FD-17/ADM/FP/R-00000038/2,03-03-2021,ADM,55922,DOLAN CHAMPA ROY,,"Dolan Champa Bagchi,
Chhayabrita Apartment,
CB-70,New Town,
Kol-700156.",FD-17,CAFDPA001,"A.O. DEPARTMENT OF  PLANNING, GOVT. OF W.B.","The Registrar & D.D.O.
Department of Women & Child Dev. & Social
Welfare,  Bikash Bhavan,Salt Lake,
Kol-700091",CAF,CAL PAO -III,"SUBHANNA, S.G.O. COMPLEX, 5TH. AND 6TH. FLOOR, BIDHANNAGAR, PIN - 700064",121806.3,One Lakh Twenty One Thousand Eight Hundred Six Rupees Only,8009-01-101-001-23,,512,03-02-2021,Super Annuation,1,,Nominees,,Wife,,,JKD-1,03-03-2021
46,23-02-2021,FD-17/ADM/FP/R-00000038/3,03-03-2021,ADM,55922,DOLAN CHAMPA ROY,,"Dolan Champa Bagchi,
Chhayabrita Apartment,
CB-70,New Town,
Kol-700156.",FD-17,CAFDPA001,"A.O. DEPARTMENT OF  PLANNING, GOVT. OF W.B.","The Registrar & D.D.O.
Department of Women & Child Dev. & Social
Welfare,  Bikash Bhavan,Salt Lake,
Kol-700091",CAF,CAL PAO -III,"SUBHANNA, S.G.O. COMPLEX, 5TH. AND 6TH. FLOOR, BIDHANNAGAR, PIN - 700064",121806.3,One Lakh Twenty One Thousand Eight Hundred Six Rupees Only,8009-01-101-001-23,,512,03-02-2021,Super Annuation,1,,Nominees,,Wife,,,JKD-1,03-03-2021
48,23-02-2021,FD-3/ADM/FP/R-00000049/1,04-03-2021,ADM,70923,SUNIL BARAN KUIRI,,"SUNIL BARAN KUIRI,
KANTADIH MORE, PO-KANTADIH,
PS-ARSHA, DIST-PURULIA.
PIN-723153.",FD-3,PUAHMA001,"DISTRICT MAGISTRATE,PURULIA","THE DISTRICT MAGISTRATE,
O/O THE DISTRICT MAGISTRATE, PURULIA,
ESTABLISHMENT SECTION.
PIN-723101.",PUA,PURULIA-I,"DIST. PURULIA, PIN - 723101",167329.77,One Lakh Sixty Seven Thousand Three Hundred Twenty Nine Rupees Only,8009-01-101-001-23,01-04-2021,49,01-02-2021,Super Annuation,1,,Nominees,,Wife,,,JKD-1,04-03-2021
48,23-02-2021,FD-3/ADM/FP/R-00000049/2,04-03-2021,ADM,70923,SUNIL BARAN KUIRI,,"SUNIL BARAN KUIRI,
KANTADIH MORE, PO-KANTADIH,
PS-ARSHA, DIST-PURULIA.
PIN-723153.",FD-3,PUAHMA001,"DISTRICT MAGISTRATE,PURULIA","THE DISTRICT MAGISTRATE,
O/O THE DISTRICT MAGISTRATE, PURULIA,
ESTABLISHMENT SECTION.
PIN-723101.",PUA,PURULIA-I,"DIST. PURULIA, PIN - 723101",167329.77,One Lakh Sixty Seven Thousand Three Hundred Twenty Nine Rupees Only,8009-01-101-001-23,01-04-2021,49,01-02-2021,Super Annuation,1,,Nominees,,Wife,,,JKD-1,04-03-2021
48,23-02-2021,FD-3/ADM/FP/R-00000049/3,04-03-2021,ADM,70923,SUNIL BARAN KUIRI,,"SUNIL BARAN KUIRI,
KANTADIH MORE, PO-KANTADIH,
PS-ARSHA, DIST-PURULIA.
PIN-723153.",FD-3,PUAHMA001,"DISTRICT MAGISTRATE,PURULIA","THE DISTRICT MAGISTRATE,
O/O THE DISTRICT MAGISTRATE, PURULIA,
ESTABLISHMENT SECTION.
PIN-723101.",PUA,PURULIA-I,"DIST. PURULIA, PIN - 723101",167329.77,One Lakh Sixty Seven Thousand Three Hundred Twenty Nine Rupees Only,8009-01-101-001-23,01-04-2021,49,01-02-2021,Super Annuation,1,,Nominees,,Wife,,,JKD-1,04-03-2021
49,23-02-2021,FD-17/ADM/FP/R-00000055/1,05-03-2021,ADM,74999,TARUN KUMAR PAUL,,"SRI TARUN KUMAR PAUL,
3C, SOUTH SINTHEE ROAD, 
KOLKATA-700050.",FD-17,CAFHMM001,"SPECIAL OFFICER, VIG.COMMISSION,W.B.","The Special Officer, 
State Vigilence Commission, 
Bikash Bhavan, Bidhannagar,
Kolkata-700091.
 
",CAF,CAL PAO -III,"SUBHANNA, S.G.O. COMPLEX, 5TH. AND 6TH. FLOOR, BIDHANNAGAR, PIN - 700064",36692,Thirty Six Thousand Six Hundred Ninety Two Rupees Only,8009-01-101-001-23,,205,08-02-2021,Super Annuation,1,,Nominees,,Wife,,,JKD-1,05-03-2021
49,23-02-2021,FD-17/ADM/FP/R-00000055/2,05-03-2021,ADM,74999,TARUN KUMAR PAUL,,"SRI TARUN KUMAR PAUL,
3C, SOUTH SINTHEE ROAD, 
KOLKATA-700050.",FD-17,CAFHMM001,"SPECIAL OFFICER, VIG.COMMISSION,W.B.","The Special Officer, 
State Vigilence Commission, 
Bikash Bhavan, Bidhannagar,
Kolkata-700091.
 
",CAF,CAL PAO -III,"SUBHANNA, S.G.O. COMPLEX, 5TH. AND 6TH. FLOOR, BIDHANNAGAR, PIN - 700064",36692,Thirty Six Thousand Six Hundred Ninety Two Rupees Only,8009-01-101-001-23,,205,08-02-2021,Super Annuation,1,,Nominees,,Wife,,,JKD-1,05-03-2021
49,23-02-2021,FD-17/ADM/FP/R-00000055/3,05-03-2021,ADM,74999,TARUN KUMAR PAUL,,"SRI TARUN KUMAR PAUL,
3C, SOUTH SINTHEE ROAD, 
KOLKATA-700050.",FD-17,CAFHMM001,"SPECIAL OFFICER, VIG.COMMISSION,W.B.","The Special Officer, 
State Vigilence Commission, 
Bikash Bhavan, Bidhannagar,
Kolkata-700091.
 
",CAF,CAL PAO -III,"SUBHANNA, S.G.O. COMPLEX, 5TH. AND 6TH. FLOOR, BIDHANNAGAR, PIN - 700064",36692,Thirty Six Thousand Six Hundred Ninety Two Rupees Only,8009-01-101-001-23,,205,08-02-2021,Super Annuation,1,,Nominees,,Wife,,,JKD-1,05-03-2021
50,23-02-2021,FD-3/ADM/FP/R-00000052/1,04-03-2021,ADM,67151,BIJOY KR. KUNDU,BIJAY KUMAR KUNDU,"BIJAY KUMAR KUNDU,
83, BHUBAN CHANDRA BHAR ROAD,
BHANKUNDA, PO+PS-CHANDANNAGAR, 
HOOGHLY-712136.",FD-3,CABFNA008,"ASST.SECRETARY, FINANCE DEPTT.","THE REGISTRAR &D.D.O.
FINANCE ( AUDIT ) DEPT., 10TH FLOOR,
NABANNA, MANDIRTALA, 
HOWRAH-711102.",CAB,CAL PAO-I,"81/2/2 PHEARS LANE, PIN - 700012",1436471.91,Fourteen Lakh Thirty Six Thousand Four Hundred Seventy One Rupees Only,8009-01-101-001-23,,486,04-02-2021,Super Annuation,1,,Nominees,,Wife,,,JKD-1,04-03-2021
50,23-02-2021,FD-3/ADM/FP/R-00000052/2,04-03-2021,ADM,67151,BIJOY KR. KUNDU,BIJAY KUMAR KUNDU,"BIJAY KUMAR KUNDU,
83, BHUBAN CHANDRA BHAR ROAD,
BHANKUNDA, PO+PS-CHANDANNAGAR, 
HOOGHLY-712136.",FD-3,CABFNA008,"ASST.SECRETARY, FINANCE DEPTT.","THE REGISTRAR &D.D.O.
FINANCE ( AUDIT ) DEPT., 10TH FLOOR,
NABANNA, MANDIRTALA, 
HOWRAH-711102.",CAB,CAL PAO-I,"81/2/2 PHEARS LANE, PIN - 700012",1436471.91,Fourteen Lakh Thirty Six Thousand Four Hundred Seventy One Rupees Only,8009-01-101-001-23,,486,04-02-2021,Super Annuation,1,,Nominees,,Wife,,,JKD-1,04-03-2021
50,23-02-2021,FD-3/ADM/FP/R-00000052/3,04-03-2021,ADM,67151,BIJOY KR. KUNDU,BIJAY KUMAR KUNDU,"BIJAY KUMAR KUNDU,
83, BHUBAN CHANDRA BHAR ROAD,
BHANKUNDA, PO+PS-CHANDANNAGAR, 
HOOGHLY-712136.",FD-3,CABFNA008,"ASST.SECRETARY, FINANCE DEPTT.","THE REGISTRAR &D.D.O.
FINANCE ( AUDIT ) DEPT., 10TH FLOOR,
NABANNA, MANDIRTALA, 
HOWRAH-711102.",CAB,CAL PAO-I,"81/2/2 PHEARS LANE, PIN - 700012",1436471.91,Fourteen Lakh Thirty Six Thousand Four Hundred Seventy One Rupees Only,8009-01-101-001-23,,486,04-02-2021,Super Annuation,1,,Nominees,,Wife,,,JKD-1,04-03-2021
51,23-02-2021,FD-3/ADM/FP/R-00000032/1,02-03-2021,ADM,69225,PATIT PABAN DAS,,"SRI PATIT PABAN DAS,
33/C, KABI SUKANTA SARANI, NABANAGAR,
VILL&PO-BIRATI, PS-NIMTA,
DIST-24 PGS( N ), PIN-700051.",FD-3,CACFNT001,A&A.O. KOL. PAO-II,"THE ADMINISTRATIVE AND ACCOUNTS OFFICER,
KOLKATA PAY AND ACCOUNTS OFFICE-II, 
FINANCE DEPT.,P-1. HYDE LANE, 
KOLKATA-700073.",CAC,CAL PAO-II,"P-1, HYDE LANE, PIN - 700073",107762.76,One Lakh Seven Thousand Seven Hundred Sixty Two Rupees Only,8009-01-101-001-23,01-05-2021,160,10-02-2021,Super Annuation,1,,Nominees,,Wife,,,JKD-1,02-03-2021
51,23-02-2021,FD-3/ADM/FP/R-00000032/2,02-03-2021,ADM,69225,PATIT PABAN DAS,,"SRI PATIT PABAN DAS,
33/C, KABI SUKANTA SARANI, NABANAGAR,
VILL&PO-BIRATI, PS-NIMTA,
DIST-24 PGS( N ), PIN-700051.",FD-3,CACFNT001,A&A.O. KOL. PAO-II,"THE ADMINISTRATIVE AND ACCOUNTS OFFICER,
KOLKATA PAY AND ACCOUNTS OFFICE-II, 
FINANCE DEPT.,P-1. HYDE LANE, 
KOLKATA-700073.",CAC,CAL PAO-II,"P-1, HYDE LANE, PIN - 700073",107762.76,One Lakh Seven Thousand Seven Hundred Sixty Two Rupees Only,8009-01-101-001-23,01-05-2021,160,10-02-2021,Super Annuation,1,,Nominees,,Wife,,,JKD-1,02-03-2021
51,23-02-2021,FD-3/ADM/FP/R-00000032/3,02-03-2021,ADM,69225,PATIT PABAN DAS,,"SRI PATIT PABAN DAS,
33/C, KABI SUKANTA SARANI, NABANAGAR,
VILL&PO-BIRATI, PS-NIMTA,
DIST-24 PGS( N ), PIN-700051.",FD-3,CACFNT001,A&A.O. KOL. PAO-II,"THE ADMINISTRATIVE AND ACCOUNTS OFFICER,
KOLKATA PAY AND ACCOUNTS OFFICE-II, 
FINANCE DEPT.,P-1. HYDE LANE, 
KOLKATA-700073.",CAC,CAL PAO-II,"P-1, HYDE LANE, PIN - 700073",107762.76,One Lakh Seven Thousand Seven Hundred Sixty Two Rupees Only,8009-01-101-001-23,01-05-2021,160,10-02-2021,Super Annuation,1,,Nominees,,Wife,,,JKD-1,02-03-2021
52,24-02-2021,FD-17/ADM/FP/R-00000026/1,01-03-2021,ADM,64600,PRADIP KUNDU,,"Sri Pradip Kundu,
A/77 Laxmi nagar Lichubagan,
Dum-Dum, Kolkata-700074.",FD-17,NPAHMA006,COLLECTOR(COMPENSATION),"To
The Addl. District Magistrate(Comp),
O/o- The Collector, North 24 Paraganas,
District Compensation Department, Barasat,
North 24 Parganas, Pin-700124.
",NPA,BARASAT-I,"DIST. NORTH 24 PARGANAS, PIN - 700124",2722480.77,Twenty Seven Lakh Twenty Two Thousand Four Hundred Eighty Rupees Only,8009-01-101-001-23,,9,08-02-2021,Super Annuation,1,,Nominees,,Wife,,,JKD-1,01-03-2021
52,24-02-2021,FD-17/ADM/FP/R-00000026/2,01-03-2021,ADM,64600,PRADIP KUNDU,,"Sri Pradip Kundu,
A/77 Laxmi nagar Lichubagan,
Dum-Dum, Kolkata-700074.",FD-17,NPAHMA006,COLLECTOR(COMPENSATION),"To
The Addl. District Magistrate(Comp),
O/o- The Collector, North 24 Paraganas,
District Compensation Department, Barasat,
North 24 Parganas, Pin-700124.
",NPA,BARASAT-I,"DIST. NORTH 24 PARGANAS, PIN - 700124",2722480.77,Twenty Seven Lakh Twenty Two Thousand Four Hundred Eighty Rupees Only,8009-01-101-001-23,,9,08-02-2021,Super Annuation,1,,Nominees,,Wife,,,JKD-1,01-03-2021
52,24-02-2021,FD-17/ADM/FP/R-00000026/3,01-03-2021,ADM,64600,PRADIP KUNDU,,"Sri Pradip Kundu,
A/77 Laxmi nagar Lichubagan,
Dum-Dum, Kolkata-700074.",FD-17,NPAHMA006,COLLECTOR(COMPENSATION),"To
The Addl. District Magistrate(Comp),
O/o- The Collector, North 24 Paraganas,
District Compensation Department, Barasat,
North 24 Parganas, Pin-700124.
",NPA,BARASAT-I,"DIST. NORTH 24 PARGANAS, PIN - 700124",2722480.77,Twenty Seven Lakh Twenty Two Thousand Four Hundred Eighty Rupees Only,8009-01-101-001-23,,9,08-02-2021,Super Annuation,1,,Nominees,,Wife,,,JKD-1,01-03-2021
53,24-02-2021,FD-17/ADM/FP/R-00000030/1,02-03-2021,ADM,80689,BIJOY KUMAR HALDER,,"Sri Bijoy Kumar Halder,
100/5 Jessore Road, Bhagabati Park,
Dum-Dum,  Kolkata - 700074.",FD-17,CAFUDA010,"A.O.URBAN DEVELOPMENT, WEST BENGAL","The Accounts Officer, 
Deptt.of Urban Development and Municipal Affairs,
Nagarayan, DF-8, Sector-1,  Salt Lake,
Kolkata-700064.

",CAF,CAL PAO -III,"SUBHANNA, S.G.O. COMPLEX, 5TH. AND 6TH. FLOOR, BIDHANNAGAR, PIN - 700064",205169.93,Two Lakh Five Thousand One Hundred Sixty Nine Rupees Only,8009-01-101-001-23,01-04-2021,404,11-02-2021,Super Annuation,1,,Nominees,,Wife,,,JKD-1,02-03-2021
53,24-02-2021,FD-17/ADM/FP/R-00000030/2,02-03-2021,ADM,80689,BIJOY KUMAR HALDER,,"Sri Bijoy Kumar Halder,
100/5 Jessore Road, Bhagabati Park,
Dum-Dum,  Kolkata - 700074.",FD-17,CAFUDA010,"A.O.URBAN DEVELOPMENT, WEST BENGAL","The Accounts Officer, 
Deptt.of Urban Development and Municipal Affairs,
Nagarayan, DF-8, Sector-1,  Salt Lake,
Kolkata-700064.

",CAF,CAL PAO -III,"SUBHANNA, S.G.O. COMPLEX, 5TH. AND 6TH. FLOOR, BIDHANNAGAR, PIN - 700064",205169.93,Two Lakh Five Thousand One Hundred Sixty Nine Rupees Only,8009-01-101-001-23,01-04-2021,404,11-02-2021,Super Annuation,1,,Nominees,,Wife,,,JKD-1,02-03-2021
53,24-02-2021,FD-17/ADM/FP/R-00000030/3,02-03-2021,ADM,80689,BIJOY KUMAR HALDER,,"Sri Bijoy Kumar Halder,
100/5 Jessore Road, Bhagabati Park,
Dum-Dum,  Kolkata - 700074.",FD-17,CAFUDA010,"A.O.URBAN DEVELOPMENT, WEST BENGAL","The Accounts Officer, 
Deptt.of Urban Development and Municipal Affairs,
Nagarayan, DF-8, Sector-1,  Salt Lake,
Kolkata-700064.

",CAF,CAL PAO -III,"SUBHANNA, S.G.O. COMPLEX, 5TH. AND 6TH. FLOOR, BIDHANNAGAR, PIN - 700064",205169.93,Two Lakh Five Thousand One Hundred Sixty Nine Rupees Only,8009-01-101-001-23,01-04-2021,404,11-02-2021,Super Annuation,1,,Nominees,,Wife,,,JKD-1,02-03-2021
54,24-02-2021,FD-17/ADM/FP/R-00000025/1,01-03-2021,ADM,73167,SUBRATA KR. DAS,,"Subrata Kr, Das,
Vill-Pabana Colony, P.O. & P.S. Kaliyaganj,
Dist-Uttar Dinajpur, 
Pin-733132.",FD-17,DDCLRR001,"SUB-DIVISIONAL LAND & LAND REFORMS OFFICER, GANGARAMPUR","The SRO -II & DDO,
O/o the Sub Divisional  Land & Land Reforms Officer, 
Gangarampur At Buniadpur, Dakshin Dinajpur, 
Dist. Dakshin Dinajpur, Pin-733121.",DDC,GANGARAMPUR,"DIST. DAKSHIN DINAJPUR, PIN - 733124",343215.13,Three Lakh Forty Three Thousand Two Hundred Fifteen Rupees Only,8009-01-101-001-23,,124,08-02-2021,Super Annuation,1,,Nominees,,Wife,,,JKD-1,01-03-2021
54,24-02-2021,FD-17/ADM/FP/R-00000025/2,01-03-2021,ADM,73167,SUBRATA KR. DAS,,"Subrata Kr, Das,
Vill-Pabana Colony, P.O. & P.S. Kaliyaganj,
Dist-Uttar Dinajpur, 
Pin-733132.",FD-17,DDCLRR001,"SUB-DIVISIONAL LAND & LAND REFORMS OFFICER, GANGARAMPUR","The SRO -II & DDO,
O/o the Sub Divisional  Land & Land Reforms Officer, 
Gangarampur At Buniadpur, Dakshin Dinajpur, 
Dist. Dakshin Dinajpur, Pin-733121.",DDC,GANGARAMPUR,"DIST. DAKSHIN DINAJPUR, PIN - 733124",343215.13,Three Lakh Forty Three Thousand Two Hundred Fifteen Rupees Only,8009-01-101-001-23,,124,08-02-2021,Super Annuation,1,,Nominees,,Wife,,,JKD-1,01-03-2021
54,24-02-2021,FD-17/ADM/FP/R-00000025/3,01-03-2021,ADM,73167,SUBRATA KR. DAS,,"Subrata Kr, Das,
Vill-Pabana Colony, P.O. & P.S. Kaliyaganj,
Dist-Uttar Dinajpur, 
Pin-733132.",FD-17,DDCLRR001,"SUB-DIVISIONAL LAND & LAND REFORMS OFFICER, GANGARAMPUR","The SRO -II & DDO,
O/o the Sub Divisional  Land & Land Reforms Officer, 
Gangarampur At Buniadpur, Dakshin Dinajpur, 
Dist. Dakshin Dinajpur, Pin-733121.",DDC,GANGARAMPUR,"DIST. DAKSHIN DINAJPUR, PIN - 733124",343215.13,Three Lakh Forty Three Thousand Two Hundred Fifteen Rupees Only,8009-01-101-001-23,,124,08-02-2021,Super Annuation,1,,Nominees,,Wife,,,JKD-1,01-03-2021
55,24-02-2021,FD-17/ADM/FP/R-00000024/1,01-03-2021,ADM,80799,AKBAR ALI,,"Shree Akbar Ali,
Vill-Kashipukur,Po-Aminpur,Ps-Kushmandi,
Dist-Dakshin Dinajpur-733132",FD-17,DDCLRR001,"SUB-DIVISIONAL LAND & LAND REFORMS OFFICER, GANGARAMPUR","To 
The Sub-Divisional Land & Land Reforms Officer,
O/o-The Sub-Divisional Land & Land Reforms Officer,
Gangarampur at Buniadpur,
Dist-Dakshin Dinajpur-733121",DDC,GANGARAMPUR,"DIST. DAKSHIN DINAJPUR, PIN - 733124",614886.56,Six Lakh Fourteen Thousand Eight Hundred Eighty Six Rupees Only,8009-01-101-001-23,,127,08-02-2021,Super Annuation,1,,Nominees,,Wife,,,JKD-1,01-03-2021
55,24-02-2021,FD-17/ADM/FP/R-00000024/2,01-03-2021,ADM,80799,AKBAR ALI,,"Shree Akbar Ali,
Vill-Kashipukur,Po-Aminpur,Ps-Kushmandi,
Dist-Dakshin Dinajpur-733132",FD-17,DDCLRR001,"SUB-DIVISIONAL LAND & LAND REFORMS OFFICER, GANGARAMPUR","To 
The Sub-Divisional Land & Land Reforms Officer,
O/o-The Sub-Divisional Land & Land Reforms Officer,
Gangarampur at Buniadpur,
Dist-Dakshin Dinajpur-733121",DDC,GANGARAMPUR,"DIST. DAKSHIN DINAJPUR, PIN - 733124",614886.56,Six Lakh Fourteen Thousand Eight Hundred Eighty Six Rupees Only,8009-01-101-001-23,,127,08-02-2021,Super Annuation,1,,Nominees,,Wife,,,JKD-1,01-03-2021
55,24-02-2021,FD-17/ADM/FP/R-00000024/3,01-03-2021,ADM,80799,AKBAR ALI,,"Shree Akbar Ali,
Vill-Kashipukur,Po-Aminpur,Ps-Kushmandi,
Dist-Dakshin Dinajpur-733132",FD-17,DDCLRR001,"SUB-DIVISIONAL LAND & LAND REFORMS OFFICER, GANGARAMPUR","To 
The Sub-Divisional Land & Land Reforms Officer,
O/o-The Sub-Divisional Land & Land Reforms Officer,
Gangarampur at Buniadpur,
Dist-Dakshin Dinajpur-733121",DDC,GANGARAMPUR,"DIST. DAKSHIN DINAJPUR, PIN - 733124",614886.56,Six Lakh Fourteen Thousand Eight Hundred Eighty Six Rupees Only,8009-01-101-001-23,,127,08-02-2021,Super Annuation,1,,Nominees,,Wife,,,JKD-1,01-03-2021
56,24-02-2021,FD-17/ADM/FP/R-00000071/1,09-03-2021,ADM,66631,SHYAMAL KUMAR KUNDU,,"Shree Shyamal Kumar Kundu
Vivekananda Pally, Ward No.13
Arambagh,PS+PO-Arambagh
Dist-Hooghly
Pin-712 601",FD-17,HGCHMA001,"SUB-DIVISIONAL OFFICER,ARAMBAGH.","The Sub-Divisional Officer
O/o The Sub-Divisional Officer, Arambagh
Dist - Hooghly
Pin -712 601.",HGC,ARAMBAGH,"DIST. HOOGHLY, PIN - 712601",3460598.4,Thirty Four Lakh Sixty Thousand Five Hundred Ninety Eight Rupees Only,8009-01-101-001-23,01-05-2021,24,11-02-2021,Super Annuation,1,,Nominees,,Wife,,,JKD-1,09-03-2021
56,24-02-2021,FD-17/ADM/FP/R-00000071/2,09-03-2021,ADM,66631,SHYAMAL KUMAR KUNDU,,"Shree Shyamal Kumar Kundu
Vivekananda Pally, Ward No.13
Arambagh,PS+PO-Arambagh
Dist-Hooghly
Pin-712 601",FD-17,HGCHMA001,"SUB-DIVISIONAL OFFICER,ARAMBAGH.","The Sub-Divisional Officer
O/o The Sub-Divisional Officer, Arambagh
Dist - Hooghly
Pin -712 601.",HGC,ARAMBAGH,"DIST. HOOGHLY, PIN - 712601",3460598.4,Thirty Four Lakh Sixty Thousand Five Hundred Ninety Eight Rupees Only,8009-01-101-001-23,01-05-2021,24,11-02-2021,Super Annuation,1,,Nominees,,Wife,,,JKD-1,09-03-2021
56,24-02-2021,FD-17/ADM/FP/R-00000071/3,09-03-2021,ADM,66631,SHYAMAL KUMAR KUNDU,,"Shree Shyamal Kumar Kundu
Vivekananda Pally, Ward No.13
Arambagh,PS+PO-Arambagh
Dist-Hooghly
Pin-712 601",FD-17,HGCHMA001,"SUB-DIVISIONAL OFFICER,ARAMBAGH.","The Sub-Divisional Officer
O/o The Sub-Divisional Officer, Arambagh
Dist - Hooghly
Pin -712 601.",HGC,ARAMBAGH,"DIST. HOOGHLY, PIN - 712601",3460598.4,Thirty Four Lakh Sixty Thousand Five Hundred Ninety Eight Rupees Only,8009-01-101-001-23,01-05-2021,24,11-02-2021,Super Annuation,1,,Nominees,,Wife,,,JKD-1,09-03-2021
58,24-02-2021,FD-17/ADM/FP/R-00000037/1,03-03-2021,ADM,71752,PARESH DAS,,,FD-17,NPBLRR002,"S.R.O.-II,S.D.L.& L.R.O,BST","The S.R.O. & D.D.O.
O/o-Sub-Divisional Land and Land Reforms Officer,
Barasat, North 24 Paraganas,
Kol-124",NPB,BARASAT-II,"DIST. NORTH 24 PARGANAS, PIN - 700124",987217.29,Nine Lakh Eighty Seven Thousand Two Hundred Seventeen Rupees Only,8009-01-101-001-23,,364,03-02-2021,Super Annuation,1,,Nominees,,Wife,,,JKD-1,03-03-2021
58,24-02-2021,FD-17/ADM/FP/R-00000037/2,03-03-2021,ADM,71752,PARESH DAS,,,FD-17,NPBLRR002,"S.R.O.-II,S.D.L.& L.R.O,BST","The S.R.O. & D.D.O.
O/o-Sub-Divisional Land and Land Reforms Officer,
Barasat, North 24 Paraganas,
Kol-124",NPB,BARASAT-II,"DIST. NORTH 24 PARGANAS, PIN - 700124",987217.29,Nine Lakh Eighty Seven Thousand Two Hundred Seventeen Rupees Only,8009-01-101-001-23,,364,03-02-2021,Super Annuation,1,,Nominees,,Wife,,,JKD-1,03-03-2021
58,24-02-2021,FD-17/ADM/FP/R-00000037/3,03-03-2021,ADM,71752,PARESH DAS,,,FD-17,NPBLRR002,"S.R.O.-II,S.D.L.& L.R.O,BST","The S.R.O. & D.D.O.
O/o-Sub-Divisional Land and Land Reforms Officer,
Barasat, North 24 Paraganas,
Kol-124",NPB,BARASAT-II,"DIST. NORTH 24 PARGANAS, PIN - 700124",987217.29,Nine Lakh Eighty Seven Thousand Two Hundred Seventeen Rupees Only,8009-01-101-001-23,,364,03-02-2021,Super Annuation,1,,Nominees,,Wife,,,JKD-1,03-03-2021
59,24-02-2021,FD-3/ADM/FP/R-00000072/1,09-03-2021,ADM,82505,DHIREN CHANDRA MANDAL,,"DHIREN CHADRA MANDAL,
VILL-RAJNAGAR BAGHBARI, PO-MALIHA, 
PS-ENGLISH BAZAR,
DIST-MALDA, 
PIN-732102.",FD-3,MDCEDP006,S.I. OF SCHOOL CHANCHAL CIRCLE,"THE SRO-II & DDO,
O/O THE SUB-DIVISIONAL LAND AND LAND REFORMS OFFICER, CHANCHAL, DIST-MALDA, 
PIN-732123.",MDC,CHANCHAL,"DIST. MALDA, PIN - 732123",1742025.16,Seventeen Lakh Forty Two Thousand Twenty Five Rupees Only,8009-01-101-001-23,,104,01-02-2021,Super Annuation,1,,Nominees,,Wife,,,JKD-1,09-03-2021
59,24-02-2021,FD-3/ADM/FP/R-00000072/2,09-03-2021,ADM,82505,DHIREN CHANDRA MANDAL,,"DHIREN CHADRA MANDAL,
VILL-RAJNAGAR BAGHBARI, PO-MALIHA, 
PS-ENGLISH BAZAR,
DIST-MALDA, 
PIN-732102.",FD-3,MDCEDP006,S.I. OF SCHOOL CHANCHAL CIRCLE,"THE SRO-II & DDO,
O/O THE SUB-DIVISIONAL LAND AND LAND REFORMS OFFICER, CHANCHAL, DIST-MALDA, 
PIN-732123.",MDC,CHANCHAL,"DIST. MALDA, PIN - 732123",1742025.16,Seventeen Lakh Forty Two Thousand Twenty Five Rupees Only,8009-01-101-001-23,,104,01-02-2021,Super Annuation,1,,Nominees,,Wife,,,JKD-1,09-03-2021
59,24-02-2021,FD-3/ADM/FP/R-00000072/3,09-03-2021,ADM,82505,DHIREN CHANDRA MANDAL,,"DHIREN CHADRA MANDAL,
VILL-RAJNAGAR BAGHBARI, PO-MALIHA, 
PS-ENGLISH BAZAR,
DIST-MALDA, 
PIN-732102.",FD-3,MDCEDP006,S.I. OF SCHOOL CHANCHAL CIRCLE,"THE SRO-II & DDO,
O/O THE SUB-DIVISIONAL LAND AND LAND REFORMS OFFICER, CHANCHAL, DIST-MALDA, 
PIN-732123.",MDC,CHANCHAL,"DIST. MALDA, PIN - 732123",1742025.16,Seventeen Lakh Forty Two Thousand Twenty Five Rupees Only,8009-01-101-001-23,,104,01-02-2021,Super Annuation,1,,Nominees,,Wife,,,JKD-1,09-03-2021
61,25-02-2021,FD-17/ADM/FP/R-00000048/1,04-03-2021,ADM,59529,SHARMILA GHOSH,Sharmila Das,"Shree Sharmila Ghosh,
Babupara, Rahut Lane,
Po+Dist-Jalpaiguri-735101.",FD-17,JAAHMA002,"DISTRICT MAGISTRATE,JALPAIGURI.","The District Magistrate,
O/o-The District Magistrate,
Jalpaiguri,
Pin-735101.",JAA,JALPAIGURI-I,"DIST. JALPAIGURI, PIN - 735101",1683952.72,Sixteen Lakh Eighty Three Thousand Nine Hundred Fifty Two Rupees Only,8009-01-101-001-23,,8,15-01-2021,Super Annuation,1,,Nominees,,Wife,,,JKD-1,04-03-2021
61,25-02-2021,FD-17/ADM/FP/R-00000048/2,04-03-2021,ADM,59529,SHARMILA GHOSH,Sharmila Das,"Shree Sharmila Ghosh,
Babupara, Rahut Lane,
Po+Dist-Jalpaiguri-735101.",FD-17,JAAHMA002,"DISTRICT MAGISTRATE,JALPAIGURI.","The District Magistrate,
O/o-The District Magistrate,
Jalpaiguri,
Pin-735101.",JAA,JALPAIGURI-I,"DIST. JALPAIGURI, PIN - 735101",1683952.72,Sixteen Lakh Eighty Three Thousand Nine Hundred Fifty Two Rupees Only,8009-01-101-001-23,,8,15-01-2021,Super Annuation,1,,Nominees,,Wife,,,JKD-1,04-03-2021
61,25-02-2021,FD-17/ADM/FP/R-00000048/3,04-03-2021,ADM,59529,SHARMILA GHOSH,Sharmila Das,"Shree Sharmila Ghosh,
Babupara, Rahut Lane,
Po+Dist-Jalpaiguri-735101.",FD-17,JAAHMA002,"DISTRICT MAGISTRATE,JALPAIGURI.","The District Magistrate,
O/o-The District Magistrate,
Jalpaiguri,
Pin-735101.",JAA,JALPAIGURI-I,"DIST. JALPAIGURI, PIN - 735101",1683952.72,Sixteen Lakh Eighty Three Thousand Nine Hundred Fifty Two Rupees Only,8009-01-101-001-23,,8,15-01-2021,Super Annuation,1,,Nominees,,Wife,,,JKD-1,04-03-2021
62,25-02-2021,FD-17/ADM/FP/R-00000047/1,04-03-2021,ADM,67829,PRASANTA KR. GHOSH,Prasanta Kumar Ghosh,"Shree Prasanta Kumar Ghosh,
Nanda Lal Bhar Road, Bagbazar,
Sur Para, Po-Chandannagar,
Dist-Hooghly",FD-17,HGALRR001,S.R.O.-II(H.Q.)D.L.& L.R.O.(HQ)HOOGHLY,"The SRO-II & D.D.O.,
O/o the Additional District Magistrate and
District Land & Land Reforms Officer,
Hooghly,Jiban Paul's Garden, 
Dist.-Hooghly,  Pin-712103.

",HGA,HOOGHLY-I,"DIST. HOOGHLY, PIN - 712101",3321166.64,Thirty Three Lakh Twenty One Thousand One Hundred Sixty Six Rupees Only,8009-01-101-001-23,01-04-2021,12/610,04-02-2021,Super Annuation,1,,Nominees,,Wife,,,JKD-1,04-03-2021
62,25-02-2021,FD-17/ADM/FP/R-00000047/2,04-03-2021,ADM,67829,PRASANTA KR. GHOSH,Prasanta Kumar Ghosh,"Shree Prasanta Kumar Ghosh,
Nanda Lal Bhar Road, Bagbazar,
Sur Para, Po-Chandannagar,
Dist-Hooghly",FD-17,HGALRR001,S.R.O.-II(H.Q.)D.L.& L.R.O.(HQ)HOOGHLY,"The SRO-II & D.D.O.,
O/o the Additional District Magistrate and
District Land & Land Reforms Officer,
Hooghly,Jiban Paul's Garden, 
Dist.-Hooghly,  Pin-712103.

",HGA,HOOGHLY-I,"DIST. HOOGHLY, PIN - 712101",3321166.64,Thirty Three Lakh Twenty One Thousand One Hundred Sixty Six Rupees Only,8009-01-101-001-23,01-04-2021,12/610,04-02-2021,Super Annuation,1,,Nominees,,Wife,,,JKD-1,04-03-2021
62,25-02-2021,FD-17/ADM/FP/R-00000047/3,04-03-2021,ADM,67829,PRASANTA KR. GHOSH,Prasanta Kumar Ghosh,"Shree Prasanta Kumar Ghosh,
Nanda Lal Bhar Road, Bagbazar,
Sur Para, Po-Chandannagar,
Dist-Hooghly",FD-17,HGALRR001,S.R.O.-II(H.Q.)D.L.& L.R.O.(HQ)HOOGHLY,"The SRO-II & D.D.O.,
O/o the Additional District Magistrate and
District Land & Land Reforms Officer,
Hooghly,Jiban Paul's Garden, 
Dist.-Hooghly,  Pin-712103.

",HGA,HOOGHLY-I,"DIST. HOOGHLY, PIN - 712101",3321166.64,Thirty Three Lakh Twenty One Thousand One Hundred Sixty Six Rupees Only,8009-01-101-001-23,01-04-2021,12/610,04-02-2021,Super Annuation,1,,Nominees,,Wife,,,JKD-1,04-03-2021
63,25-02-2021,FD-17/ADM/FP/R-00000046/1,04-03-2021,ADM,71372,RENU RANI BHATTARAI,,"Shree Renu Rani Bhattaria,
R.N. Sinha Road, Muntilall Building,
Darjeeling.",FD-17,DAAHMA001,"DISTRICT MAGISTRATE,DARJEELING","The District Magistrate,
O/o-District Magistrate,
Dist.-Darjeeling  Pin-734101.",DAA,DARJEELING,"DIST. DARJEELING, PIN - 734101",586970.13,Five Lakh Eighty Six Thousand Nine Hundred Seventy Rupees Only,8009-01-101-001-23,01-04-2021,79,02-02-2021,Super Annuation,1,,Nominees,,Wife,,,JKD-1,04-03-2021
63,25-02-2021,FD-17/ADM/FP/R-00000046/2,04-03-2021,ADM,71372,RENU RANI BHATTARAI,,"Shree Renu Rani Bhattaria,
R.N. Sinha Road, Muntilall Building,
Darjeeling.",FD-17,DAAHMA001,"DISTRICT MAGISTRATE,DARJEELING","The District Magistrate,
O/o-District Magistrate,
Dist.-Darjeeling  Pin-734101.",DAA,DARJEELING,"DIST. DARJEELING, PIN - 734101",586970.13,Five Lakh Eighty Six Thousand Nine Hundred Seventy Rupees Only,8009-01-101-001-23,01-04-2021,79,02-02-2021,Super Annuation,1,,Nominees,,Wife,,,JKD-1,04-03-2021
63,25-02-2021,FD-17/ADM/FP/R-00000046/3,04-03-2021,ADM,71372,RENU RANI BHATTARAI,,"Shree Renu Rani Bhattaria,
R.N. Sinha Road, Muntilall Building,
Darjeeling.",FD-17,DAAHMA001,"DISTRICT MAGISTRATE,DARJEELING","The District Magistrate,
O/o-District Magistrate,
Dist.-Darjeeling  Pin-734101.",DAA,DARJEELING,"DIST. DARJEELING, PIN - 734101",586970.13,Five Lakh Eighty Six Thousand Nine Hundred Seventy Rupees Only,8009-01-101-001-23,01-04-2021,79,02-02-2021,Super Annuation,1,,Nominees,,Wife,,,JKD-1,04-03-2021
64,25-02-2021,FD-17/ADM/FP/R-00000023/1,01-03-2021,ADM,61768,JOYDIP BISWAS,,"Sri Joydip Biswas,
District Magistrate Office,
Coochbehar-736101.",FD-17,COAHMA001,"DISTRICT MAGISTRATE,COOCHBEHAR.","The District Magistrate,
O/o-District Magistrate,
Sagar Dighi Complex, PO-Coochbehar,
Dist-Coochbehar, Pin-736101.",COA,COOCHBEHAR-I,"DIST. COOCH BEHAR, PIN - 736101",396370.92,Three Lakh Ninety Six Thousand Three Hundred Seventy Rupees Only,8009-01-101-001-23,,327,05-02-2021,Super Annuation,1,,Nominees,,Wife,,,JKD-1,01-03-2021
64,25-02-2021,FD-17/ADM/FP/R-00000023/2,01-03-2021,ADM,61768,JOYDIP BISWAS,,"Sri Joydip Biswas,
District Magistrate Office,
Coochbehar-736101.",FD-17,COAHMA001,"DISTRICT MAGISTRATE,COOCHBEHAR.","The District Magistrate,
O/o-District Magistrate,
Sagar Dighi Complex, PO-Coochbehar,
Dist-Coochbehar, Pin-736101.",COA,COOCHBEHAR-I,"DIST. COOCH BEHAR, PIN - 736101",396370.92,Three Lakh Ninety Six Thousand Three Hundred Seventy Rupees Only,8009-01-101-001-23,,327,05-02-2021,Super Annuation,1,,Nominees,,Wife,,,JKD-1,01-03-2021
64,25-02-2021,FD-17/ADM/FP/R-00000023/3,01-03-2021,ADM,61768,JOYDIP BISWAS,,"Sri Joydip Biswas,
District Magistrate Office,
Coochbehar-736101.",FD-17,COAHMA001,"DISTRICT MAGISTRATE,COOCHBEHAR.","The District Magistrate,
O/o-District Magistrate,
Sagar Dighi Complex, PO-Coochbehar,
Dist-Coochbehar, Pin-736101.",COA,COOCHBEHAR-I,"DIST. COOCH BEHAR, PIN - 736101",396370.92,Three Lakh Ninety Six Thousand Three Hundred Seventy Rupees Only,8009-01-101-001-23,,327,05-02-2021,Super Annuation,1,,Nominees,,Wife,,,JKD-1,01-03-2021
65,25-02-2021,FD-17/ADM/FP/R-00000029/1,02-03-2021,ADM,86560,NIRMAL KUMAR SIL,,"Sri Nirmal Kumar Sil,
92/86, Lalit Gupta Street, 
Po+Ps-Nimta,
Kolkata-700049.",FD-17,CAFPNA001,"DEPUTY SECRETARY, DEPARTMENT OF PANCHYATS & RURAL DEVOLOPMENT","The Section Officer & D.D.O.,
Panchayats & Rural Development Department,
Joint Administrative Building (6th-10th Floor),
HC-7, Sector-III, Salt Lake City,
Kolkata-700106.",CAF,CAL PAO -III,"SUBHANNA, S.G.O. COMPLEX, 5TH. AND 6TH. FLOOR, BIDHANNAGAR, PIN - 700064",293699.24,Two Lakh Ninety Three Thousand Six Hundred Ninety Nine Rupees Only,8009-01-101-001-23,,568,29-01-2021,Super Annuation,1,,Nominees,,Wife,,,JKD-1,02-03-2021
65,25-02-2021,FD-17/ADM/FP/R-00000029/2,02-03-2021,ADM,86560,NIRMAL KUMAR SIL,,"Sri Nirmal Kumar Sil,
92/86, Lalit Gupta Street, 
Po+Ps-Nimta,
Kolkata-700049.",FD-17,CAFPNA001,"DEPUTY SECRETARY, DEPARTMENT OF PANCHYATS & RURAL DEVOLOPMENT","The Section Officer & D.D.O.,
Panchayats & Rural Development Department,
Joint Administrative Building (6th-10th Floor),
HC-7, Sector-III, Salt Lake City,
Kolkata-700106.",CAF,CAL PAO -III,"SUBHANNA, S.G.O. COMPLEX, 5TH. AND 6TH. FLOOR, BIDHANNAGAR, PIN - 700064",293699.24,Two Lakh Ninety Three Thousand Six Hundred Ninety Nine Rupees Only,8009-01-101-001-23,,568,29-01-2021,Super Annuation,1,,Nominees,,Wife,,,JKD-1,02-03-2021
65,25-02-2021,FD-17/ADM/FP/R-00000029/3,02-03-2021,ADM,86560,NIRMAL KUMAR SIL,,"Sri Nirmal Kumar Sil,
92/86, Lalit Gupta Street, 
Po+Ps-Nimta,
Kolkata-700049.",FD-17,CAFPNA001,"DEPUTY SECRETARY, DEPARTMENT OF PANCHYATS & RURAL DEVOLOPMENT","The Section Officer & D.D.O.,
Panchayats & Rural Development Department,
Joint Administrative Building (6th-10th Floor),
HC-7, Sector-III, Salt Lake City,
Kolkata-700106.",CAF,CAL PAO -III,"SUBHANNA, S.G.O. COMPLEX, 5TH. AND 6TH. FLOOR, BIDHANNAGAR, PIN - 700064",293699.24,Two Lakh Ninety Three Thousand Six Hundred Ninety Nine Rupees Only,8009-01-101-001-23,,568,29-01-2021,Super Annuation,1,,Nominees,,Wife,,,JKD-1,02-03-2021
66,25-02-2021,FD-17/ADM/FP/R-00000028/1,02-03-2021,ADM,48078,ASIS CHATTOPADHYAY,,"Sri Asis Chattopadhyay,
64, Bahir Serampore Road,
Po-Mollickpara, Serampore-3,
Dist-Hooghly, Pin-712203",FD-17,HGAHMA001,"DISTRICT MAGISTRATE & COLLECTOR,HOOGHLY.","The District Magistrate,
O/o-District Magistrate & Collector,
Establishment Section,
Chinsurah,Hooghly, Pin-712101.",HGA,HOOGHLY-I,"DIST. HOOGHLY, PIN - 712101",112185.24,One Lakh Twelve Thousand One Hundred Eighty Five Rupees Only,8009-01-101-001-23,,129,27-01-2021,Super Annuation,1,,Nominees,,Wife,,,JKD-1,02-03-2021
66,25-02-2021,FD-17/ADM/FP/R-00000028/2,02-03-2021,ADM,48078,ASIS CHATTOPADHYAY,,"Sri Asis Chattopadhyay,
64, Bahir Serampore Road,
Po-Mollickpara, Serampore-3,
Dist-Hooghly, Pin-712203",FD-17,HGAHMA001,"DISTRICT MAGISTRATE & COLLECTOR,HOOGHLY.","The District Magistrate,
O/o-District Magistrate & Collector,
Establishment Section,
Chinsurah,Hooghly, Pin-712101.",HGA,HOOGHLY-I,"DIST. HOOGHLY, PIN - 712101",112185.24,One Lakh Twelve Thousand One Hundred Eighty Five Rupees Only,8009-01-101-001-23,,129,27-01-2021,Super Annuation,1,,Nominees,,Wife,,,JKD-1,02-03-2021
66,25-02-2021,FD-17/ADM/FP/R-00000028/3,02-03-2021,ADM,48078,ASIS CHATTOPADHYAY,,"Sri Asis Chattopadhyay,
64, Bahir Serampore Road,
Po-Mollickpara, Serampore-3,
Dist-Hooghly, Pin-712203",FD-17,HGAHMA001,"DISTRICT MAGISTRATE & COLLECTOR,HOOGHLY.","The District Magistrate,
O/o-District Magistrate & Collector,
Establishment Section,
Chinsurah,Hooghly, Pin-712101.",HGA,HOOGHLY-I,"DIST. HOOGHLY, PIN - 712101",112185.24,One Lakh Twelve Thousand One Hundred Eighty Five Rupees Only,8009-01-101-001-23,,129,27-01-2021,Super Annuation,1,,Nominees,,Wife,,,JKD-1,02-03-2021
69,25-02-2021,FD-3/ADM/FP/R-00000053/1,04-03-2021,ADM,67210,TAPAS MAJUMDER,,"TAPAS MAJUMDER,
550/28, P.K. GUHA ROAD,
RADHANAGAR, 
KOLKATA-700028.",FD-3,CABFNA008,"ASST.SECRETARY, FINANCE DEPTT.","THE Registrar & D.D.O
FINANCE DEPARTMENT, GOVT. OF W.B.,
NABANNA, MANDIRTALA, 
325,S.C.Road,Howrah 711102.",CAB,CAL PAO-I,"81/2/2 PHEARS LANE, PIN - 700012",35211.82,Thirty Five Thousand Two Hundred Eleven Rupees Only,8009-01-101-001-23,,356,25-01-2021,Super Annuation,1,,Nominees,,Wife,,,JKD-1,04-03-2021
69,25-02-2021,FD-3/ADM/FP/R-00000053/2,04-03-2021,ADM,67210,TAPAS MAJUMDER,,"TAPAS MAJUMDER,
550/28, P.K. GUHA ROAD,
RADHANAGAR, 
KOLKATA-700028.",FD-3,CABFNA008,"ASST.SECRETARY, FINANCE DEPTT.","THE Registrar & D.D.O
FINANCE DEPARTMENT, GOVT. OF W.B.,
NABANNA, MANDIRTALA, 
325,S.C.Road,Howrah 711102.",CAB,CAL PAO-I,"81/2/2 PHEARS LANE, PIN - 700012",35211.82,Thirty Five Thousand Two Hundred Eleven Rupees Only,8009-01-101-001-23,,356,25-01-2021,Super Annuation,1,,Nominees,,Wife,,,JKD-1,04-03-2021
69,25-02-2021,FD-3/ADM/FP/R-00000053/3,04-03-2021,ADM,67210,TAPAS MAJUMDER,,"TAPAS MAJUMDER,
550/28, P.K. GUHA ROAD,
RADHANAGAR, 
KOLKATA-700028.",FD-3,CABFNA008,"ASST.SECRETARY, FINANCE DEPTT.","THE Registrar & D.D.O
FINANCE DEPARTMENT, GOVT. OF W.B.,
NABANNA, MANDIRTALA, 
325,S.C.Road,Howrah 711102.",CAB,CAL PAO-I,"81/2/2 PHEARS LANE, PIN - 700012",35211.82,Thirty Five Thousand Two Hundred Eleven Rupees Only,8009-01-101-001-23,,356,25-01-2021,Super Annuation,1,,Nominees,,Wife,,,JKD-1,04-03-2021
70,25-02-2021,FD-3/ADM/FP/R-00000061/1,05-03-2021,ADM,70907,MADAN MOHAN MANDAL,,"MADAN MOHAN MANDAL,
Vill-Goloag
PO-RAMKANALI, DIST-PURULIA,
PIN-723142.",FD-3,PUBLRR001,"S.D.L.& L.R.O., RAGHUNATHPUR","S.R.O-II & D.D.O
SDL & LRO
RAGHUNATHPUR, PS-RAGHUNATHPUR,
DIST-PURULIA,
PIN-723133.",PUB,RAGHUNATHPUR,"DIST. PURULIA, PIN - 723133",986218.07,Nine Lakh Eighty Six Thousand Two Hundred Eighteen Rupees Only,8009-01-101-001-23,,40,08-02-2021,Super Annuation,1,,Nominees,,Wife,,,JKD-1,05-03-2021
70,25-02-2021,FD-3/ADM/FP/R-00000061/2,05-03-2021,ADM,70907,MADAN MOHAN MANDAL,,"MADAN MOHAN MANDAL,
Vill-Goloag
PO-RAMKANALI, DIST-PURULIA,
PIN-723142.",FD-3,PUBLRR001,"S.D.L.& L.R.O., RAGHUNATHPUR","S.R.O-II & D.D.O
SDL & LRO
RAGHUNATHPUR, PS-RAGHUNATHPUR,
DIST-PURULIA,
PIN-723133.",PUB,RAGHUNATHPUR,"DIST. PURULIA, PIN - 723133",986218.07,Nine Lakh Eighty Six Thousand Two Hundred Eighteen Rupees Only,8009-01-101-001-23,,40,08-02-2021,Super Annuation,1,,Nominees,,Wife,,,JKD-1,05-03-2021
70,25-02-2021,FD-3/ADM/FP/R-00000061/3,05-03-2021,ADM,70907,MADAN MOHAN MANDAL,,"MADAN MOHAN MANDAL,
Vill-Goloag
PO-RAMKANALI, DIST-PURULIA,
PIN-723142.",FD-3,PUBLRR001,"S.D.L.& L.R.O., RAGHUNATHPUR","S.R.O-II & D.D.O
SDL & LRO
RAGHUNATHPUR, PS-RAGHUNATHPUR,
DIST-PURULIA,
PIN-723133.",PUB,RAGHUNATHPUR,"DIST. PURULIA, PIN - 723133",986218.07,Nine Lakh Eighty Six Thousand Two Hundred Eighteen Rupees Only,8009-01-101-001-23,,40,08-02-2021,Super Annuation,1,,Nominees,,Wife,,,JKD-1,05-03-2021
73,26-02-2021,FD-17/ADM/FP/R-00000022/1,01-03-2021,ADM,71844,KHAGENDRA NATH GAYEN,,"Shree Khagendra Nath Gayen,
Surya Sen Road,Tufanganj Town,
Po-Tufanganj New Town,
Ps-Tufanganj,
Dist-Coochbehar,
Pin-736160",FD-17,COFLRR001,"S.D.L & L.R.O,TUFANGANJ","The Sub-Divisional Land & Land Reforms Officer
O/o the Sub-Divisional Land & Land Reforms Officer,Tufanganj
Electric Office Road, Po-Tufanganj
Dist-Coochbehar, Pin-736 159",COF,TUFANGANJ,"DIST. COOCH BEHAR, PIN - 736159",1083181.75,Ten Lakh Eighty Three Thousand One Hundred Eighty One Rupees Only,8009-01-101-001-23,,121,10-02-2021,Super Annuation,1,,Nominees,,Wife,,,JKD-1,01-03-2021
73,26-02-2021,FD-17/ADM/FP/R-00000022/2,01-03-2021,ADM,71844,KHAGENDRA NATH GAYEN,,"Shree Khagendra Nath Gayen,
Surya Sen Road,Tufanganj Town,
Po-Tufanganj New Town,
Ps-Tufanganj,
Dist-Coochbehar,
Pin-736160",FD-17,COFLRR001,"S.D.L & L.R.O,TUFANGANJ","The Sub-Divisional Land & Land Reforms Officer
O/o the Sub-Divisional Land & Land Reforms Officer,Tufanganj
Electric Office Road, Po-Tufanganj
Dist-Coochbehar, Pin-736 159",COF,TUFANGANJ,"DIST. COOCH BEHAR, PIN - 736159",1083181.75,Ten Lakh Eighty Three Thousand One Hundred Eighty One Rupees Only,8009-01-101-001-23,,121,10-02-2021,Super Annuation,1,,Nominees,,Wife,,,JKD-1,01-03-2021
73,26-02-2021,FD-17/ADM/FP/R-00000022/3,01-03-2021,ADM,71844,KHAGENDRA NATH GAYEN,,"Shree Khagendra Nath Gayen,
Surya Sen Road,Tufanganj Town,
Po-Tufanganj New Town,
Ps-Tufanganj,
Dist-Coochbehar,
Pin-736160",FD-17,COFLRR001,"S.D.L & L.R.O,TUFANGANJ","The Sub-Divisional Land & Land Reforms Officer
O/o the Sub-Divisional Land & Land Reforms Officer,Tufanganj
Electric Office Road, Po-Tufanganj
Dist-Coochbehar, Pin-736 159",COF,TUFANGANJ,"DIST. COOCH BEHAR, PIN - 736159",1083181.75,Ten Lakh Eighty Three Thousand One Hundred Eighty One Rupees Only,8009-01-101-001-23,,121,10-02-2021,Super Annuation,1,,Nominees,,Wife,,,JKD-1,01-03-2021
74,26-02-2021,FD-17/ADM/FP/R-00000021/1,01-03-2021,ADM,69851,UTPAL DAS,,"Shree Utpal Das,
3 Zamindari Road, Gorabazar,
PO + PS - Berhampur, 
Dist - Murshidabad
Pin - 742 101",FD-17,MUALRR002,"S.R.O.-II TO S.D.L.L.R.O,SADAR.BERHAMPORE","The SRO II & DDO
O/o the Sub Divisional Land & 
Land Reforms Officer, Sadar, Berhampur
PO-Berhampur, PS--Berhampore Town
Dist-Murshidabad,Pin-742 101.",MUA,BERHAMPUR-I,"DIST. MURSHIDABAD, PIN - 742101",2454350.04,Twenty Four Lakh Fifty Four Thousand Three Hundred Fifty Rupees Only,8009-01-101-001-23,,159,10-02-2021,Super Annuation,1,,Nominees,,Wife,,,JKD-1,01-03-2021
74,26-02-2021,FD-17/ADM/FP/R-00000021/2,01-03-2021,ADM,69851,UTPAL DAS,,"Shree Utpal Das,
3 Zamindari Road, Gorabazar,
PO + PS - Berhampur, 
Dist - Murshidabad
Pin - 742 101",FD-17,MUALRR002,"S.R.O.-II TO S.D.L.L.R.O,SADAR.BERHAMPORE","The SRO II & DDO
O/o the Sub Divisional Land & 
Land Reforms Officer, Sadar, Berhampur
PO-Berhampur, PS--Berhampore Town
Dist-Murshidabad,Pin-742 101.",MUA,BERHAMPUR-I,"DIST. MURSHIDABAD, PIN - 742101",2454350.04,Twenty Four Lakh Fifty Four Thousand Three Hundred Fifty Rupees Only,8009-01-101-001-23,,159,10-02-2021,Super Annuation,1,,Nominees,,Wife,,,JKD-1,01-03-2021
74,26-02-2021,FD-17/ADM/FP/R-00000021/3,01-03-2021,ADM,69851,UTPAL DAS,,"Shree Utpal Das,
3 Zamindari Road, Gorabazar,
PO + PS - Berhampur, 
Dist - Murshidabad
Pin - 742 101",FD-17,MUALRR002,"S.R.O.-II TO S.D.L.L.R.O,SADAR.BERHAMPORE","The SRO II & DDO
O/o the Sub Divisional Land & 
Land Reforms Officer, Sadar, Berhampur
PO-Berhampur, PS--Berhampore Town
Dist-Murshidabad,Pin-742 101.",MUA,BERHAMPUR-I,"DIST. MURSHIDABAD, PIN - 742101",2454350.04,Twenty Four Lakh Fifty Four Thousand Three Hundred Fifty Rupees Only,8009-01-101-001-23,,159,10-02-2021,Super Annuation,1,,Nominees,,Wife,,,JKD-1,01-03-2021
75,01-03-2021,FD-17/ADM/FP/R-00000020/1,01-03-2021,ADM,68532,IFRAN ASAD,,"Reshman Tabassum,
Db-174, Street No-267,Flat No.1A,
New Town, Kolkata-700156.",FD-17,SPBLRR003,"S.R.O-II, S.D.L. & L.R.O","The S.R.O.-II & D.D.O.,
O/o-Sub-Divisional Land & Land Reforms Officer,
Sadar, Alipore, South 24 Paraganas,
New Treasury Building,6th Floor,
Dist.-South 24 Parganas,
Kolkata-700027.",SPB,ALIPORE-II,"DIST. SOUTH 24 PARGANAS, PIN - 700027",519831.61,Five Lakh Nineteen Thousand Eight Hundred Thirty One Rupees Only,8009-01-101-001-23,,146,10-02-2021,Death,4,Reshman Tabassum,Other than family detail,,Son,,,JKD-1,01-03-2021
75,01-03-2021,FD-17/ADM/FP/R-00000020/2,01-03-2021,ADM,68532,IFRAN ASAD,,"Reshman Tabassum,
Db-174, Street No-267,Flat No.1A,
New Town, Kolkata-700156.",FD-17,SPBLRR003,"S.R.O-II, S.D.L. & L.R.O","The S.R.O.-II & D.D.O.,
O/o-Sub-Divisional Land & Land Reforms Officer,
Sadar, Alipore, South 24 Paraganas,
New Treasury Building,6th Floor,
Dist.-South 24 Parganas,
Kolkata-700027.",SPB,ALIPORE-II,"DIST. SOUTH 24 PARGANAS, PIN - 700027",519831.61,Five Lakh Nineteen Thousand Eight Hundred Thirty One Rupees Only,8009-01-101-001-23,,146,10-02-2021,Death,4,Reshman Tabassum,Other than family detail,,Son,,,JKD-1,01-03-2021
75,01-03-2021,FD-17/ADM/FP/R-00000020/3,01-03-2021,ADM,68532,IFRAN ASAD,,"Reshman Tabassum,
Db-174, Street No-267,Flat No.1A,
New Town, Kolkata-700156.",FD-17,SPBLRR003,"S.R.O-II, S.D.L. & L.R.O","The S.R.O.-II & D.D.O.,
O/o-Sub-Divisional Land & Land Reforms Officer,
Sadar, Alipore, South 24 Paraganas,
New Treasury Building,6th Floor,
Dist.-South 24 Parganas,
Kolkata-700027.",SPB,ALIPORE-II,"DIST. SOUTH 24 PARGANAS, PIN - 700027",519831.61,Five Lakh Nineteen Thousand Eight Hundred Thirty One Rupees Only,8009-01-101-001-23,,146,10-02-2021,Death,4,Reshman Tabassum,Other than family detail,,Son,,,JKD-1,01-03-2021
76,02-03-2021,FD-3/ADM/FP/R-00000062/1,05-03-2021,ADM,70513,SUBIR KUMAR JANA,,"SUBIR KUMAR JANA, 
VILL+PO-BOYAR, 
DIST-PURBA MEDINIPUR, 
PIN-721656.",FD-3,CACPUA006,"MD, EASTERN DISTILLERIES LTD.","THE REGISTRAR & DDO.,
FINANCE DEPARTMENT, NABANNA, 
HOWRAH-711102.",CAB,CAL PAO-I,"81/2/2 PHEARS LANE, PIN - 700012",4056776.25,Forty Lakh Fifty Six Thousand Seven Hundred Seventy Six Rupees Only,8009-01-101-001-23,,266,28-01-2021,Super Annuation,1,,Nominees,,Wife,,,JKD-1,05-03-2021
76,02-03-2021,FD-3/ADM/FP/R-00000062/2,05-03-2021,ADM,70513,SUBIR KUMAR JANA,,"SUBIR KUMAR JANA, 
VILL+PO-BOYAR, 
DIST-PURBA MEDINIPUR, 
PIN-721656.",FD-3,CACPUA006,"MD, EASTERN DISTILLERIES LTD.","THE REGISTRAR & DDO.,
FINANCE DEPARTMENT, NABANNA, 
HOWRAH-711102.",CAB,CAL PAO-I,"81/2/2 PHEARS LANE, PIN - 700012",4056776.25,Forty Lakh Fifty Six Thousand Seven Hundred Seventy Six Rupees Only,8009-01-101-001-23,,266,28-01-2021,Super Annuation,1,,Nominees,,Wife,,,JKD-1,05-03-2021
76,02-03-2021,FD-3/ADM/FP/R-00000062/3,05-03-2021,ADM,70513,SUBIR KUMAR JANA,,"SUBIR KUMAR JANA, 
VILL+PO-BOYAR, 
DIST-PURBA MEDINIPUR, 
PIN-721656.",FD-3,CACPUA006,"MD, EASTERN DISTILLERIES LTD.","THE REGISTRAR & DDO.,
FINANCE DEPARTMENT, NABANNA, 
HOWRAH-711102.",CAB,CAL PAO-I,"81/2/2 PHEARS LANE, PIN - 700012",4056776.25,Forty Lakh Fifty Six Thousand Seven Hundred Seventy Six Rupees Only,8009-01-101-001-23,,266,28-01-2021,Super Annuation,1,,Nominees,,Wife,,,JKD-1,05-03-2021
78,02-03-2021,FD-3/ADM/FP/R-00000073/1,09-03-2021,ADM,78781,GANAPATI SINGHA,,"GANAPATI SINGHA
VILL-SRIRAMPUR,PO-GANDHINAGAR, 
PS-HABIBPUR, DIST-MALDA, 
PIN-732121.",FD-3,MDALRR002,"S.R.O-II & D.D.O,S.D.L.& L.R.O,MALDA.","SRO-II & DDO, O/o THE BL & LRO,
MALDA SADAR, RAMNAGAR, 
KACHARI, VILL+PO-MOKDUMPUR, 
DIST-MALDA, PIN-732103.",MDA,MALDA-I,"DIST. MALDA, PIN - 732101",658991.38,Six Lakh Fifty Eight Thousand Nine Hundred Ninety One Rupees Only,8009-01-101-001-23,,181,15-02-2021,Super Annuation,1,,Nominees,,Wife,,,JKD-1,09-03-2021
78,02-03-2021,FD-3/ADM/FP/R-00000073/2,09-03-2021,ADM,78781,GANAPATI SINGHA,,"GANAPATI SINGHA
VILL-SRIRAMPUR,PO-GANDHINAGAR, 
PS-HABIBPUR, DIST-MALDA, 
PIN-732121.",FD-3,MDALRR002,"S.R.O-II & D.D.O,S.D.L.& L.R.O,MALDA.","SRO-II & DDO, O/o THE BL & LRO,
MALDA SADAR, RAMNAGAR, 
KACHARI, VILL+PO-MOKDUMPUR, 
DIST-MALDA, PIN-732103.",MDA,MALDA-I,"DIST. MALDA, PIN - 732101",658991.38,Six Lakh Fifty Eight Thousand Nine Hundred Ninety One Rupees Only,8009-01-101-001-23,,181,15-02-2021,Super Annuation,1,,Nominees,,Wife,,,JKD-1,09-03-2021
78,02-03-2021,FD-3/ADM/FP/R-00000073/3,09-03-2021,ADM,78781,GANAPATI SINGHA,,"GANAPATI SINGHA
VILL-SRIRAMPUR,PO-GANDHINAGAR, 
PS-HABIBPUR, DIST-MALDA, 
PIN-732121.",FD-3,MDALRR002,"S.R.O-II & D.D.O,S.D.L.& L.R.O,MALDA.","SRO-II & DDO, O/o THE BL & LRO,
MALDA SADAR, RAMNAGAR, 
KACHARI, VILL+PO-MOKDUMPUR, 
DIST-MALDA, PIN-732103.",MDA,MALDA-I,"DIST. MALDA, PIN - 732101",658991.38,Six Lakh Fifty Eight Thousand Nine Hundred Ninety One Rupees Only,8009-01-101-001-23,,181,15-02-2021,Super Annuation,1,,Nominees,,Wife,,,JKD-1,09-03-2021
79,02-03-2021,FD-3/ADM/FP/R-00000076/1,09-03-2021,ADM,73550,SUBIR RANJAN DAS,,"SUBIR RANJAN DAS,
VILL+PO-SAMSI, DIST-MALDA,
PIN-732139.",FD-3,MDALRR002,"S.R.O-II & D.D.O,S.D.L.& L.R.O,MALDA.","THE DDO & SRO-II, SDL & LRO, 
MALDA ( SADAR ), RAMNAGAR KACHARI, 
VILL-MOKDUMPUR, DIST-MALDA, 
PIN-732103.",MDA,MALDA-I,"DIST. MALDA, PIN - 732101",305845.42,Three Lakh Five Thousand Eight Hundred Forty Five Rupees Only,8009-01-101-001-23,,160,10-02-2021,Super Annuation,1,,Nominees,,Wife,,,JKD-1,09-03-2021
79,02-03-2021,FD-3/ADM/FP/R-00000076/2,09-03-2021,ADM,73550,SUBIR RANJAN DAS,,"SUBIR RANJAN DAS,
VILL+PO-SAMSI, DIST-MALDA,
PIN-732139.",FD-3,MDALRR002,"S.R.O-II & D.D.O,S.D.L.& L.R.O,MALDA.","THE DDO & SRO-II, SDL & LRO, 
MALDA ( SADAR ), RAMNAGAR KACHARI, 
VILL-MOKDUMPUR, DIST-MALDA, 
PIN-732103.",MDA,MALDA-I,"DIST. MALDA, PIN - 732101",305845.42,Three Lakh Five Thousand Eight Hundred Forty Five Rupees Only,8009-01-101-001-23,,160,10-02-2021,Super Annuation,1,,Nominees,,Wife,,,JKD-1,09-03-2021
79,02-03-2021,FD-3/ADM/FP/R-00000076/3,09-03-2021,ADM,73550,SUBIR RANJAN DAS,,"SUBIR RANJAN DAS,
VILL+PO-SAMSI, DIST-MALDA,
PIN-732139.",FD-3,MDALRR002,"S.R.O-II & D.D.O,S.D.L.& L.R.O,MALDA.","THE DDO & SRO-II, SDL & LRO, 
MALDA ( SADAR ), RAMNAGAR KACHARI, 
VILL-MOKDUMPUR, DIST-MALDA, 
PIN-732103.",MDA,MALDA-I,"DIST. MALDA, PIN - 732101",305845.42,Three Lakh Five Thousand Eight Hundred Forty Five Rupees Only,8009-01-101-001-23,,160,10-02-2021,Super Annuation,1,,Nominees,,Wife,,,JKD-1,09-03-2021
80,02-03-2021,FD-3/ADM/FP/R-00000093/1,12-03-2021,ADM,79780,KASHI NATH SAHA,,"KASHI NATH SAHA,
58/6 NABAPALLY ASHOKENAGAR,
PO& PS- ASHOKENAGAR, 
DIST-24 PGS ( N ), PIN-743222.",FD-3,CABFNA008,"ASST.SECRETARY, FINANCE DEPTT.","THE REGISTRAR & DDO.,
FINANCE DEPT., NABANNA, 
325, SARAT CHATTERJEE ROAD, 
HOWRAH-711102.",CAB,CAL PAO-I,"81/2/2 PHEARS LANE, PIN - 700012",97551,Ninety Seven Thousand Five Hundred Fifty One Rupees Only,8009-01-101-001-23,,41,15-02-2021,Super Annuation,1,,Nominees,,Wife,,,JKD-1,12-03-2021
80,02-03-2021,FD-3/ADM/FP/R-00000093/2,12-03-2021,ADM,79780,KASHI NATH SAHA,,"KASHI NATH SAHA,
58/6 NABAPALLY ASHOKENAGAR,
PO& PS- ASHOKENAGAR, 
DIST-24 PGS ( N ), PIN-743222.",FD-3,CABFNA008,"ASST.SECRETARY, FINANCE DEPTT.","THE REGISTRAR & DDO.,
FINANCE DEPT., NABANNA, 
325, SARAT CHATTERJEE ROAD, 
HOWRAH-711102.",CAB,CAL PAO-I,"81/2/2 PHEARS LANE, PIN - 700012",97551,Ninety Seven Thousand Five Hundred Fifty One Rupees Only,8009-01-101-001-23,,41,15-02-2021,Super Annuation,1,,Nominees,,Wife,,,JKD-1,12-03-2021
80,02-03-2021,FD-3/ADM/FP/R-00000093/3,12-03-2021,ADM,79780,KASHI NATH SAHA,,"KASHI NATH SAHA,
58/6 NABAPALLY ASHOKENAGAR,
PO& PS- ASHOKENAGAR, 
DIST-24 PGS ( N ), PIN-743222.",FD-3,CABFNA008,"ASST.SECRETARY, FINANCE DEPTT.","THE REGISTRAR & DDO.,
FINANCE DEPT., NABANNA, 
325, SARAT CHATTERJEE ROAD, 
HOWRAH-711102.",CAB,CAL PAO-I,"81/2/2 PHEARS LANE, PIN - 700012",97551,Ninety Seven Thousand Five Hundred Fifty One Rupees Only,8009-01-101-001-23,,41,15-02-2021,Super Annuation,1,,Nominees,,Wife,,,JKD-1,12-03-2021
81,02-03-2021,FD-17/ADM/FP/R-00000045/1,04-03-2021,ADM,68782,SUNIL KUMAR BANDOPADHYAY,,"Shree Sunil Kumar Bandopadhyay,
Vill-Brahamanpara,
Po+Ps-Dhaniakhali,  Dist-Hooghly,
Pin-712302.",FD-17,HGEHMA001,"SUB-DIVISIONAL OFFICER, SERAMPORE","The Sub-Divisional Officer,
O/o-Sub-Divisional Officer,
Serampore, Hooghly,
Po-Serampore,Pin-712201.",HGE,SERAMPORE-I,"DIST. HOOGHLY, PIN - 712201",161134.36,One Lakh Sixty One Thousand One Hundred Thirty Four Rupees Only,8009-01-101-001-23,01-04-2021,16,28-01-2021,Super Annuation,1,,Nominees,,Wife,,,JKD-1,04-03-2021
81,02-03-2021,FD-17/ADM/FP/R-00000045/2,04-03-2021,ADM,68782,SUNIL KUMAR BANDOPADHYAY,,"Shree Sunil Kumar Bandopadhyay,
Vill-Brahamanpara,
Po+Ps-Dhaniakhali,  Dist-Hooghly,
Pin-712302.",FD-17,HGEHMA001,"SUB-DIVISIONAL OFFICER, SERAMPORE","The Sub-Divisional Officer,
O/o-Sub-Divisional Officer,
Serampore, Hooghly,
Po-Serampore,Pin-712201.",HGE,SERAMPORE-I,"DIST. HOOGHLY, PIN - 712201",161134.36,One Lakh Sixty One Thousand One Hundred Thirty Four Rupees Only,8009-01-101-001-23,01-04-2021,16,28-01-2021,Super Annuation,1,,Nominees,,Wife,,,JKD-1,04-03-2021
81,02-03-2021,FD-17/ADM/FP/R-00000045/3,04-03-2021,ADM,68782,SUNIL KUMAR BANDOPADHYAY,,"Shree Sunil Kumar Bandopadhyay,
Vill-Brahamanpara,
Po+Ps-Dhaniakhali,  Dist-Hooghly,
Pin-712302.",FD-17,HGEHMA001,"SUB-DIVISIONAL OFFICER, SERAMPORE","The Sub-Divisional Officer,
O/o-Sub-Divisional Officer,
Serampore, Hooghly,
Po-Serampore,Pin-712201.",HGE,SERAMPORE-I,"DIST. HOOGHLY, PIN - 712201",161134.36,One Lakh Sixty One Thousand One Hundred Thirty Four Rupees Only,8009-01-101-001-23,01-04-2021,16,28-01-2021,Super Annuation,1,,Nominees,,Wife,,,JKD-1,04-03-2021
82,02-03-2021,FD-17/ADM/FP/R-00000057/1,05-03-2021,ADM,66688,HARI NARAYAN RAY,,"Sri Hari Narayan Ray,
Naginabag,
Po+Ps+Dist- Murshidabad,
Pin-742149.",FD-17,MUELRR001,"S.R.O.II.& D.D.O.  S.D.L.& L.R.O.,  LALBAGH","The SRO-II & DDO,
O/o-Sub-Divisional Land & Land Reforms Officer,
Administration Building, 3rd Floor, Lalbagh,
Murshidabad, Pin-742149.",MUE,LALBAGH,"DIST. MURSHIDABAD, PIN - 742149",274491.11,Two Lakh Seventy Four Thousand Four Hundred Ninety One Rupees Only,8009-01-101-001-23,,213,18-02-2021,Super Annuation,1,,Nominees,,Wife,,,JKD-1,05-03-2021
82,02-03-2021,FD-17/ADM/FP/R-00000057/2,05-03-2021,ADM,66688,HARI NARAYAN RAY,,"Sri Hari Narayan Ray,
Naginabag,
Po+Ps+Dist- Murshidabad,
Pin-742149.",FD-17,MUELRR001,"S.R.O.II.& D.D.O.  S.D.L.& L.R.O.,  LALBAGH","The SRO-II & DDO,
O/o-Sub-Divisional Land & Land Reforms Officer,
Administration Building, 3rd Floor, Lalbagh,
Murshidabad, Pin-742149.",MUE,LALBAGH,"DIST. MURSHIDABAD, PIN - 742149",274491.11,Two Lakh Seventy Four Thousand Four Hundred Ninety One Rupees Only,8009-01-101-001-23,,213,18-02-2021,Super Annuation,1,,Nominees,,Wife,,,JKD-1,05-03-2021
82,02-03-2021,FD-17/ADM/FP/R-00000057/3,05-03-2021,ADM,66688,HARI NARAYAN RAY,,"Sri Hari Narayan Ray,
Naginabag,
Po+Ps+Dist- Murshidabad,
Pin-742149.",FD-17,MUELRR001,"S.R.O.II.& D.D.O.  S.D.L.& L.R.O.,  LALBAGH","The SRO-II & DDO,
O/o-Sub-Divisional Land & Land Reforms Officer,
Administration Building, 3rd Floor, Lalbagh,
Murshidabad, Pin-742149.",MUE,LALBAGH,"DIST. MURSHIDABAD, PIN - 742149",274491.11,Two Lakh Seventy Four Thousand Four Hundred Ninety One Rupees Only,8009-01-101-001-23,,213,18-02-2021,Super Annuation,1,,Nominees,,Wife,,,JKD-1,05-03-2021
85,02-03-2021,FD-17/ADM/FP/R-00000044/1,04-03-2021,ADM,71652,SUDHANGSU MOHAN PAL,,"Shree Sudhangsu Mohan Pal,
At-Rabindra Nagar,
Po-Midnapore,
Dist-Paschim Medinipore,,
Pin-721101.",FD-17,MIALRR001,D.L.& L.R.O.PASCHIM MID.,"The SRO-II & D.D.O.,
O/o-District Land &Land Reforms Officer,
Paschim Medinipur,
At-Keranitola, Po-Midnapore,
Dist-Paschim Medinipur,  Pin-721101.",MIA,MIDNAPORE-I,"DIST. PASCHIM MEDINIPUR, PIN - 721101",1779155.76,Seventeen Lakh Seventy Nine Thousand One Hundred Fifty Five Rupees Only,8009-01-101-001-23,01-04-2021,970,12-02-2021,Super Annuation,1,,Nominees,,Wife,,,JKD-1,04-03-2021
85,02-03-2021,FD-17/ADM/FP/R-00000044/2,04-03-2021,ADM,71652,SUDHANGSU MOHAN PAL,,"Shree Sudhangsu Mohan Pal,
At-Rabindra Nagar,
Po-Midnapore,
Dist-Paschim Medinipore,,
Pin-721101.",FD-17,MIALRR001,D.L.& L.R.O.PASCHIM MID.,"The SRO-II & D.D.O.,
O/o-District Land &Land Reforms Officer,
Paschim Medinipur,
At-Keranitola, Po-Midnapore,
Dist-Paschim Medinipur,  Pin-721101.",MIA,MIDNAPORE-I,"DIST. PASCHIM MEDINIPUR, PIN - 721101",1779155.76,Seventeen Lakh Seventy Nine Thousand One Hundred Fifty Five Rupees Only,8009-01-101-001-23,01-04-2021,970,12-02-2021,Super Annuation,1,,Nominees,,Wife,,,JKD-1,04-03-2021
85,02-03-2021,FD-17/ADM/FP/R-00000044/3,04-03-2021,ADM,71652,SUDHANGSU MOHAN PAL,,"Shree Sudhangsu Mohan Pal,
At-Rabindra Nagar,
Po-Midnapore,
Dist-Paschim Medinipore,,
Pin-721101.",FD-17,MIALRR001,D.L.& L.R.O.PASCHIM MID.,"The SRO-II & D.D.O.,
O/o-District Land &Land Reforms Officer,
Paschim Medinipur,
At-Keranitola, Po-Midnapore,
Dist-Paschim Medinipur,  Pin-721101.",MIA,MIDNAPORE-I,"DIST. PASCHIM MEDINIPUR, PIN - 721101",1779155.76,Seventeen Lakh Seventy Nine Thousand One Hundred Fifty Five Rupees Only,8009-01-101-001-23,01-04-2021,970,12-02-2021,Super Annuation,1,,Nominees,,Wife,,,JKD-1,04-03-2021
86,02-03-2021,FD-17/ADM/FP/R-00000043/1,04-03-2021,ADM,56277,SHYAMAL KUMAR MITRA,,"Shree Shyamal Kumar Mitra,
Vill-Gopal Nagar (East),
Po+Ps-Singur,
Dist-Hooghly,  Pin-712409.",FD-17,CAFESA001,"ASSTT. SECY., SCHOOL EDUCATION DEPT.","The Registrar & D.D.O.,
School Education Department,
Administrative Branch,
Bikash Bhavan, Salt Lake, 
Kol-700091.",CAF,CAL PAO -III,"SUBHANNA, S.G.O. COMPLEX, 5TH. AND 6TH. FLOOR, BIDHANNAGAR, PIN - 700064",20193.9,Twenty Thousand One Hundred Ninety Three Rupees Only,8009-01-101-001-23,,167,15-02-2021,Super Annuation,1,,Nominees,,Wife,,,JKD-1,04-03-2021
86,02-03-2021,FD-17/ADM/FP/R-00000043/2,04-03-2021,ADM,56277,SHYAMAL KUMAR MITRA,,"Shree Shyamal Kumar Mitra,
Vill-Gopal Nagar (East),
Po+Ps-Singur,
Dist-Hooghly,  Pin-712409.",FD-17,CAFESA001,"ASSTT. SECY., SCHOOL EDUCATION DEPT.","The Registrar & D.D.O.,
School Education Department,
Administrative Branch,
Bikash Bhavan, Salt Lake, 
Kol-700091.",CAF,CAL PAO -III,"SUBHANNA, S.G.O. COMPLEX, 5TH. AND 6TH. FLOOR, BIDHANNAGAR, PIN - 700064",20193.9,Twenty Thousand One Hundred Ninety Three Rupees Only,8009-01-101-001-23,,167,15-02-2021,Super Annuation,1,,Nominees,,Wife,,,JKD-1,04-03-2021
86,02-03-2021,FD-17/ADM/FP/R-00000043/3,04-03-2021,ADM,56277,SHYAMAL KUMAR MITRA,,"Shree Shyamal Kumar Mitra,
Vill-Gopal Nagar (East),
Po+Ps-Singur,
Dist-Hooghly,  Pin-712409.",FD-17,CAFESA001,"ASSTT. SECY., SCHOOL EDUCATION DEPT.","The Registrar & D.D.O.,
School Education Department,
Administrative Branch,
Bikash Bhavan, Salt Lake, 
Kol-700091.",CAF,CAL PAO -III,"SUBHANNA, S.G.O. COMPLEX, 5TH. AND 6TH. FLOOR, BIDHANNAGAR, PIN - 700064",20193.9,Twenty Thousand One Hundred Ninety Three Rupees Only,8009-01-101-001-23,,167,15-02-2021,Super Annuation,1,,Nominees,,Wife,,,JKD-1,04-03-2021
87,02-03-2021,FD-3/ADM/FP/R-00000067/1,08-03-2021,ADM,74978,KANU PAL,,"KANU PAL,
FLAT NO SQ-II, PASCHIM BARISHA GOVT.
HOUSING ESTATE, 124, D.H. ROAD, 
THAKURPUR, KOL-700063.",FD-3,CACPWA002,"A.O. AND E.O.DY.SECY.,P.W.D.","THE ACCOUNTS OFFICER &
EX-OFFICIO DEPUTY SECRETARY,
PWD, KHADYA BHABAN, KOLKATA,
PIN-700087.",CAC,CAL PAO-II,"P-1, HYDE LANE, PIN - 700073",346302.36,Three Lakh Forty Six Thousand Three Hundred Two Rupees Only,8009-01-101-001-23,,32,25-01-2021,Super Annuation,1,,Nominees,,Wife,,,JKD-1,08-03-2021
87,02-03-2021,FD-3/ADM/FP/R-00000067/2,08-03-2021,ADM,74978,KANU PAL,,"KANU PAL,
FLAT NO SQ-II, PASCHIM BARISHA GOVT.
HOUSING ESTATE, 124, D.H. ROAD, 
THAKURPUR, KOL-700063.",FD-3,CACPWA002,"A.O. AND E.O.DY.SECY.,P.W.D.","THE ACCOUNTS OFFICER &
EX-OFFICIO DEPUTY SECRETARY,
PWD, KHADYA BHABAN, KOLKATA,
PIN-700087.",CAC,CAL PAO-II,"P-1, HYDE LANE, PIN - 700073",346302.36,Three Lakh Forty Six Thousand Three Hundred Two Rupees Only,8009-01-101-001-23,,32,25-01-2021,Super Annuation,1,,Nominees,,Wife,,,JKD-1,08-03-2021
87,02-03-2021,FD-3/ADM/FP/R-00000067/3,08-03-2021,ADM,74978,KANU PAL,,"KANU PAL,
FLAT NO SQ-II, PASCHIM BARISHA GOVT.
HOUSING ESTATE, 124, D.H. ROAD, 
THAKURPUR, KOL-700063.",FD-3,CACPWA002,"A.O. AND E.O.DY.SECY.,P.W.D.","THE ACCOUNTS OFFICER &
EX-OFFICIO DEPUTY SECRETARY,
PWD, KHADYA BHABAN, KOLKATA,
PIN-700087.",CAC,CAL PAO-II,"P-1, HYDE LANE, PIN - 700073",346302.36,Three Lakh Forty Six Thousand Three Hundred Two Rupees Only,8009-01-101-001-23,,32,25-01-2021,Super Annuation,1,,Nominees,,Wife,,,JKD-1,08-03-2021
88,02-03-2021,FD-3/ADM/FP/R-00000059/1,05-03-2021,ADM,78710,TARAPADA GHOSH,,"TARA PADA GHOSH
VILL+POST-MURAKATA, PS-ONDA, 
DIST-BANKURA, 
PIN-722144.",FD-3,BAALRR004,"SRO-II & DDO,S.D.L.& L.R.O.,  BANKURA","THE SRO-II & DDO, SDL & LRO,
PO+DIST-BANKURA,
PIN-722101.
",BAA,BANKURA,"P.O. & DIST. BANKURA, PIN - 722101",119242.82,One Lakh Nineteen Thousand Two Hundred Forty Two Rupees Only,8009-01-101-001-23,,108,03-02-2021,Super Annuation,1,,Nominees,,Wife,,,JKD-1,05-03-2021
88,02-03-2021,FD-3/ADM/FP/R-00000059/2,05-03-2021,ADM,78710,TARAPADA GHOSH,,"TARA PADA GHOSH
VILL+POST-MURAKATA, PS-ONDA, 
DIST-BANKURA, 
PIN-722144.",FD-3,BAALRR004,"SRO-II & DDO,S.D.L.& L.R.O.,  BANKURA","THE SRO-II & DDO, SDL & LRO,
PO+DIST-BANKURA,
PIN-722101.
",BAA,BANKURA,"P.O. & DIST. BANKURA, PIN - 722101",119242.82,One Lakh Nineteen Thousand Two Hundred Forty Two Rupees Only,8009-01-101-001-23,,108,03-02-2021,Super Annuation,1,,Nominees,,Wife,,,JKD-1,05-03-2021
88,02-03-2021,FD-3/ADM/FP/R-00000059/3,05-03-2021,ADM,78710,TARAPADA GHOSH,,"TARA PADA GHOSH
VILL+POST-MURAKATA, PS-ONDA, 
DIST-BANKURA, 
PIN-722144.",FD-3,BAALRR004,"SRO-II & DDO,S.D.L.& L.R.O.,  BANKURA","THE SRO-II & DDO, SDL & LRO,
PO+DIST-BANKURA,
PIN-722101.
",BAA,BANKURA,"P.O. & DIST. BANKURA, PIN - 722101",119242.82,One Lakh Nineteen Thousand Two Hundred Forty Two Rupees Only,8009-01-101-001-23,,108,03-02-2021,Super Annuation,1,,Nominees,,Wife,,,JKD-1,05-03-2021
89,02-03-2021,FD-3/ADM/FP/R-00000060/1,05-03-2021,ADM,55652,SUKUMAR SINGHA,,"SUKUMAR SINGHA, 
MAHESHMATI, PUSPA APARTMENT-2B
PO+DIST-MALDA, 
PIN-732101.",FD-3,MDALRR002,"S.R.O-II & D.D.O,S.D.L.& L.R.O,MALDA.","THE SRO-II & DDO, SDL & LRO,
MALDA SADAR, VILL-MOKDAMPUR, RAMNAGAR KACHARI, DIST-MALDA, PIN-732103.",MDA,MALDA-I,"DIST. MALDA, PIN - 732101",1631997.89,Sixteen Lakh Thirty One Thousand Nine Hundred Ninety Seven Rupees Only,8009-01-101-001-23,,173,11-02-2021,Super Annuation,1,,Nominees,,Wife,,,JKD-1,05-03-2021
89,02-03-2021,FD-3/ADM/FP/R-00000060/2,05-03-2021,ADM,55652,SUKUMAR SINGHA,,"SUKUMAR SINGHA, 
MAHESHMATI, PUSPA APARTMENT-2B
PO+DIST-MALDA, 
PIN-732101.",FD-3,MDALRR002,"S.R.O-II & D.D.O,S.D.L.& L.R.O,MALDA.","THE SRO-II & DDO, SDL & LRO,
MALDA SADAR, VILL-MOKDAMPUR, RAMNAGAR KACHARI, DIST-MALDA, PIN-732103.",MDA,MALDA-I,"DIST. MALDA, PIN - 732101",1631997.89,Sixteen Lakh Thirty One Thousand Nine Hundred Ninety Seven Rupees Only,8009-01-101-001-23,,173,11-02-2021,Super Annuation,1,,Nominees,,Wife,,,JKD-1,05-03-2021
89,02-03-2021,FD-3/ADM/FP/R-00000060/3,05-03-2021,ADM,55652,SUKUMAR SINGHA,,"SUKUMAR SINGHA, 
MAHESHMATI, PUSPA APARTMENT-2B
PO+DIST-MALDA, 
PIN-732101.",FD-3,MDALRR002,"S.R.O-II & D.D.O,S.D.L.& L.R.O,MALDA.","THE SRO-II & DDO, SDL & LRO,
MALDA SADAR, VILL-MOKDAMPUR, RAMNAGAR KACHARI, DIST-MALDA, PIN-732103.",MDA,MALDA-I,"DIST. MALDA, PIN - 732101",1631997.89,Sixteen Lakh Thirty One Thousand Nine Hundred Ninety Seven Rupees Only,8009-01-101-001-23,,173,11-02-2021,Super Annuation,1,,Nominees,,Wife,,,JKD-1,05-03-2021
92,03-03-2021,FD-17/ADM/FP/R-00000070/1,09-03-2021,ADM,59802,PRADIP KR. MUKHERJEE,Pradip Kumar Mukherjee,"Shree Pradeep Kumar Mukherjee,
5/17,Bijoygarh,
Kol-700009.",FD-17,SPAHMA001,"COLLECTOR,SOUTH 24 PARGANAS","The Collector,
O/o the Collector,  South 24-Parganas, Alipore,
Establishment Section,
New Treasury Building, 2nd Floor, Alipore,
Kokatal-700027",SPA,ALIPORE-I,"DIST. SOUTH 24 PARGANAS, PIN - 700027",643825.24,Six Lakh Forty Three Thousand Eight Hundred Twenty Five Rupees Only,8009-01-101-001-23,,61,18-02-2021,Super Annuation,1,,Nominees,,Wife,,,JKD-1,09-03-2021
92,03-03-2021,FD-17/ADM/FP/R-00000070/2,09-03-2021,ADM,59802,PRADIP KR. MUKHERJEE,Pradip Kumar Mukherjee,"Shree Pradeep Kumar Mukherjee,
5/17,Bijoygarh,
Kol-700009.",FD-17,SPAHMA001,"COLLECTOR,SOUTH 24 PARGANAS","The Collector,
O/o the Collector,  South 24-Parganas, Alipore,
Establishment Section,
New Treasury Building, 2nd Floor, Alipore,
Kokatal-700027",SPA,ALIPORE-I,"DIST. SOUTH 24 PARGANAS, PIN - 700027",643825.24,Six Lakh Forty Three Thousand Eight Hundred Twenty Five Rupees Only,8009-01-101-001-23,,61,18-02-2021,Super Annuation,1,,Nominees,,Wife,,,JKD-1,09-03-2021
92,03-03-2021,FD-17/ADM/FP/R-00000070/3,09-03-2021,ADM,59802,PRADIP KR. MUKHERJEE,Pradip Kumar Mukherjee,"Shree Pradeep Kumar Mukherjee,
5/17,Bijoygarh,
Kol-700009.",FD-17,SPAHMA001,"COLLECTOR,SOUTH 24 PARGANAS","The Collector,
O/o the Collector,  South 24-Parganas, Alipore,
Establishment Section,
New Treasury Building, 2nd Floor, Alipore,
Kokatal-700027",SPA,ALIPORE-I,"DIST. SOUTH 24 PARGANAS, PIN - 700027",643825.24,Six Lakh Forty Three Thousand Eight Hundred Twenty Five Rupees Only,8009-01-101-001-23,,61,18-02-2021,Super Annuation,1,,Nominees,,Wife,,,JKD-1,09-03-2021
93,03-03-2021,FD-17/ADM/FP/R-00000054/1,04-03-2021,ADM,83142,PRABIR ROYCHOWDHURY,,"Rupa Roy Chowdhury,
Salt Lake, Baisaki  Abasan,
C-41/1,  A.G.Block.",FD-17,CAFESA001,"ASSTT. SECY., SCHOOL EDUCATION DEPT.","The Registrar & D.D.O.,
School Education Department,
Administrative Branch, Bikash Bhavan,
Salt Lake,  KOl-700091.",CAF,CAL PAO -III,"SUBHANNA, S.G.O. COMPLEX, 5TH. AND 6TH. FLOOR, BIDHANNAGAR, PIN - 700064",198890,One Lakh Ninety Eight Thousand Eight Hundred Ninety Rupees Only,8009-01-101-001-23,,163,15-02-2021,Death,4,Rupa Roychowdhury,Other than family detail,,Son,,,SR1,04-03-2021
93,03-03-2021,FD-17/ADM/FP/R-00000054/2,04-03-2021,ADM,83142,PRABIR ROYCHOWDHURY,,"Rupa Roy Chowdhury,
Salt Lake, Baisaki  Abasan,
C-41/1,  A.G.Block.",FD-17,CAFESA001,"ASSTT. SECY., SCHOOL EDUCATION DEPT.","The Registrar & D.D.O.,
School Education Department,
Administrative Branch, Bikash Bhavan,
Salt Lake,  KOl-700091.",CAF,CAL PAO -III,"SUBHANNA, S.G.O. COMPLEX, 5TH. AND 6TH. FLOOR, BIDHANNAGAR, PIN - 700064",198890,One Lakh Ninety Eight Thousand Eight Hundred Ninety Rupees Only,8009-01-101-001-23,,163,15-02-2021,Death,4,Rupa Roychowdhury,Other than family detail,,Son,,,SR1,04-03-2021
93,03-03-2021,FD-17/ADM/FP/R-00000054/3,04-03-2021,ADM,83142,PRABIR ROYCHOWDHURY,,"Rupa Roy Chowdhury,
Salt Lake, Baisaki  Abasan,
C-41/1,  A.G.Block.",FD-17,CAFESA001,"ASSTT. SECY., SCHOOL EDUCATION DEPT.","The Registrar & D.D.O.,
School Education Department,
Administrative Branch, Bikash Bhavan,
Salt Lake,  KOl-700091.",CAF,CAL PAO -III,"SUBHANNA, S.G.O. COMPLEX, 5TH. AND 6TH. FLOOR, BIDHANNAGAR, PIN - 700064",198890,One Lakh Ninety Eight Thousand Eight Hundred Ninety Rupees Only,8009-01-101-001-23,,163,15-02-2021,Death,4,Rupa Roychowdhury,Other than family detail,,Son,,,SR1,04-03-2021
94,03-03-2021,FD-17/ADM/FP/R-00000063/1,08-03-2021,ADM,80712,TIMIR BARAN SARKAR,,"Timir Baran Sarkar,
Vill+Po-Jhikra,  Ps-Gaighata,
Dist-24 Pgs(N),
Pin-743245.",FD-17,NPELRR001,SRO-II&D.D.O.S.D.L.&L.R.O.BASIRHAT,"The SRO-II & D.D.O.,
O/o the Sub-Divisional Land & Land Reforms Officer,
Basirhat,   North 24 Parganas,
Pin-743411.",NPE,BASIRHAT,"DIST. NORTH 24 PARGANAS, PIN - 743411",206959.18,Two Lakh Six Thousand Nine Hundred Fifty Nine Rupees Only,8009-01-101-001-23,,219,09-02-2021,Super Annuation,1,,Nominees,,Wife,,,JKD-1,08-03-2021
94,03-03-2021,FD-17/ADM/FP/R-00000063/2,08-03-2021,ADM,80712,TIMIR BARAN SARKAR,,"Timir Baran Sarkar,
Vill+Po-Jhikra,  Ps-Gaighata,
Dist-24 Pgs(N),
Pin-743245.",FD-17,NPELRR001,SRO-II&D.D.O.S.D.L.&L.R.O.BASIRHAT,"The SRO-II & D.D.O.,
O/o the Sub-Divisional Land & Land Reforms Officer,
Basirhat,   North 24 Parganas,
Pin-743411.",NPE,BASIRHAT,"DIST. NORTH 24 PARGANAS, PIN - 743411",206959.18,Two Lakh Six Thousand Nine Hundred Fifty Nine Rupees Only,8009-01-101-001-23,,219,09-02-2021,Super Annuation,1,,Nominees,,Wife,,,JKD-1,08-03-2021
94,03-03-2021,FD-17/ADM/FP/R-00000063/3,08-03-2021,ADM,80712,TIMIR BARAN SARKAR,,"Timir Baran Sarkar,
Vill+Po-Jhikra,  Ps-Gaighata,
Dist-24 Pgs(N),
Pin-743245.",FD-17,NPELRR001,SRO-II&D.D.O.S.D.L.&L.R.O.BASIRHAT,"The SRO-II & D.D.O.,
O/o the Sub-Divisional Land & Land Reforms Officer,
Basirhat,   North 24 Parganas,
Pin-743411.",NPE,BASIRHAT,"DIST. NORTH 24 PARGANAS, PIN - 743411",206959.18,Two Lakh Six Thousand Nine Hundred Fifty Nine Rupees Only,8009-01-101-001-23,,219,09-02-2021,Super Annuation,1,,Nominees,,Wife,,,JKD-1,08-03-2021
95,03-03-2021,FD-17/ADM/FP/R-00000056/1,05-03-2021,ADM,69633,ANOY RANJAN BANERJEE,,"Sri Anoy Ranjan Banerjee,
Purba Para, Haldibari,
Ward No-1, Po+Ps-Haldibari,
Dist- Coochbehar, Pin-735122.",FD-17,COELRR001,"SUB-DIVISIONAL LAND & LAND REFORMS OFFICER, MEKLIGANJ","The S.R.O-II & D.D.O,
O/o-Sub-Divisional Land & Land Reforms Officer,
Po+Ps-Mekhliganj,Dist-Cooch behar, 
Pin-735304.",COE,MEKHLIGANJ,"DIST. COOCH BEHAR, PIN - 735304",111061.25,One Lakh Eleven Thousand Sixty One Rupees Only,8009-01-101-001-23,,47(2),28-01-2021,Super Annuation,1,,Nominees,,Wife,,,JKD-1,05-03-2021
95,03-03-2021,FD-17/ADM/FP/R-00000056/2,05-03-2021,ADM,69633,ANOY RANJAN BANERJEE,,"Sri Anoy Ranjan Banerjee,
Purba Para, Haldibari,
Ward No-1, Po+Ps-Haldibari,
Dist- Coochbehar, Pin-735122.",FD-17,COELRR001,"SUB-DIVISIONAL LAND & LAND REFORMS OFFICER, MEKLIGANJ","The S.R.O-II & D.D.O,
O/o-Sub-Divisional Land & Land Reforms Officer,
Po+Ps-Mekhliganj,Dist-Cooch behar, 
Pin-735304.",COE,MEKHLIGANJ,"DIST. COOCH BEHAR, PIN - 735304",111061.25,One Lakh Eleven Thousand Sixty One Rupees Only,8009-01-101-001-23,,47(2),28-01-2021,Super Annuation,1,,Nominees,,Wife,,,JKD-1,05-03-2021
95,03-03-2021,FD-17/ADM/FP/R-00000056/3,05-03-2021,ADM,69633,ANOY RANJAN BANERJEE,,"Sri Anoy Ranjan Banerjee,
Purba Para, Haldibari,
Ward No-1, Po+Ps-Haldibari,
Dist- Coochbehar, Pin-735122.",FD-17,COELRR001,"SUB-DIVISIONAL LAND & LAND REFORMS OFFICER, MEKLIGANJ","The S.R.O-II & D.D.O,
O/o-Sub-Divisional Land & Land Reforms Officer,
Po+Ps-Mekhliganj,Dist-Cooch behar, 
Pin-735304.",COE,MEKHLIGANJ,"DIST. COOCH BEHAR, PIN - 735304",111061.25,One Lakh Eleven Thousand Sixty One Rupees Only,8009-01-101-001-23,,47(2),28-01-2021,Super Annuation,1,,Nominees,,Wife,,,JKD-1,05-03-2021
96,03-03-2021,FD-17/ADM/FP/R-00000058/1,05-03-2021,ADM,87487,BALAI CHANDRA DAS,,"Shree Balai Chandra Das,
Vill-Gourangapur, PO-Bighati,
Dist-Hooghly.",FD-17,CAFPNA001,"DEPUTY SECRETARY, DEPARTMENT OF PANCHYATS & RURAL DEVOLOPMENT","The Registrar & DDO,
Panchayats & Rural Deveopment Department,
Joint Administrative Building (6th-10th Floor),
HC-7, Sector-III, Salt Lake City, 
Kolkata -700106.",CAF,CAL PAO -III,"SUBHANNA, S.G.O. COMPLEX, 5TH. AND 6TH. FLOOR, BIDHANNAGAR, PIN - 700064",232102.14,Two Lakh Thirty Two Thousand One Hundred Two Rupees Only,8009-01-101-001-23,,4162,07-12-2020,Super Annuation,1,,Nominees,,Wife,,,JKD-1,05-03-2021
96,03-03-2021,FD-17/ADM/FP/R-00000058/2,05-03-2021,ADM,87487,BALAI CHANDRA DAS,,"Shree Balai Chandra Das,
Vill-Gourangapur, PO-Bighati,
Dist-Hooghly.",FD-17,CAFPNA001,"DEPUTY SECRETARY, DEPARTMENT OF PANCHYATS & RURAL DEVOLOPMENT","The Registrar & DDO,
Panchayats & Rural Deveopment Department,
Joint Administrative Building (6th-10th Floor),
HC-7, Sector-III, Salt Lake City, 
Kolkata -700106.",CAF,CAL PAO -III,"SUBHANNA, S.G.O. COMPLEX, 5TH. AND 6TH. FLOOR, BIDHANNAGAR, PIN - 700064",232102.14,Two Lakh Thirty Two Thousand One Hundred Two Rupees Only,8009-01-101-001-23,,4162,07-12-2020,Super Annuation,1,,Nominees,,Wife,,,JKD-1,05-03-2021
96,03-03-2021,FD-17/ADM/FP/R-00000058/3,05-03-2021,ADM,87487,BALAI CHANDRA DAS,,"Shree Balai Chandra Das,
Vill-Gourangapur, PO-Bighati,
Dist-Hooghly.",FD-17,CAFPNA001,"DEPUTY SECRETARY, DEPARTMENT OF PANCHYATS & RURAL DEVOLOPMENT","The Registrar & DDO,
Panchayats & Rural Deveopment Department,
Joint Administrative Building (6th-10th Floor),
HC-7, Sector-III, Salt Lake City, 
Kolkata -700106.",CAF,CAL PAO -III,"SUBHANNA, S.G.O. COMPLEX, 5TH. AND 6TH. FLOOR, BIDHANNAGAR, PIN - 700064",232102.14,Two Lakh Thirty Two Thousand One Hundred Two Rupees Only,8009-01-101-001-23,,4162,07-12-2020,Super Annuation,1,,Nominees,,Wife,,,JKD-1,05-03-2021
98,04-03-2021,FD-17/ADM/FP/R-00000069/1,09-03-2021,ADM,86652,SYAMAL CHAKRABARTI,,"Shree Syamal Chakrabarti,
Babu Para, Bidrahi More Bye Lane,
Ward No.2, Po-Dinhata, Dist-Coochbehar,
Pin-736135.",FD-17,COBFNC001,"COMMERCIAL TAX OFFICER, COOCH BEHAR","The Joint Commissioner,
O/o-The Joint Commissioner,
Commercial Taxes, Coochbehar Charge,
Pin-736101.",COB,COOCHBEHAR-II,"DIST. COOCH BEHAR, PIN - 736101",114808.22,One Lakh Fourteen Thousand Eight Hundred Eight Rupees Only,8009-01-101-001-23,01-04-2021,1890,24-02-2021,Super Annuation,1,,Nominees,,Wife,,,JKD-1,09-03-2021
98,04-03-2021,FD-17/ADM/FP/R-00000069/2,09-03-2021,ADM,86652,SYAMAL CHAKRABARTI,,"Shree Syamal Chakrabarti,
Babu Para, Bidrahi More Bye Lane,
Ward No.2, Po-Dinhata, Dist-Coochbehar,
Pin-736135.",FD-17,COBFNC001,"COMMERCIAL TAX OFFICER, COOCH BEHAR","The Joint Commissioner,
O/o-The Joint Commissioner,
Commercial Taxes, Coochbehar Charge,
Pin-736101.",COB,COOCHBEHAR-II,"DIST. COOCH BEHAR, PIN - 736101",114808.22,One Lakh Fourteen Thousand Eight Hundred Eight Rupees Only,8009-01-101-001-23,01-04-2021,1890,24-02-2021,Super Annuation,1,,Nominees,,Wife,,,JKD-1,09-03-2021
98,04-03-2021,FD-17/ADM/FP/R-00000069/3,09-03-2021,ADM,86652,SYAMAL CHAKRABARTI,,"Shree Syamal Chakrabarti,
Babu Para, Bidrahi More Bye Lane,
Ward No.2, Po-Dinhata, Dist-Coochbehar,
Pin-736135.",FD-17,COBFNC001,"COMMERCIAL TAX OFFICER, COOCH BEHAR","The Joint Commissioner,
O/o-The Joint Commissioner,
Commercial Taxes, Coochbehar Charge,
Pin-736101.",COB,COOCHBEHAR-II,"DIST. COOCH BEHAR, PIN - 736101",114808.22,One Lakh Fourteen Thousand Eight Hundred Eight Rupees Only,8009-01-101-001-23,01-04-2021,1890,24-02-2021,Super Annuation,1,,Nominees,,Wife,,,JKD-1,09-03-2021
99,04-03-2021,FD-17/ADM/FP/R-00000068/1,09-03-2021,ADM,64102,ASISH KR. MUKHOPADHYAY,Asish Kumar Mukhopadhyay,"Asish Kumar Mukhopadhyay,
CD-284,  Narayan tala,
Po-Aswini Nagar,
Kol-700159.",FD-17,CAFFNA002,JOINT DIRECTOR & DDO. D.P.P.G.,"The Joint Director,
Dte.of Pension Provident Fund & Group Insurance,
Finance Department,
Purta Bhavan (2nd Floor),  Salt Lake,
Kol-91.",CAF,CAL PAO -III,"SUBHANNA, S.G.O. COMPLEX, 5TH. AND 6TH. FLOOR, BIDHANNAGAR, PIN - 700064",212469.89,Two Lakh Twelve Thousand Four Hundred Sixty Nine Rupees Only,8009-01-101-001-23,,35,24-02-2021,Super Annuation,1,,Nominees,,Wife,,,JKD-1,09-03-2021
99,04-03-2021,FD-17/ADM/FP/R-00000068/2,09-03-2021,ADM,64102,ASISH KR. MUKHOPADHYAY,Asish Kumar Mukhopadhyay,"Asish Kumar Mukhopadhyay,
CD-284,  Narayan tala,
Po-Aswini Nagar,
Kol-700159.",FD-17,CAFFNA002,JOINT DIRECTOR & DDO. D.P.P.G.,"The Joint Director,
Dte.of Pension Provident Fund & Group Insurance,
Finance Department,
Purta Bhavan (2nd Floor),  Salt Lake,
Kol-91.",CAF,CAL PAO -III,"SUBHANNA, S.G.O. COMPLEX, 5TH. AND 6TH. FLOOR, BIDHANNAGAR, PIN - 700064",212469.89,Two Lakh Twelve Thousand Four Hundred Sixty Nine Rupees Only,8009-01-101-001-23,,35,24-02-2021,Super Annuation,1,,Nominees,,Wife,,,JKD-1,09-03-2021
99,04-03-2021,FD-17/ADM/FP/R-00000068/3,09-03-2021,ADM,64102,ASISH KR. MUKHOPADHYAY,Asish Kumar Mukhopadhyay,"Asish Kumar Mukhopadhyay,
CD-284,  Narayan tala,
Po-Aswini Nagar,
Kol-700159.",FD-17,CAFFNA002,JOINT DIRECTOR & DDO. D.P.P.G.,"The Joint Director,
Dte.of Pension Provident Fund & Group Insurance,
Finance Department,
Purta Bhavan (2nd Floor),  Salt Lake,
Kol-91.",CAF,CAL PAO -III,"SUBHANNA, S.G.O. COMPLEX, 5TH. AND 6TH. FLOOR, BIDHANNAGAR, PIN - 700064",212469.89,Two Lakh Twelve Thousand Four Hundred Sixty Nine Rupees Only,8009-01-101-001-23,,35,24-02-2021,Super Annuation,1,,Nominees,,Wife,,,JKD-1,09-03-2021
100,04-03-2021,FD-17/ADM/FP/R-00000079/1,10-03-2021,ADM,75220,SOMDUTTA BRAHMIN,,"Shree Somdutta Brahmin,
Uday Gram, Pandam Busty,
Po.Uday Gram,
Dist-Darjeeling, Pin-734101.",FD-17,DAALRR003,"SUB-DIVISIONAL LAND & LAND REFORMS OFFICER,DJ","The SRO-I & D.D.O.,
O/o-The Sub-Divisional Land & Land Reforms Officer,
Sadar,  Darjeeling, D.B. Giri Road,
Po+Dist-Darjeeling,
Pin-734101.",DAA,DARJEELING,"DIST. DARJEELING, PIN - 734101",1557924.36,Fifteen Lakh Fifty Seven Thousand Nine Hundred Twenty Four Rupees Only,8009-01-101-001-23,,113,23-02-2021,Super Annuation,1,,Nominees,,Wife,,,JKD-1,10-03-2021
100,04-03-2021,FD-17/ADM/FP/R-00000079/2,10-03-2021,ADM,75220,SOMDUTTA BRAHMIN,,"Shree Somdutta Brahmin,
Uday Gram, Pandam Busty,
Po.Uday Gram,
Dist-Darjeeling, Pin-734101.",FD-17,DAALRR003,"SUB-DIVISIONAL LAND & LAND REFORMS OFFICER,DJ","The SRO-I & D.D.O.,
O/o-The Sub-Divisional Land & Land Reforms Officer,
Sadar,  Darjeeling, D.B. Giri Road,
Po+Dist-Darjeeling,
Pin-734101.",DAA,DARJEELING,"DIST. DARJEELING, PIN - 734101",1557924.36,Fifteen Lakh Fifty Seven Thousand Nine Hundred Twenty Four Rupees Only,8009-01-101-001-23,,113,23-02-2021,Super Annuation,1,,Nominees,,Wife,,,JKD-1,10-03-2021
100,04-03-2021,FD-17/ADM/FP/R-00000079/3,10-03-2021,ADM,75220,SOMDUTTA BRAHMIN,,"Shree Somdutta Brahmin,
Uday Gram, Pandam Busty,
Po.Uday Gram,
Dist-Darjeeling, Pin-734101.",FD-17,DAALRR003,"SUB-DIVISIONAL LAND & LAND REFORMS OFFICER,DJ","The SRO-I & D.D.O.,
O/o-The Sub-Divisional Land & Land Reforms Officer,
Sadar,  Darjeeling, D.B. Giri Road,
Po+Dist-Darjeeling,
Pin-734101.",DAA,DARJEELING,"DIST. DARJEELING, PIN - 734101",1557924.36,Fifteen Lakh Fifty Seven Thousand Nine Hundred Twenty Four Rupees Only,8009-01-101-001-23,,113,23-02-2021,Super Annuation,1,,Nominees,,Wife,,,JKD-1,10-03-2021
101,04-03-2021,FD-3/ADM/FP/R-00000094/1,12-03-2021,ADM,57402,RATHINDRA NATH CHAKRABORTY,,"RATHINDRA NATH CHAKRABORTY,
VILL-NISCHINDA, PS-GHOSPARA,
PS-NISCHINDA, DIST-HOWRAH.
PIN-711227.",FD-3,CABHRA001,"REGISTRAR, P.  AND  A. R  DEPTT.","THE Registrar & D.D.O
DEPT OF PERSONNEL AND ADMINISTRATIVE REFORMS,
ESTAB. CELL, PENSION WING, NABANNA,
325, S C ROAD, SHIBPUR,
HOWRAH-711102.",CAB,CAL PAO-I,"81/2/2 PHEARS LANE, PIN - 700012",251163.2,Two Lakh Fifty One Thousand One Hundred Sixty Three Rupees Only,8009-01-101-001-23,,77,27-01-2021,Super Annuation,1,,Nominees,,Wife,,,JKD-1,12-03-2021
101,04-03-2021,FD-3/ADM/FP/R-00000094/2,12-03-2021,ADM,57402,RATHINDRA NATH CHAKRABORTY,,"RATHINDRA NATH CHAKRABORTY,
VILL-NISCHINDA, PS-GHOSPARA,
PS-NISCHINDA, DIST-HOWRAH.
PIN-711227.",FD-3,CABHRA001,"REGISTRAR, P.  AND  A. R  DEPTT.","THE Registrar & D.D.O
DEPT OF PERSONNEL AND ADMINISTRATIVE REFORMS,
ESTAB. CELL, PENSION WING, NABANNA,
325, S C ROAD, SHIBPUR,
HOWRAH-711102.",CAB,CAL PAO-I,"81/2/2 PHEARS LANE, PIN - 700012",251163.2,Two Lakh Fifty One Thousand One Hundred Sixty Three Rupees Only,8009-01-101-001-23,,77,27-01-2021,Super Annuation,1,,Nominees,,Wife,,,JKD-1,12-03-2021
101,04-03-2021,FD-3/ADM/FP/R-00000094/3,12-03-2021,ADM,57402,RATHINDRA NATH CHAKRABORTY,,"RATHINDRA NATH CHAKRABORTY,
VILL-NISCHINDA, PS-GHOSPARA,
PS-NISCHINDA, DIST-HOWRAH.
PIN-711227.",FD-3,CABHRA001,"REGISTRAR, P.  AND  A. R  DEPTT.","THE Registrar & D.D.O
DEPT OF PERSONNEL AND ADMINISTRATIVE REFORMS,
ESTAB. CELL, PENSION WING, NABANNA,
325, S C ROAD, SHIBPUR,
HOWRAH-711102.",CAB,CAL PAO-I,"81/2/2 PHEARS LANE, PIN - 700012",251163.2,Two Lakh Fifty One Thousand One Hundred Sixty Three Rupees Only,8009-01-101-001-23,,77,27-01-2021,Super Annuation,1,,Nominees,,Wife,,,JKD-1,12-03-2021
102,04-03-2021,FD-3/ADM/FP/R-00000095/1,12-03-2021,ADM,68507,BISWANATH BHUIYA,,"BISWANATH BHUIYA,
305/20 RAI BAHADUR ROAD, 
PO-NEW ALIPUR, PS-BEHELA, 
KOLKATA-700053.",FD-3,HWBFNS001,DY. DIR. SMALL SAVINGS HOWRAH,"THE DEPUTY DIRECTOR, 
O/O THE DEPUTY DIRECTOR, SMALL SAVINGS, 
HOWRAH, 28, N.M. ROAD, 
HOWRAH-711101.",HWB,HOWRAH-II,"DIST. HOWRAH, PIN - 711101",651928.09,Six Lakh Fifty One Thousand Nine Hundred Twenty Eight Rupees Only,8009-01-101-001-23,,316,18-02-2021,Super Annuation,1,,Nominees,,Wife,,,JKD-1,12-03-2021
102,04-03-2021,FD-3/ADM/FP/R-00000095/2,12-03-2021,ADM,68507,BISWANATH BHUIYA,,"BISWANATH BHUIYA,
305/20 RAI BAHADUR ROAD, 
PO-NEW ALIPUR, PS-BEHELA, 
KOLKATA-700053.",FD-3,HWBFNS001,DY. DIR. SMALL SAVINGS HOWRAH,"THE DEPUTY DIRECTOR, 
O/O THE DEPUTY DIRECTOR, SMALL SAVINGS, 
HOWRAH, 28, N.M. ROAD, 
HOWRAH-711101.",HWB,HOWRAH-II,"DIST. HOWRAH, PIN - 711101",651928.09,Six Lakh Fifty One Thousand Nine Hundred Twenty Eight Rupees Only,8009-01-101-001-23,,316,18-02-2021,Super Annuation,1,,Nominees,,Wife,,,JKD-1,12-03-2021
102,04-03-2021,FD-3/ADM/FP/R-00000095/3,12-03-2021,ADM,68507,BISWANATH BHUIYA,,"BISWANATH BHUIYA,
305/20 RAI BAHADUR ROAD, 
PO-NEW ALIPUR, PS-BEHELA, 
KOLKATA-700053.",FD-3,HWBFNS001,DY. DIR. SMALL SAVINGS HOWRAH,"THE DEPUTY DIRECTOR, 
O/O THE DEPUTY DIRECTOR, SMALL SAVINGS, 
HOWRAH, 28, N.M. ROAD, 
HOWRAH-711101.",HWB,HOWRAH-II,"DIST. HOWRAH, PIN - 711101",651928.09,Six Lakh Fifty One Thousand Nine Hundred Twenty Eight Rupees Only,8009-01-101-001-23,,316,18-02-2021,Super Annuation,1,,Nominees,,Wife,,,JKD-1,12-03-2021
103,04-03-2021,FD-3/ADM/FP/R-00000088/1,12-03-2021,ADM,62367,PRADIP DAS,,"PRADIP DAS, 144/3, 
BARUIPARA LANE, 
PO-ALAMBAZAR, 
KOLKATA-35.",FD-3,CABFNC005,"SR.JT.COM.OF COM.TAX.(A/CS).H.O.,D.C.T.,WB.","THE JOINT COMMISSIONER, 
COMMERCIAL TAXES, ( ACCOUNTS), WEST BENGAL, 
14 BELIAGHATA ROAD, 
KOLKATA-15.",CAB,CAL PAO-I,"81/2/2 PHEARS LANE, PIN - 700012",3078482.02,Thirty Lakh Seventy Eight Thousand Four Hundred Eighty Two Rupees Only,8009-01-101-001-23,,996,19-02-2021,Super Annuation,1,,Nominees,,Wife,,,JKD-1,12-03-2021
103,04-03-2021,FD-3/ADM/FP/R-00000088/2,12-03-2021,ADM,62367,PRADIP DAS,,"PRADIP DAS, 144/3, 
BARUIPARA LANE, 
PO-ALAMBAZAR, 
KOLKATA-35.",FD-3,CABFNC005,"SR.JT.COM.OF COM.TAX.(A/CS).H.O.,D.C.T.,WB.","THE JOINT COMMISSIONER, 
COMMERCIAL TAXES, ( ACCOUNTS), WEST BENGAL, 
14 BELIAGHATA ROAD, 
KOLKATA-15.",CAB,CAL PAO-I,"81/2/2 PHEARS LANE, PIN - 700012",3078482.02,Thirty Lakh Seventy Eight Thousand Four Hundred Eighty Two Rupees Only,8009-01-101-001-23,,996,19-02-2021,Super Annuation,1,,Nominees,,Wife,,,JKD-1,12-03-2021
103,04-03-2021,FD-3/ADM/FP/R-00000088/3,12-03-2021,ADM,62367,PRADIP DAS,,"PRADIP DAS, 144/3, 
BARUIPARA LANE, 
PO-ALAMBAZAR, 
KOLKATA-35.",FD-3,CABFNC005,"SR.JT.COM.OF COM.TAX.(A/CS).H.O.,D.C.T.,WB.","THE JOINT COMMISSIONER, 
COMMERCIAL TAXES, ( ACCOUNTS), WEST BENGAL, 
14 BELIAGHATA ROAD, 
KOLKATA-15.",CAB,CAL PAO-I,"81/2/2 PHEARS LANE, PIN - 700012",3078482.02,Thirty Lakh Seventy Eight Thousand Four Hundred Eighty Two Rupees Only,8009-01-101-001-23,,996,19-02-2021,Super Annuation,1,,Nominees,,Wife,,,JKD-1,12-03-2021
104,04-03-2021,FD-3/ADM/FP/R-00000122/1,23-03-2021,ADM,67901,ASOK KR. HALDAR,ASOK KUMAR HALDAR,"ASHOK KUMAR HALDER, 
VILL-KHUDKURI, PO-SANKARI, 
DIST-BURDWAN, 
PIN-713424.",FD-3,CABFNT003,"ADMN.-CUM-ACTS.OFFICER,KOL.P.A.O.-I","THE ADMINISTRATIVE-CUM-ACCOUNTS OFFICER,
KOLKATA PAY AND ACCOUNTS OFFICE-I, 
CIVIL DEFENCE BUILDING, 4TH FLOOR, 
81/2/2, PHEARS LANE, 
KOLKATA-700012.",CAB,CAL PAO-I,"81/2/2 PHEARS LANE, PIN - 700012",3547440.7,Thirty Five Lakh Forty Seven Thousand Four Hundred Forty Rupees Only,8009-01-101-001-23,01-05-2021,570,12-02-2021,Super Annuation,1,,Nominees,,Wife,,,JKD-1,23-03-2021
104,04-03-2021,FD-3/ADM/FP/R-00000122/2,23-03-2021,ADM,67901,ASOK KR. HALDAR,ASOK KUMAR HALDAR,"ASHOK KUMAR HALDER, 
VILL-KHUDKURI, PO-SANKARI, 
DIST-BURDWAN, 
PIN-713424.",FD-3,CABFNT003,"ADMN.-CUM-ACTS.OFFICER,KOL.P.A.O.-I","THE ADMINISTRATIVE-CUM-ACCOUNTS OFFICER,
KOLKATA PAY AND ACCOUNTS OFFICE-I, 
CIVIL DEFENCE BUILDING, 4TH FLOOR, 
81/2/2, PHEARS LANE, 
KOLKATA-700012.",CAB,CAL PAO-I,"81/2/2 PHEARS LANE, PIN - 700012",3547440.7,Thirty Five Lakh Forty Seven Thousand Four Hundred Forty Rupees Only,8009-01-101-001-23,01-05-2021,570,12-02-2021,Super Annuation,1,,Nominees,,Wife,,,JKD-1,23-03-2021
104,04-03-2021,FD-3/ADM/FP/R-00000122/3,23-03-2021,ADM,67901,ASOK KR. HALDAR,ASOK KUMAR HALDAR,"ASHOK KUMAR HALDER, 
VILL-KHUDKURI, PO-SANKARI, 
DIST-BURDWAN, 
PIN-713424.",FD-3,CABFNT003,"ADMN.-CUM-ACTS.OFFICER,KOL.P.A.O.-I","THE ADMINISTRATIVE-CUM-ACCOUNTS OFFICER,
KOLKATA PAY AND ACCOUNTS OFFICE-I, 
CIVIL DEFENCE BUILDING, 4TH FLOOR, 
81/2/2, PHEARS LANE, 
KOLKATA-700012.",CAB,CAL PAO-I,"81/2/2 PHEARS LANE, PIN - 700012",3547440.7,Thirty Five Lakh Forty Seven Thousand Four Hundred Forty Rupees Only,8009-01-101-001-23,01-05-2021,570,12-02-2021,Super Annuation,1,,Nominees,,Wife,,,JKD-1,23-03-2021
105,04-03-2021,FD-3/ADM/FP/R-00000089/1,12-03-2021,ADM,87249,SWARUP KUMAR MONDAL,,"SWARUP KUMAR MONDAL,
29A/3, SATEHARI PARA ROAD, 
COSSIPORE, 
KOLKATA-700002.",FD-3,CABHMA001,"D.D.O./ASTT.SECRETARY,HOME DEPTT.","THE ASSISTANT SECRETARY & DDO,
HOME & HILL AFFAIRS DEPT., 
WRITER'S BUILDINGS, 
KOLKATA-700001.",CAB,CAL PAO-I,"81/2/2 PHEARS LANE, PIN - 700012",4614.42,Four Thousand Six Hundred Fourteen Rupees Only,8009-01-101-001-23,,80,18-01-2021,Super Annuation,1,,Nominees,,Wife,,,JKD-1,12-03-2021
105,04-03-2021,FD-3/ADM/FP/R-00000089/2,12-03-2021,ADM,87249,SWARUP KUMAR MONDAL,,"SWARUP KUMAR MONDAL,
29A/3, SATEHARI PARA ROAD, 
COSSIPORE, 
KOLKATA-700002.",FD-3,CABHMA001,"D.D.O./ASTT.SECRETARY,HOME DEPTT.","THE ASSISTANT SECRETARY & DDO,
HOME & HILL AFFAIRS DEPT., 
WRITER'S BUILDINGS, 
KOLKATA-700001.",CAB,CAL PAO-I,"81/2/2 PHEARS LANE, PIN - 700012",4614.42,Four Thousand Six Hundred Fourteen Rupees Only,8009-01-101-001-23,,80,18-01-2021,Super Annuation,1,,Nominees,,Wife,,,JKD-1,12-03-2021
105,04-03-2021,FD-3/ADM/FP/R-00000089/3,12-03-2021,ADM,87249,SWARUP KUMAR MONDAL,,"SWARUP KUMAR MONDAL,
29A/3, SATEHARI PARA ROAD, 
COSSIPORE, 
KOLKATA-700002.",FD-3,CABHMA001,"D.D.O./ASTT.SECRETARY,HOME DEPTT.","THE ASSISTANT SECRETARY & DDO,
HOME & HILL AFFAIRS DEPT., 
WRITER'S BUILDINGS, 
KOLKATA-700001.",CAB,CAL PAO-I,"81/2/2 PHEARS LANE, PIN - 700012",4614.42,Four Thousand Six Hundred Fourteen Rupees Only,8009-01-101-001-23,,80,18-01-2021,Super Annuation,1,,Nominees,,Wife,,,JKD-1,12-03-2021
106,04-03-2021,FD-3/ADM/FP/R-00000066/1,08-03-2021,ADM,89156,RABIN DEBNATH,,"RABIN DEBNATH,
N.S. ROAD, CHAUHATI MORE 
( NEAR KRISTI SANGSHAD CLUB),
VILL+PO-HARINAVI, SOUTH 24 PGS, 
PIN-700148.",FD-3,CABFNC003,"JT..COMMR.,COMMERCL.TAXES DDO CAL(S) CIRCLE"," THE JOINT COMMISSIONER & D.D.O.,
COMMERCIAL TAXES  KOLKATA (SOUTH) CIRCLE,
14, BELIAGHATA ROAD, 
KOL-700015.",CAB,CAL PAO-I,"81/2/2 PHEARS LANE, PIN - 700012",977816.55,Nine Lakh Seventy Seven Thousand Eight Hundred Sixteen Rupees Only,8009-01-101-001-23,01-05-2021,718,12-02-2021,Super Annuation,1,,Nominees,,Wife,,,JKD-1,08-03-2021
106,04-03-2021,FD-3/ADM/FP/R-00000066/2,08-03-2021,ADM,89156,RABIN DEBNATH,,"RABIN DEBNATH,
N.S. ROAD, CHAUHATI MORE 
( NEAR KRISTI SANGSHAD CLUB),
VILL+PO-HARINAVI, SOUTH 24 PGS, 
PIN-700148.",FD-3,CABFNC003,"JT..COMMR.,COMMERCL.TAXES DDO CAL(S) CIRCLE"," THE JOINT COMMISSIONER & D.D.O.,
COMMERCIAL TAXES  KOLKATA (SOUTH) CIRCLE,
14, BELIAGHATA ROAD, 
KOL-700015.",CAB,CAL PAO-I,"81/2/2 PHEARS LANE, PIN - 700012",977816.55,Nine Lakh Seventy Seven Thousand Eight Hundred Sixteen Rupees Only,8009-01-101-001-23,01-05-2021,718,12-02-2021,Super Annuation,1,,Nominees,,Wife,,,JKD-1,08-03-2021
106,04-03-2021,FD-3/ADM/FP/R-00000066/3,08-03-2021,ADM,89156,RABIN DEBNATH,,"RABIN DEBNATH,
N.S. ROAD, CHAUHATI MORE 
( NEAR KRISTI SANGSHAD CLUB),
VILL+PO-HARINAVI, SOUTH 24 PGS, 
PIN-700148.",FD-3,CABFNC003,"JT..COMMR.,COMMERCL.TAXES DDO CAL(S) CIRCLE"," THE JOINT COMMISSIONER & D.D.O.,
COMMERCIAL TAXES  KOLKATA (SOUTH) CIRCLE,
14, BELIAGHATA ROAD, 
KOL-700015.",CAB,CAL PAO-I,"81/2/2 PHEARS LANE, PIN - 700012",977816.55,Nine Lakh Seventy Seven Thousand Eight Hundred Sixteen Rupees Only,8009-01-101-001-23,01-05-2021,718,12-02-2021,Super Annuation,1,,Nominees,,Wife,,,JKD-1,08-03-2021
107,04-03-2021,FD-3/ADM/FP/R-00000074/1,09-03-2021,ADM,63996,SANJAY CHAUDHURI,,"SANJAY CHAUDHURI,
VILL& PO- UTTAR JOYPUR B/L ( BELANAGAR), 
PS-BALLY, DIST-HOWRAH, 
PIN-711205.",FD-3,CABHRA001,"REGISTRAR, P.  AND  A. R  DEPTT.","THE REGISTRAR & DDO,
DEPT OF PERSONNEL & ADMINISTRATIVE REFORMS,
ESTB CELL, PENSION WING, NABANNA, 
7TH FLOOR, ROOM NO-706.,
325, S C ROAD, PO-SHIBPUR, HOWRAH-711102.",CAB,CAL PAO-I,"81/2/2 PHEARS LANE, PIN - 700012",221316.29,Two Lakh Twenty One Thousand Three Hundred Sixteen Rupees Only,8009-01-101-001-23,,81,27-01-2021,Super Annuation,1,,Nominees,,Wife,,,JKD-1,09-03-2021
107,04-03-2021,FD-3/ADM/FP/R-00000074/2,09-03-2021,ADM,63996,SANJAY CHAUDHURI,,"SANJAY CHAUDHURI,
VILL& PO- UTTAR JOYPUR B/L ( BELANAGAR), 
PS-BALLY, DIST-HOWRAH, 
PIN-711205.",FD-3,CABHRA001,"REGISTRAR, P.  AND  A. R  DEPTT.","THE REGISTRAR & DDO,
DEPT OF PERSONNEL & ADMINISTRATIVE REFORMS,
ESTB CELL, PENSION WING, NABANNA, 
7TH FLOOR, ROOM NO-706.,
325, S C ROAD, PO-SHIBPUR, HOWRAH-711102.",CAB,CAL PAO-I,"81/2/2 PHEARS LANE, PIN - 700012",221316.29,Two Lakh Twenty One Thousand Three Hundred Sixteen Rupees Only,8009-01-101-001-23,,81,27-01-2021,Super Annuation,1,,Nominees,,Wife,,,JKD-1,09-03-2021
107,04-03-2021,FD-3/ADM/FP/R-00000074/3,09-03-2021,ADM,63996,SANJAY CHAUDHURI,,"SANJAY CHAUDHURI,
VILL& PO- UTTAR JOYPUR B/L ( BELANAGAR), 
PS-BALLY, DIST-HOWRAH, 
PIN-711205.",FD-3,CABHRA001,"REGISTRAR, P.  AND  A. R  DEPTT.","THE REGISTRAR & DDO,
DEPT OF PERSONNEL & ADMINISTRATIVE REFORMS,
ESTB CELL, PENSION WING, NABANNA, 
7TH FLOOR, ROOM NO-706.,
325, S C ROAD, PO-SHIBPUR, HOWRAH-711102.",CAB,CAL PAO-I,"81/2/2 PHEARS LANE, PIN - 700012",221316.29,Two Lakh Twenty One Thousand Three Hundred Sixteen Rupees Only,8009-01-101-001-23,,81,27-01-2021,Super Annuation,1,,Nominees,,Wife,,,JKD-1,09-03-2021
108,04-03-2021,FD-3/ADM/FP/R-00000064/1,08-03-2021,ADM,68283,ARUN KUMAR SAHA,,"ARUN KUMAR SAHA,
ANWAYA HOUSING CO-OPERATIVE SOCIETY, 
AA-212, STREET NO-67, 
KOLKATA-700156.",FD-3,CABHMA001,"D.D.O./ASTT.SECRETARY,HOME DEPTT.","THE ASSISTANT SECRETARY & DDO, 
HOME & HILL AFFAIRS DEPARTMENT., 
WRITERS' BUILDINGS, 
KOLKATA-700001.",CAB,CAL PAO-I,"81/2/2 PHEARS LANE, PIN - 700012",566818.3,Five Lakh Sixty Six Thousand Eight Hundred Eighteen Rupees Only,8009-01-101-001-23,,46,11-01-2021,Super Annuation,1,,Nominees,,Wife,,,JKD-1,08-03-2021
108,04-03-2021,FD-3/ADM/FP/R-00000064/2,08-03-2021,ADM,68283,ARUN KUMAR SAHA,,"ARUN KUMAR SAHA,
ANWAYA HOUSING CO-OPERATIVE SOCIETY, 
AA-212, STREET NO-67, 
KOLKATA-700156.",FD-3,CABHMA001,"D.D.O./ASTT.SECRETARY,HOME DEPTT.","THE ASSISTANT SECRETARY & DDO, 
HOME & HILL AFFAIRS DEPARTMENT., 
WRITERS' BUILDINGS, 
KOLKATA-700001.",CAB,CAL PAO-I,"81/2/2 PHEARS LANE, PIN - 700012",566818.3,Five Lakh Sixty Six Thousand Eight Hundred Eighteen Rupees Only,8009-01-101-001-23,,46,11-01-2021,Super Annuation,1,,Nominees,,Wife,,,JKD-1,08-03-2021
108,04-03-2021,FD-3/ADM/FP/R-00000064/3,08-03-2021,ADM,68283,ARUN KUMAR SAHA,,"ARUN KUMAR SAHA,
ANWAYA HOUSING CO-OPERATIVE SOCIETY, 
AA-212, STREET NO-67, 
KOLKATA-700156.",FD-3,CABHMA001,"D.D.O./ASTT.SECRETARY,HOME DEPTT.","THE ASSISTANT SECRETARY & DDO, 
HOME & HILL AFFAIRS DEPARTMENT., 
WRITERS' BUILDINGS, 
KOLKATA-700001.",CAB,CAL PAO-I,"81/2/2 PHEARS LANE, PIN - 700012",566818.3,Five Lakh Sixty Six Thousand Eight Hundred Eighteen Rupees Only,8009-01-101-001-23,,46,11-01-2021,Super Annuation,1,,Nominees,,Wife,,,JKD-1,08-03-2021
109,04-03-2021,FD-3/ADM/FP/R-00000065/1,08-03-2021,ADM,79676,SWAPAN KUMAR SAHA,SWAPAN KR. SAHA,"SWAPAN KUMAR SAHA,
ASWINI DUTTA ROAD, NANDAN KANAN, 
PO-NABAPALLY, P.S. BARASAT, 
NORTH 24 PGS, PIN-700126.",FD-3,CABFNA008,"ASST.SECRETARY, FINANCE DEPTT.","THE REGISTRAR & DDO, 
FINANCE DEPT., NABANNA, 
10TH FLOOR, 325, S.C. ROAD, MANDIRTALA, 
SHIBPUR, HOWRAH-711102.",CAB,CAL PAO-I,"81/2/2 PHEARS LANE, PIN - 700012",70402.59,Seventy Thousand Four Hundred Two Rupees Only,8009-01-101-001-23,,567,11-02-2021,Super Annuation,1,,Nominees,,Wife,,,JKD-1,08-03-2021
109,04-03-2021,FD-3/ADM/FP/R-00000065/2,08-03-2021,ADM,79676,SWAPAN KUMAR SAHA,SWAPAN KR. SAHA,"SWAPAN KUMAR SAHA,
ASWINI DUTTA ROAD, NANDAN KANAN, 
PO-NABAPALLY, P.S. BARASAT, 
NORTH 24 PGS, PIN-700126.",FD-3,CABFNA008,"ASST.SECRETARY, FINANCE DEPTT.","THE REGISTRAR & DDO, 
FINANCE DEPT., NABANNA, 
10TH FLOOR, 325, S.C. ROAD, MANDIRTALA, 
SHIBPUR, HOWRAH-711102.",CAB,CAL PAO-I,"81/2/2 PHEARS LANE, PIN - 700012",70402.59,Seventy Thousand Four Hundred Two Rupees Only,8009-01-101-001-23,,567,11-02-2021,Super Annuation,1,,Nominees,,Wife,,,JKD-1,08-03-2021
109,04-03-2021,FD-3/ADM/FP/R-00000065/3,08-03-2021,ADM,79676,SWAPAN KUMAR SAHA,SWAPAN KR. SAHA,"SWAPAN KUMAR SAHA,
ASWINI DUTTA ROAD, NANDAN KANAN, 
PO-NABAPALLY, P.S. BARASAT, 
NORTH 24 PGS, PIN-700126.",FD-3,CABFNA008,"ASST.SECRETARY, FINANCE DEPTT.","THE REGISTRAR & DDO, 
FINANCE DEPT., NABANNA, 
10TH FLOOR, 325, S.C. ROAD, MANDIRTALA, 
SHIBPUR, HOWRAH-711102.",CAB,CAL PAO-I,"81/2/2 PHEARS LANE, PIN - 700012",70402.59,Seventy Thousand Four Hundred Two Rupees Only,8009-01-101-001-23,,567,11-02-2021,Super Annuation,1,,Nominees,,Wife,,,JKD-1,08-03-2021
110,04-03-2021,FD-3/ADM/FP/R-00000075/1,09-03-2021,ADM,62934,SALIL KR. ROY,SALIL KUMAR ROY,"SALIL KUMAR ROY,
P.O.-DWARHATTA
VILL-RADHANAGAR,
PS-JANGIPARA,
DIST-HOOGHLY, 
PIN-712403.",FD-3,CABLBA001,"ASSTT.SECRETARY, LABOUR DEPTT.","THE REGISTRAR & DDO, 
ACCOUNTS BRANCH, FINANCE DEPTT.,
10TH FLOOR, NABANNA, 
HOWRAH-711102.",CAB,CAL PAO-I,"81/2/2 PHEARS LANE, PIN - 700012",410046.62,Four Lakh Ten Thousand Forty Six Rupees Only,8009-01-101-001-23,,568,11-02-2021,Super Annuation,1,,Nominees,,Wife,,,JKD-1,09-03-2021
110,04-03-2021,FD-3/ADM/FP/R-00000075/2,09-03-2021,ADM,62934,SALIL KR. ROY,SALIL KUMAR ROY,"SALIL KUMAR ROY,
P.O.-DWARHATTA
VILL-RADHANAGAR,
PS-JANGIPARA,
DIST-HOOGHLY, 
PIN-712403.",FD-3,CABLBA001,"ASSTT.SECRETARY, LABOUR DEPTT.","THE REGISTRAR & DDO, 
ACCOUNTS BRANCH, FINANCE DEPTT.,
10TH FLOOR, NABANNA, 
HOWRAH-711102.",CAB,CAL PAO-I,"81/2/2 PHEARS LANE, PIN - 700012",410046.62,Four Lakh Ten Thousand Forty Six Rupees Only,8009-01-101-001-23,,568,11-02-2021,Super Annuation,1,,Nominees,,Wife,,,JKD-1,09-03-2021
110,04-03-2021,FD-3/ADM/FP/R-00000075/3,09-03-2021,ADM,62934,SALIL KR. ROY,SALIL KUMAR ROY,"SALIL KUMAR ROY,
P.O.-DWARHATTA
VILL-RADHANAGAR,
PS-JANGIPARA,
DIST-HOOGHLY, 
PIN-712403.",FD-3,CABLBA001,"ASSTT.SECRETARY, LABOUR DEPTT.","THE REGISTRAR & DDO, 
ACCOUNTS BRANCH, FINANCE DEPTT.,
10TH FLOOR, NABANNA, 
HOWRAH-711102.",CAB,CAL PAO-I,"81/2/2 PHEARS LANE, PIN - 700012",410046.62,Four Lakh Ten Thousand Forty Six Rupees Only,8009-01-101-001-23,,568,11-02-2021,Super Annuation,1,,Nominees,,Wife,,,JKD-1,09-03-2021
111,09-03-2021,FD-17/ADM/FP/R-00000080/1,11-03-2021,ADM,64389,TARUN CHAKRABORTY,,"Sri Tarun Chakraborty
Simulpur, Po-Thakurnagar
Dist-North 24 Parganas
Pin-743287",FD-17,NPAFNC001,"DY COMMISSIONER, COM TAXES,BST. CH ","The Charge Officer & D.D.O
O/o The Joint Commissioner of Revenue & Charge officer
82/5, K.N.C. Road, Barasat
Kolkata-700124",NPA,BARASAT-I,"DIST. NORTH 24 PARGANAS, PIN - 700124",1925388.48,Nineteen Lakh Twenty Five Thousand Three Hundred Eighty Eight Rupees Only,8009-01-101-001-23,01-06-2021,1029,01-03-2021,Super Annuation,1,,Nominees,,Wife,,,JKD-1,11-03-2021
111,09-03-2021,FD-17/ADM/FP/R-00000080/2,11-03-2021,ADM,64389,TARUN CHAKRABORTY,,"Sri Tarun Chakraborty
Simulpur, Po-Thakurnagar
Dist-North 24 Parganas
Pin-743287",FD-17,NPAFNC001,"DY COMMISSIONER, COM TAXES,BST. CH ","The Charge Officer & D.D.O
O/o The Joint Commissioner of Revenue & Charge officer
82/5, K.N.C. Road, Barasat
Kolkata-700124",NPA,BARASAT-I,"DIST. NORTH 24 PARGANAS, PIN - 700124",1925388.48,Nineteen Lakh Twenty Five Thousand Three Hundred Eighty Eight Rupees Only,8009-01-101-001-23,01-06-2021,1029,01-03-2021,Super Annuation,1,,Nominees,,Wife,,,JKD-1,11-03-2021
111,09-03-2021,FD-17/ADM/FP/R-00000080/3,11-03-2021,ADM,64389,TARUN CHAKRABORTY,,"Sri Tarun Chakraborty
Simulpur, Po-Thakurnagar
Dist-North 24 Parganas
Pin-743287",FD-17,NPAFNC001,"DY COMMISSIONER, COM TAXES,BST. CH ","The Charge Officer & D.D.O
O/o The Joint Commissioner of Revenue & Charge officer
82/5, K.N.C. Road, Barasat
Kolkata-700124",NPA,BARASAT-I,"DIST. NORTH 24 PARGANAS, PIN - 700124",1925388.48,Nineteen Lakh Twenty Five Thousand Three Hundred Eighty Eight Rupees Only,8009-01-101-001-23,01-06-2021,1029,01-03-2021,Super Annuation,1,,Nominees,,Wife,,,JKD-1,11-03-2021
112,09-03-2021,FD-17/ADM/FP/R-00000078/1,10-03-2021,ADM,79156,LILA BISWAS,,"Smt.Lila Biswas,
Vill-Shimultala,
Po+Ps-Bongaon,
Pin-743235.",FD-17,NPFLRR001,"S.R.O. II, S.D.L.& L.R.O.,BONGAON","The SRO-II, 
O/o the Sub-Divisional Land & Land Reforms Officer,
Bongaon, North 24 Parganas, 
Pin-743235.",NPF,BONGAON,"DIST. NORTH 24 PARGANAS, PIN - 743235",733039.7,Seven Lakh Thirty Three Thousand Thirty Nine Rupees Only,8009-01-101-001-23,01-04-2021,249,23-02-2021,Super Annuation,2,,Nominees,,Wife,,,JKD-1,10-03-2021
112,09-03-2021,FD-17/ADM/FP/R-00000078/2,10-03-2021,ADM,79156,LILA BISWAS,,"Smt.Lila Biswas,
Vill-Shimultala,
Po+Ps-Bongaon,
Pin-743235.",FD-17,NPFLRR001,"S.R.O. II, S.D.L.& L.R.O.,BONGAON","The SRO-II, 
O/o the Sub-Divisional Land & Land Reforms Officer,
Bongaon, North 24 Parganas, 
Pin-743235.",NPF,BONGAON,"DIST. NORTH 24 PARGANAS, PIN - 743235",733039.7,Seven Lakh Thirty Three Thousand Thirty Nine Rupees Only,8009-01-101-001-23,01-04-2021,249,23-02-2021,Super Annuation,2,,Nominees,,Wife,,,JKD-1,10-03-2021
112,09-03-2021,FD-17/ADM/FP/R-00000078/3,10-03-2021,ADM,79156,LILA BISWAS,,"Smt.Lila Biswas,
Vill-Shimultala,
Po+Ps-Bongaon,
Pin-743235.",FD-17,NPFLRR001,"S.R.O. II, S.D.L.& L.R.O.,BONGAON","The SRO-II, 
O/o the Sub-Divisional Land & Land Reforms Officer,
Bongaon, North 24 Parganas, 
Pin-743235.",NPF,BONGAON,"DIST. NORTH 24 PARGANAS, PIN - 743235",733039.7,Seven Lakh Thirty Three Thousand Thirty Nine Rupees Only,8009-01-101-001-23,01-04-2021,249,23-02-2021,Super Annuation,2,,Nominees,,Wife,,,JKD-1,10-03-2021
115,09-03-2021,FD-17/ADM/FP/R-00000084/1,12-03-2021,ADM,66859,MANI MOHAN BARURI,,"Sri Mani Mohan Baruri,
B-2/355,(LIG),Kalyani,Sarat Chandra Abasan,
Po+Ps-Kalyani, Dist-Nadia, Pin-741235.",FD-17,NPFLRR001,"S.R.O. II, S.D.L.& L.R.O.,BONGAON","The SRO-II ,
O/o-The Sub-Divisional Land & Land Reforms Officer,
Bongaon, North 24 Parganas,
PIN-743235.",NPF,BONGAON,"DIST. NORTH 24 PARGANAS, PIN - 743235",706500.78,Seven Lakh Six Thousand Five Hundred Rupees Only,8009-01-101-001-23,,234,22-02-2021,Super Annuation,1,,Nominees,,Wife,,,JKD-1,12-03-2021
115,09-03-2021,FD-17/ADM/FP/R-00000084/2,12-03-2021,ADM,66859,MANI MOHAN BARURI,,"Sri Mani Mohan Baruri,
B-2/355,(LIG),Kalyani,Sarat Chandra Abasan,
Po+Ps-Kalyani, Dist-Nadia, Pin-741235.",FD-17,NPFLRR001,"S.R.O. II, S.D.L.& L.R.O.,BONGAON","The SRO-II ,
O/o-The Sub-Divisional Land & Land Reforms Officer,
Bongaon, North 24 Parganas,
PIN-743235.",NPF,BONGAON,"DIST. NORTH 24 PARGANAS, PIN - 743235",706500.78,Seven Lakh Six Thousand Five Hundred Rupees Only,8009-01-101-001-23,,234,22-02-2021,Super Annuation,1,,Nominees,,Wife,,,JKD-1,12-03-2021
115,09-03-2021,FD-17/ADM/FP/R-00000084/3,12-03-2021,ADM,66859,MANI MOHAN BARURI,,"Sri Mani Mohan Baruri,
B-2/355,(LIG),Kalyani,Sarat Chandra Abasan,
Po+Ps-Kalyani, Dist-Nadia, Pin-741235.",FD-17,NPFLRR001,"S.R.O. II, S.D.L.& L.R.O.,BONGAON","The SRO-II ,
O/o-The Sub-Divisional Land & Land Reforms Officer,
Bongaon, North 24 Parganas,
PIN-743235.",NPF,BONGAON,"DIST. NORTH 24 PARGANAS, PIN - 743235",706500.78,Seven Lakh Six Thousand Five Hundred Rupees Only,8009-01-101-001-23,,234,22-02-2021,Super Annuation,1,,Nominees,,Wife,,,JKD-1,12-03-2021
117,09-03-2021,FD-3/ADM/FP/R-00000087/1,12-03-2021,ADM,66038,ASIT KUMAR GHOSH,,"ASIT KUMAR GHOSH, 
PO+PS-BARUIPUR, SOUTH 24 PGS, 
NATUNPARA, 
PIN-700144.",FD-3,CABHMA001,"D.D.O./ASTT.SECRETARY,HOME DEPTT.","THE ASSISTANT SECRETARY AND DDO,
HOME AND HILL AFFAIRS DEPT., 
WRITER'S BULD, BLOCK-III 1ST FLOOR, 
KOLKATA-700001.",CAB,CAL PAO-I,"81/2/2 PHEARS LANE, PIN - 700012",4542983.73,Forty Five Lakh Forty Two Thousand Nine Hundred Eighty Three Rupees Only,8009-01-101-001-23,,395,25-02-2021,Super Annuation,1,,Nominees,,Wife,,,JKD-1,12-03-2021
117,09-03-2021,FD-3/ADM/FP/R-00000087/2,12-03-2021,ADM,66038,ASIT KUMAR GHOSH,,"ASIT KUMAR GHOSH, 
PO+PS-BARUIPUR, SOUTH 24 PGS, 
NATUNPARA, 
PIN-700144.",FD-3,CABHMA001,"D.D.O./ASTT.SECRETARY,HOME DEPTT.","THE ASSISTANT SECRETARY AND DDO,
HOME AND HILL AFFAIRS DEPT., 
WRITER'S BULD, BLOCK-III 1ST FLOOR, 
KOLKATA-700001.",CAB,CAL PAO-I,"81/2/2 PHEARS LANE, PIN - 700012",4542983.73,Forty Five Lakh Forty Two Thousand Nine Hundred Eighty Three Rupees Only,8009-01-101-001-23,,395,25-02-2021,Super Annuation,1,,Nominees,,Wife,,,JKD-1,12-03-2021
117,09-03-2021,FD-3/ADM/FP/R-00000087/3,12-03-2021,ADM,66038,ASIT KUMAR GHOSH,,"ASIT KUMAR GHOSH, 
PO+PS-BARUIPUR, SOUTH 24 PGS, 
NATUNPARA, 
PIN-700144.",FD-3,CABHMA001,"D.D.O./ASTT.SECRETARY,HOME DEPTT.","THE ASSISTANT SECRETARY AND DDO,
HOME AND HILL AFFAIRS DEPT., 
WRITER'S BULD, BLOCK-III 1ST FLOOR, 
KOLKATA-700001.",CAB,CAL PAO-I,"81/2/2 PHEARS LANE, PIN - 700012",4542983.73,Forty Five Lakh Forty Two Thousand Nine Hundred Eighty Three Rupees Only,8009-01-101-001-23,,395,25-02-2021,Super Annuation,1,,Nominees,,Wife,,,JKD-1,12-03-2021
118,09-03-2021,FD-3/ADM/FP/R-00000090/1,12-03-2021,ADM,57956,NIBIR RANJAN SARKAR,,"NIBIR RANJAN SARKAR, 
785/10 KALYANGARH, PO-KALYANGARH, 
PS-ASHOKNAGAR, DIST-NORTH 24 PGS, 
PIN-743272.
",FD-3,CABCOA001,"ASST.SECRETARY, CO-OPERATION DEPTT.","THE SECTION OFFICER, 
CO-OPERATION DEPTT., 
N.S. BUILDINGS, 4TH FLOOR, BLOCK-A, 
1, K.S. ROY ROAD, 
KOL-700001.",CAB,CAL PAO-I,"81/2/2 PHEARS LANE, PIN - 700012",1149448.34,Eleven Lakh Forty Nine Thousand Four Hundred Forty Eight Rupees Only,8009-01-101-001-23,,180,12-02-2021,Super Annuation,1,,Nominees,,Wife,,,JKD-1,12-03-2021
118,09-03-2021,FD-3/ADM/FP/R-00000090/2,12-03-2021,ADM,57956,NIBIR RANJAN SARKAR,,"NIBIR RANJAN SARKAR, 
785/10 KALYANGARH, PO-KALYANGARH, 
PS-ASHOKNAGAR, DIST-NORTH 24 PGS, 
PIN-743272.
",FD-3,CABCOA001,"ASST.SECRETARY, CO-OPERATION DEPTT.","THE SECTION OFFICER, 
CO-OPERATION DEPTT., 
N.S. BUILDINGS, 4TH FLOOR, BLOCK-A, 
1, K.S. ROY ROAD, 
KOL-700001.",CAB,CAL PAO-I,"81/2/2 PHEARS LANE, PIN - 700012",1149448.34,Eleven Lakh Forty Nine Thousand Four Hundred Forty Eight Rupees Only,8009-01-101-001-23,,180,12-02-2021,Super Annuation,1,,Nominees,,Wife,,,JKD-1,12-03-2021
118,09-03-2021,FD-3/ADM/FP/R-00000090/3,12-03-2021,ADM,57956,NIBIR RANJAN SARKAR,,"NIBIR RANJAN SARKAR, 
785/10 KALYANGARH, PO-KALYANGARH, 
PS-ASHOKNAGAR, DIST-NORTH 24 PGS, 
PIN-743272.
",FD-3,CABCOA001,"ASST.SECRETARY, CO-OPERATION DEPTT.","THE SECTION OFFICER, 
CO-OPERATION DEPTT., 
N.S. BUILDINGS, 4TH FLOOR, BLOCK-A, 
1, K.S. ROY ROAD, 
KOL-700001.",CAB,CAL PAO-I,"81/2/2 PHEARS LANE, PIN - 700012",1149448.34,Eleven Lakh Forty Nine Thousand Four Hundred Forty Eight Rupees Only,8009-01-101-001-23,,180,12-02-2021,Super Annuation,1,,Nominees,,Wife,,,JKD-1,12-03-2021
119,10-03-2021,FD-17/ADM/FP/R-00000082/1,11-03-2021,ADM,65393,ARUP KUMAR CHOUDHURY,,"Sri Arup Kumar Choudhury,
1/1 E Gouribari Lane Po-Shyambazar,                                                         Ps-Manicktola, Kolkata-700004.
",FD-17,NPAMCE001,"EXCECUTIVE ENGINEER, 24-PGS DIVISION-I,MED, BARASAT","The Executive Engineer,
O/o-Executive Engineer,North 24 Paraganas,
Division M.E.Dte,7 K.B.Bose Road (2nd Floor),
Barasat-700124.",NPA,BARASAT-I,"DIST. NORTH 24 PARGANAS, PIN - 700124",118952.94,One Lakh Eighteen Thousand Nine Hundred Fifty Two Rupees Only,8009-01-101-001-23,01-05-2021,3523,26-02-2021,Super Annuation,1,,Nominees,,Wife,,,JKD-1,11-03-2021
119,10-03-2021,FD-17/ADM/FP/R-00000082/2,11-03-2021,ADM,65393,ARUP KUMAR CHOUDHURY,,"Sri Arup Kumar Choudhury,
1/1 E Gouribari Lane Po-Shyambazar,                                                         Ps-Manicktola, Kolkata-700004.
",FD-17,NPAMCE001,"EXCECUTIVE ENGINEER, 24-PGS DIVISION-I,MED, BARASAT","The Executive Engineer,
O/o-Executive Engineer,North 24 Paraganas,
Division M.E.Dte,7 K.B.Bose Road (2nd Floor),
Barasat-700124.",NPA,BARASAT-I,"DIST. NORTH 24 PARGANAS, PIN - 700124",118952.94,One Lakh Eighteen Thousand Nine Hundred Fifty Two Rupees Only,8009-01-101-001-23,01-05-2021,3523,26-02-2021,Super Annuation,1,,Nominees,,Wife,,,JKD-1,11-03-2021
119,10-03-2021,FD-17/ADM/FP/R-00000082/3,11-03-2021,ADM,65393,ARUP KUMAR CHOUDHURY,,"Sri Arup Kumar Choudhury,
1/1 E Gouribari Lane Po-Shyambazar,                                                         Ps-Manicktola, Kolkata-700004.
",FD-17,NPAMCE001,"EXCECUTIVE ENGINEER, 24-PGS DIVISION-I,MED, BARASAT","The Executive Engineer,
O/o-Executive Engineer,North 24 Paraganas,
Division M.E.Dte,7 K.B.Bose Road (2nd Floor),
Barasat-700124.",NPA,BARASAT-I,"DIST. NORTH 24 PARGANAS, PIN - 700124",118952.94,One Lakh Eighteen Thousand Nine Hundred Fifty Two Rupees Only,8009-01-101-001-23,01-05-2021,3523,26-02-2021,Super Annuation,1,,Nominees,,Wife,,,JKD-1,11-03-2021
120,10-03-2021,FD-3/ADM/FP/R-00000135/1,25-03-2021,ADM,58708,JATIN CHANDRA SARDAR,,"Sri Jatin Chandra Sardar,
Rajchandrapur,P.O.Ghoshpara, Bally,
Nischind, Dist.Howrah, 
Pin-711227.",FD-3,CABITA001,"DY.SECY. ,I T  AND  ELECTRONICS DEPTT.","The OSD & DDO,
Information Technology & Electronics Department.
Moni Bhandar (5th & 6th Floor),Webel Bhaban Complex,
EP&GP Block, Sector-V,Salt Lake City, 
Kolkata-700091",CAB,CAL PAO-I,"81/2/2 PHEARS LANE, PIN - 700012",748478.59,Seven Lakh Forty Eight Thousand Four Hundred Seventy Eight Rupees Only,8009-01-101-001-23,01-04-2020,153,01-02-2021,Super Annuation,1,,Nominees,,Wife,,,JKD-1,25-03-2021
120,10-03-2021,FD-3/ADM/FP/R-00000135/2,25-03-2021,ADM,58708,JATIN CHANDRA SARDAR,,"Sri Jatin Chandra Sardar,
Rajchandrapur,P.O.Ghoshpara, Bally,
Nischind, Dist.Howrah, 
Pin-711227.",FD-3,CABITA001,"DY.SECY. ,I T  AND  ELECTRONICS DEPTT.","The OSD & DDO,
Information Technology & Electronics Department.
Moni Bhandar (5th & 6th Floor),Webel Bhaban Complex,
EP&GP Block, Sector-V,Salt Lake City, 
Kolkata-700091",CAB,CAL PAO-I,"81/2/2 PHEARS LANE, PIN - 700012",748478.59,Seven Lakh Forty Eight Thousand Four Hundred Seventy Eight Rupees Only,8009-01-101-001-23,01-04-2020,153,01-02-2021,Super Annuation,1,,Nominees,,Wife,,,JKD-1,25-03-2021
120,10-03-2021,FD-3/ADM/FP/R-00000135/3,25-03-2021,ADM,58708,JATIN CHANDRA SARDAR,,"Sri Jatin Chandra Sardar,
Rajchandrapur,P.O.Ghoshpara, Bally,
Nischind, Dist.Howrah, 
Pin-711227.",FD-3,CABITA001,"DY.SECY. ,I T  AND  ELECTRONICS DEPTT.","The OSD & DDO,
Information Technology & Electronics Department.
Moni Bhandar (5th & 6th Floor),Webel Bhaban Complex,
EP&GP Block, Sector-V,Salt Lake City, 
Kolkata-700091",CAB,CAL PAO-I,"81/2/2 PHEARS LANE, PIN - 700012",748478.59,Seven Lakh Forty Eight Thousand Four Hundred Seventy Eight Rupees Only,8009-01-101-001-23,01-04-2020,153,01-02-2021,Super Annuation,1,,Nominees,,Wife,,,JKD-1,25-03-2021
121,10-03-2021,FD-17/ADM/FP/R-00000077/1,10-03-2021,ADM,52219,PARITOSH ROY,,"Shree Paritosh Roy,
Uttar Chakvabani, PO - Balurghat
Dist - Dakshin Dinajpur
Pin - 733 101",FD-17,DDCLRR001,"SUB-DIVISIONAL LAND & LAND REFORMS OFFICER, GANGARAMPUR","The Sub-Divisional Land & Land Reforms Officer
O/o-Sub-Divisional Land & Land Reforms Officer 
Gangarampur At Buniadpur
Dist-Dakshin Dinajpur
Pin-733 121.",DDC,GANGARAMPUR,"DIST. DAKSHIN DINAJPUR, PIN - 733124",2537519.19,Twenty Five Lakh Thirty Seven Thousand Five Hundred Nineteen Rupees Only,8009-01-101-001-23,,204,01-03-2021,Super Annuation,1,,Nominees,,Wife,,,JKD-1,10-03-2021
121,10-03-2021,FD-17/ADM/FP/R-00000077/2,10-03-2021,ADM,52219,PARITOSH ROY,,"Shree Paritosh Roy,
Uttar Chakvabani, PO - Balurghat
Dist - Dakshin Dinajpur
Pin - 733 101",FD-17,DDCLRR001,"SUB-DIVISIONAL LAND & LAND REFORMS OFFICER, GANGARAMPUR","The Sub-Divisional Land & Land Reforms Officer
O/o-Sub-Divisional Land & Land Reforms Officer 
Gangarampur At Buniadpur
Dist-Dakshin Dinajpur
Pin-733 121.",DDC,GANGARAMPUR,"DIST. DAKSHIN DINAJPUR, PIN - 733124",2537519.19,Twenty Five Lakh Thirty Seven Thousand Five Hundred Nineteen Rupees Only,8009-01-101-001-23,,204,01-03-2021,Super Annuation,1,,Nominees,,Wife,,,JKD-1,10-03-2021
121,10-03-2021,FD-17/ADM/FP/R-00000077/3,10-03-2021,ADM,52219,PARITOSH ROY,,"Shree Paritosh Roy,
Uttar Chakvabani, PO - Balurghat
Dist - Dakshin Dinajpur
Pin - 733 101",FD-17,DDCLRR001,"SUB-DIVISIONAL LAND & LAND REFORMS OFFICER, GANGARAMPUR","The Sub-Divisional Land & Land Reforms Officer
O/o-Sub-Divisional Land & Land Reforms Officer 
Gangarampur At Buniadpur
Dist-Dakshin Dinajpur
Pin-733 121.",DDC,GANGARAMPUR,"DIST. DAKSHIN DINAJPUR, PIN - 733124",2537519.19,Twenty Five Lakh Thirty Seven Thousand Five Hundred Nineteen Rupees Only,8009-01-101-001-23,,204,01-03-2021,Super Annuation,1,,Nominees,,Wife,,,JKD-1,10-03-2021
122,10-03-2021,FD-3/ADM/FP/R-00000092/1,12-03-2021,ADM,89524,NIRMAL KUMAR DARA,,"NIRMAL KUMAR DARA, 
512/1, BARISHA PURBA PARA ROAD, 
PO-THAKURPUKUR, PS-HARIDEVPUR, 
KOL-700063.",FD-3,CABCOA001,"ASST.SECRETARY, CO-OPERATION DEPTT.","THE SECTION OFFICER & DDO,
CO-OPERATION DEPTT. GOVT. OF W.B., 
N.S. BUILDING, 4TH FLOOR, BLOCK-A, 1,   
K.S. ROY ROAD, 
KOLKATA-700001.",CAB,CAL PAO-I,"81/2/2 PHEARS LANE, PIN - 700012",72651.72,Seventy Two Thousand Six Hundred Fifty One Rupees Only,8009-01-101-001-23,,205,22-02-2021,Super Annuation,1,,Nominees,,Wife,,,JKD-1,12-03-2021
122,10-03-2021,FD-3/ADM/FP/R-00000092/2,12-03-2021,ADM,89524,NIRMAL KUMAR DARA,,"NIRMAL KUMAR DARA, 
512/1, BARISHA PURBA PARA ROAD, 
PO-THAKURPUKUR, PS-HARIDEVPUR, 
KOL-700063.",FD-3,CABCOA001,"ASST.SECRETARY, CO-OPERATION DEPTT.","THE SECTION OFFICER & DDO,
CO-OPERATION DEPTT. GOVT. OF W.B., 
N.S. BUILDING, 4TH FLOOR, BLOCK-A, 1,   
K.S. ROY ROAD, 
KOLKATA-700001.",CAB,CAL PAO-I,"81/2/2 PHEARS LANE, PIN - 700012",72651.72,Seventy Two Thousand Six Hundred Fifty One Rupees Only,8009-01-101-001-23,,205,22-02-2021,Super Annuation,1,,Nominees,,Wife,,,JKD-1,12-03-2021
122,10-03-2021,FD-3/ADM/FP/R-00000092/3,12-03-2021,ADM,89524,NIRMAL KUMAR DARA,,"NIRMAL KUMAR DARA, 
512/1, BARISHA PURBA PARA ROAD, 
PO-THAKURPUKUR, PS-HARIDEVPUR, 
KOL-700063.",FD-3,CABCOA001,"ASST.SECRETARY, CO-OPERATION DEPTT.","THE SECTION OFFICER & DDO,
CO-OPERATION DEPTT. GOVT. OF W.B., 
N.S. BUILDING, 4TH FLOOR, BLOCK-A, 1,   
K.S. ROY ROAD, 
KOLKATA-700001.",CAB,CAL PAO-I,"81/2/2 PHEARS LANE, PIN - 700012",72651.72,Seventy Two Thousand Six Hundred Fifty One Rupees Only,8009-01-101-001-23,,205,22-02-2021,Super Annuation,1,,Nominees,,Wife,,,JKD-1,12-03-2021
123,10-03-2021,FD-17/ADM/FP/R-00000081/1,11-03-2021,ADM,67881,ASIT KR. PAL,ASIT KUMAR PAL,"Sri Asit Kr. Pal
Vill-Serampore,PO-Basubati,
Dist-Hooghly
Pin-712 409.",FD-17,HGDLRR001,"S.R.O.-II & D.D.O.,S.D.L. & L.R.O.,CGR","The SRO II & DDO
O/o the Sub Divisional Land & Land Reforms Officer, 
5 No.Borough Office Building (2nd Floor)
Chandernagar Municipal Corporation
Po-Khalisani, Dist - Hooghly, Pin-712 138.",HGD,CHANDERNAGAR,"DIST. HOOGHLY, PIN - 712136",1583890.06,Fifteen Lakh Eighty Three Thousand Eight Hundred Ninety Rupees Only,8009-01-101-001-23,01-05-2021,52,03-02-2021,Super Annuation,1,,Nominees,,Wife,,,JKD-1,11-03-2021
123,10-03-2021,FD-17/ADM/FP/R-00000081/2,11-03-2021,ADM,67881,ASIT KR. PAL,ASIT KUMAR PAL,"Sri Asit Kr. Pal
Vill-Serampore,PO-Basubati,
Dist-Hooghly
Pin-712 409.",FD-17,HGDLRR001,"S.R.O.-II & D.D.O.,S.D.L. & L.R.O.,CGR","The SRO II & DDO
O/o the Sub Divisional Land & Land Reforms Officer, 
5 No.Borough Office Building (2nd Floor)
Chandernagar Municipal Corporation
Po-Khalisani, Dist - Hooghly, Pin-712 138.",HGD,CHANDERNAGAR,"DIST. HOOGHLY, PIN - 712136",1583890.06,Fifteen Lakh Eighty Three Thousand Eight Hundred Ninety Rupees Only,8009-01-101-001-23,01-05-2021,52,03-02-2021,Super Annuation,1,,Nominees,,Wife,,,JKD-1,11-03-2021
123,10-03-2021,FD-17/ADM/FP/R-00000081/3,11-03-2021,ADM,67881,ASIT KR. PAL,ASIT KUMAR PAL,"Sri Asit Kr. Pal
Vill-Serampore,PO-Basubati,
Dist-Hooghly
Pin-712 409.",FD-17,HGDLRR001,"S.R.O.-II & D.D.O.,S.D.L. & L.R.O.,CGR","The SRO II & DDO
O/o the Sub Divisional Land & Land Reforms Officer, 
5 No.Borough Office Building (2nd Floor)
Chandernagar Municipal Corporation
Po-Khalisani, Dist - Hooghly, Pin-712 138.",HGD,CHANDERNAGAR,"DIST. HOOGHLY, PIN - 712136",1583890.06,Fifteen Lakh Eighty Three Thousand Eight Hundred Ninety Rupees Only,8009-01-101-001-23,01-05-2021,52,03-02-2021,Super Annuation,1,,Nominees,,Wife,,,JKD-1,11-03-2021
124,10-03-2021,FD-17/ADM/FP/R-00000085/1,12-03-2021,ADM,83692,SAMIR KUMAR DHARA,,"Sri Samir Kumar Dhara,
Vill-Jagatnagar,  Po-Jagatnagar,
Dist-Hooghly, 
Pin-712409.",FD-17,HGDLRR001,"S.R.O.-II & D.D.O.,S.D.L. & L.R.O.,CGR","The SRO-II & D.D.O.,
O/o-Sub-Divisional Land & Land Reforms Officer,
Chandannagar, 5 No. Borough Office Building(2nd Floor),
Chandernagore Municipal Corporation,
Po-Khalisani,Dist-Hooghly, Pin-712138.",HGD,CHANDERNAGAR,"DIST. HOOGHLY, PIN - 712136",1088257.22,Ten Lakh Eighty Eight Thousand Two Hundred Fifty Seven Rupees Only,8009-01-101-001-23,,51,03-02-2021,Super Annuation,1,,Nominees,,Wife,,,JKD-1,12-03-2021
124,10-03-2021,FD-17/ADM/FP/R-00000085/2,12-03-2021,ADM,83692,SAMIR KUMAR DHARA,,"Sri Samir Kumar Dhara,
Vill-Jagatnagar,  Po-Jagatnagar,
Dist-Hooghly, 
Pin-712409.",FD-17,HGDLRR001,"S.R.O.-II & D.D.O.,S.D.L. & L.R.O.,CGR","The SRO-II & D.D.O.,
O/o-Sub-Divisional Land & Land Reforms Officer,
Chandannagar, 5 No. Borough Office Building(2nd Floor),
Chandernagore Municipal Corporation,
Po-Khalisani,Dist-Hooghly, Pin-712138.",HGD,CHANDERNAGAR,"DIST. HOOGHLY, PIN - 712136",1088257.22,Ten Lakh Eighty Eight Thousand Two Hundred Fifty Seven Rupees Only,8009-01-101-001-23,,51,03-02-2021,Super Annuation,1,,Nominees,,Wife,,,JKD-1,12-03-2021
124,10-03-2021,FD-17/ADM/FP/R-00000085/3,12-03-2021,ADM,83692,SAMIR KUMAR DHARA,,"Sri Samir Kumar Dhara,
Vill-Jagatnagar,  Po-Jagatnagar,
Dist-Hooghly, 
Pin-712409.",FD-17,HGDLRR001,"S.R.O.-II & D.D.O.,S.D.L. & L.R.O.,CGR","The SRO-II & D.D.O.,
O/o-Sub-Divisional Land & Land Reforms Officer,
Chandannagar, 5 No. Borough Office Building(2nd Floor),
Chandernagore Municipal Corporation,
Po-Khalisani,Dist-Hooghly, Pin-712138.",HGD,CHANDERNAGAR,"DIST. HOOGHLY, PIN - 712136",1088257.22,Ten Lakh Eighty Eight Thousand Two Hundred Fifty Seven Rupees Only,8009-01-101-001-23,,51,03-02-2021,Super Annuation,1,,Nominees,,Wife,,,JKD-1,12-03-2021
126,10-03-2021,FD-3/ADM/FP/R-00000091/1,12-03-2021,ADM,68386,SANJOY KUMAR BHOUMIK,,"SANJOY KUMAR BHOUMIK, 
BANMASJID PARA, KALNA ROAD, 
BURDWAN, PO-BURDWAN, 
DIST-PURBA BARDHAMAN, PIN-713101.",FD-3,CABFNA008,"ASST.SECRETARY, FINANCE DEPTT.","THE REGISTRAR & DDO, 
FINANCE DEPT., NABANNA, 
325, S.C. ROAD, HOWRAH, 
PIN-711102.",CAB,CAL PAO-I,"81/2/2 PHEARS LANE, PIN - 700012",198858.02,One Lakh Ninety Eight Thousand Eight Hundred Fifty Eight Rupees Only,8009-01-101-001-23,,689,22-02-2021,Super Annuation,1,,Nominees,,Wife,,,JKD-1,12-03-2021
126,10-03-2021,FD-3/ADM/FP/R-00000091/2,12-03-2021,ADM,68386,SANJOY KUMAR BHOUMIK,,"SANJOY KUMAR BHOUMIK, 
BANMASJID PARA, KALNA ROAD, 
BURDWAN, PO-BURDWAN, 
DIST-PURBA BARDHAMAN, PIN-713101.",FD-3,CABFNA008,"ASST.SECRETARY, FINANCE DEPTT.","THE REGISTRAR & DDO, 
FINANCE DEPT., NABANNA, 
325, S.C. ROAD, HOWRAH, 
PIN-711102.",CAB,CAL PAO-I,"81/2/2 PHEARS LANE, PIN - 700012",198858.02,One Lakh Ninety Eight Thousand Eight Hundred Fifty Eight Rupees Only,8009-01-101-001-23,,689,22-02-2021,Super Annuation,1,,Nominees,,Wife,,,JKD-1,12-03-2021
126,10-03-2021,FD-3/ADM/FP/R-00000091/3,12-03-2021,ADM,68386,SANJOY KUMAR BHOUMIK,,"SANJOY KUMAR BHOUMIK, 
BANMASJID PARA, KALNA ROAD, 
BURDWAN, PO-BURDWAN, 
DIST-PURBA BARDHAMAN, PIN-713101.",FD-3,CABFNA008,"ASST.SECRETARY, FINANCE DEPTT.","THE REGISTRAR & DDO, 
FINANCE DEPT., NABANNA, 
325, S.C. ROAD, HOWRAH, 
PIN-711102.",CAB,CAL PAO-I,"81/2/2 PHEARS LANE, PIN - 700012",198858.02,One Lakh Ninety Eight Thousand Eight Hundred Fifty Eight Rupees Only,8009-01-101-001-23,,689,22-02-2021,Super Annuation,1,,Nominees,,Wife,,,JKD-1,12-03-2021
127,10-03-2021,FD-17/ADM/FP/R-00000101/1,17-03-2021,ADM,56742,QUAZI OAZEDUDDIN,,"Quazi Oazeduddin,
Vill+Po+Ps-Usthi,
South 24 Paraganas,
Pin-743375.",FD-17,SPBPRA004,B.D.O. BISHNUPUR-II ,"The Block Development Officer,
Bishnupur-II Development Block,
Bibirhat, South 24 Paraganas, 
Pin-743503.",SPB,ALIPORE-II,"DIST. SOUTH 24 PARGANAS, PIN - 700027",46048.03,Forty Six Thousand Forty Eight Rupees Only,8009-01-101-001-23,01-04-2021,671,03-03-2021,Super Annuation,1,,Nominees,,Wife,,,JKD-1,17-03-2021
127,10-03-2021,FD-17/ADM/FP/R-00000101/2,17-03-2021,ADM,56742,QUAZI OAZEDUDDIN,,"Quazi Oazeduddin,
Vill+Po+Ps-Usthi,
South 24 Paraganas,
Pin-743375.",FD-17,SPBPRA004,B.D.O. BISHNUPUR-II ,"The Block Development Officer,
Bishnupur-II Development Block,
Bibirhat, South 24 Paraganas, 
Pin-743503.",SPB,ALIPORE-II,"DIST. SOUTH 24 PARGANAS, PIN - 700027",46048.03,Forty Six Thousand Forty Eight Rupees Only,8009-01-101-001-23,01-04-2021,671,03-03-2021,Super Annuation,1,,Nominees,,Wife,,,JKD-1,17-03-2021
127,10-03-2021,FD-17/ADM/FP/R-00000101/3,17-03-2021,ADM,56742,QUAZI OAZEDUDDIN,,"Quazi Oazeduddin,
Vill+Po+Ps-Usthi,
South 24 Paraganas,
Pin-743375.",FD-17,SPBPRA004,B.D.O. BISHNUPUR-II ,"The Block Development Officer,
Bishnupur-II Development Block,
Bibirhat, South 24 Paraganas, 
Pin-743503.",SPB,ALIPORE-II,"DIST. SOUTH 24 PARGANAS, PIN - 700027",46048.03,Forty Six Thousand Forty Eight Rupees Only,8009-01-101-001-23,01-04-2021,671,03-03-2021,Super Annuation,1,,Nominees,,Wife,,,JKD-1,17-03-2021
128,10-03-2021,FD-3/ADM/FP/R-00000106/1,17-03-2021,ADM,63852,PANKAJ KR. DEY,Pankaj Kumar Dey,"PANKAJ KUMAR DEY, 
AT-NAMOPARA, BAKULTOLA LANE,
PO-PURULIA, PS-PURULIA ( SADAR ), 
DIST-PURULIA, PIN-723101.",FD-3,PUALRR002,S.R.O.-II & D.D.O. S.D.L.& L.R.O.PURULIA(S),"THE S.R.O.-II & D.D.O. OF S.D.L.& L.R.O., 
PURULIA ( SADAR ), PO+DIST-PURULIA, 
PIN-723101.",PUA,PURULIA-I,"DIST. PURULIA, PIN - 723101",613168.28,Six Lakh Thirteen Thousand One Hundred Sixty Eight Rupees Only,8009-01-101-001-23,01-04-2021,119,18-02-2021,Super Annuation,1,,Nominees,,Wife,,,JKD-1,17-03-2021
128,10-03-2021,FD-3/ADM/FP/R-00000106/2,17-03-2021,ADM,63852,PANKAJ KR. DEY,Pankaj Kumar Dey,"PANKAJ KUMAR DEY, 
AT-NAMOPARA, BAKULTOLA LANE,
PO-PURULIA, PS-PURULIA ( SADAR ), 
DIST-PURULIA, PIN-723101.",FD-3,PUALRR002,S.R.O.-II & D.D.O. S.D.L.& L.R.O.PURULIA(S),"THE S.R.O.-II & D.D.O. OF S.D.L.& L.R.O., 
PURULIA ( SADAR ), PO+DIST-PURULIA, 
PIN-723101.",PUA,PURULIA-I,"DIST. PURULIA, PIN - 723101",613168.28,Six Lakh Thirteen Thousand One Hundred Sixty Eight Rupees Only,8009-01-101-001-23,01-04-2021,119,18-02-2021,Super Annuation,1,,Nominees,,Wife,,,JKD-1,17-03-2021
128,10-03-2021,FD-3/ADM/FP/R-00000106/3,17-03-2021,ADM,63852,PANKAJ KR. DEY,Pankaj Kumar Dey,"PANKAJ KUMAR DEY, 
AT-NAMOPARA, BAKULTOLA LANE,
PO-PURULIA, PS-PURULIA ( SADAR ), 
DIST-PURULIA, PIN-723101.",FD-3,PUALRR002,S.R.O.-II & D.D.O. S.D.L.& L.R.O.PURULIA(S),"THE S.R.O.-II & D.D.O. OF S.D.L.& L.R.O., 
PURULIA ( SADAR ), PO+DIST-PURULIA, 
PIN-723101.",PUA,PURULIA-I,"DIST. PURULIA, PIN - 723101",613168.28,Six Lakh Thirteen Thousand One Hundred Sixty Eight Rupees Only,8009-01-101-001-23,01-04-2021,119,18-02-2021,Super Annuation,1,,Nominees,,Wife,,,JKD-1,17-03-2021
129,10-03-2021,FD-3/ADM/FP/R-00000096/1,12-03-2021,ADM,63936,TAPAN KR. MONDAL,TAPAN KUMAR MANDAL,"TAPAN KUMAR MANDAL, 
RAMPUR, MANDALPARA, 
PO+DIST-BANKURA, 
PIN-722101.",FD-3,BACHMA001,"SUB-DIVISIONAL OFFICER,KHATRA","THE SUB-DIVISIONAL OFFICER, 
O/O THE SUB-DIVISIONAL OFFICER, 
KHATRA, BANKURA, 
PIN-722140.",BAC,KHATRA,"DIST. BANKURA, PIN - 722140",367854.48,Three Lakh Sixty Seven Thousand Eight Hundred Fifty Four Rupees Only,8009-01-101-001-23,,425,19-02-2021,Super Annuation,1,,Nominees,,Wife,,,,
129,10-03-2021,FD-3/ADM/FP/R-00000096/2,12-03-2021,ADM,63936,TAPAN KR. MONDAL,TAPAN KUMAR MANDAL,"TAPAN KUMAR MANDAL, 
RAMPUR, MANDALPARA, 
PO+DIST-BANKURA, 
PIN-722101.",FD-3,BACHMA001,"SUB-DIVISIONAL OFFICER,KHATRA","THE SUB-DIVISIONAL OFFICER, 
O/O THE SUB-DIVISIONAL OFFICER, 
KHATRA, BANKURA, 
PIN-722140.",BAC,KHATRA,"DIST. BANKURA, PIN - 722140",367854.48,Three Lakh Sixty Seven Thousand Eight Hundred Fifty Four Rupees Only,8009-01-101-001-23,,425,19-02-2021,Super Annuation,1,,Nominees,,Wife,,,,
129,10-03-2021,FD-3/ADM/FP/R-00000096/3,12-03-2021,ADM,63936,TAPAN KR. MONDAL,TAPAN KUMAR MANDAL,"TAPAN KUMAR MANDAL, 
RAMPUR, MANDALPARA, 
PO+DIST-BANKURA, 
PIN-722101.",FD-3,BACHMA001,"SUB-DIVISIONAL OFFICER,KHATRA","THE SUB-DIVISIONAL OFFICER, 
O/O THE SUB-DIVISIONAL OFFICER, 
KHATRA, BANKURA, 
PIN-722140.",BAC,KHATRA,"DIST. BANKURA, PIN - 722140",367854.48,Three Lakh Sixty Seven Thousand Eight Hundred Fifty Four Rupees Only,8009-01-101-001-23,,425,19-02-2021,Super Annuation,1,,Nominees,,Wife,,,,
131,11-03-2021,FD-3/ADM/FP/R-00000114/1,22-03-2021,ADM,66677,BISWANATH LAHIRI,,"BISWANATH LAHIRI, 
FLAT UV-10-03C, UDAYAN, 
1050/1, SURVEYPARK, 
KOL-75.",FD-3,CABFNC006,JT.COMN.COM. TAXES BURRABAZAR CIR.,"THE SR. JOINT COMMISSIONER & DDO, 
BURRABAZAR CIRCLE, 
14 BELIAGHATA ROAD, 
KOL-15.",CAB,CAL PAO-I,"81/2/2 PHEARS LANE, PIN - 700012",776329.55,Seven Lakh Seventy Six Thousand Three Hundred Twenty Nine Rupees Only,8009-01-101-001-23,01-05-2021,5154,23-02-2021,Super Annuation,1,,Nominees,,Wife,,,JKD-1,22-03-2021
131,11-03-2021,FD-3/ADM/FP/R-00000114/2,22-03-2021,ADM,66677,BISWANATH LAHIRI,,"BISWANATH LAHIRI, 
FLAT UV-10-03C, UDAYAN, 
1050/1, SURVEYPARK, 
KOL-75.",FD-3,CABFNC006,JT.COMN.COM. TAXES BURRABAZAR CIR.,"THE SR. JOINT COMMISSIONER & DDO, 
BURRABAZAR CIRCLE, 
14 BELIAGHATA ROAD, 
KOL-15.",CAB,CAL PAO-I,"81/2/2 PHEARS LANE, PIN - 700012",776329.55,Seven Lakh Seventy Six Thousand Three Hundred Twenty Nine Rupees Only,8009-01-101-001-23,01-05-2021,5154,23-02-2021,Super Annuation,1,,Nominees,,Wife,,,JKD-1,22-03-2021
131,11-03-2021,FD-3/ADM/FP/R-00000114/3,22-03-2021,ADM,66677,BISWANATH LAHIRI,,"BISWANATH LAHIRI, 
FLAT UV-10-03C, UDAYAN, 
1050/1, SURVEYPARK, 
KOL-75.",FD-3,CABFNC006,JT.COMN.COM. TAXES BURRABAZAR CIR.,"THE SR. JOINT COMMISSIONER & DDO, 
BURRABAZAR CIRCLE, 
14 BELIAGHATA ROAD, 
KOL-15.",CAB,CAL PAO-I,"81/2/2 PHEARS LANE, PIN - 700012",776329.55,Seven Lakh Seventy Six Thousand Three Hundred Twenty Nine Rupees Only,8009-01-101-001-23,01-05-2021,5154,23-02-2021,Super Annuation,1,,Nominees,,Wife,,,JKD-1,22-03-2021
133,11-03-2021,FD-17/ADM/FP/R-00000083/1,12-03-2021,ADM,76198,SAMARESH MAJUMDER,,"Smt. Sampa Majumder,
3/1/101,Beleghata Main Road,
Kolkata-700085.",FD-17,NPGMCE003,EX. ENGR.M.E.DTE. 24 PARGNS DIVN,"The Executive Engineer
O/o The Executive Engineer, South 24 Paraganas Division
Municipal Engineering Directorate
Bikash Bhavan, South Block (1st Floor) 
Salt Lake,Kolkata-700 091",NPG,BIDHANNAGAR,"DIST. NORTH 24 PARGANAS, PIN - 700091",125872.27,One Lakh Twenty Five Thousand Eight Hundred Seventy Two Rupees Only,8009-01-101-001-23,,436,09-02-2021,Death,4,SAGNIK MAJUMDER,Other than family detail,,Son,,,JKD-1,12-03-2021
133,11-03-2021,FD-17/ADM/FP/R-00000083/1,12-03-2021,ADM,76198,SAMARESH MAJUMDER,,"Smt. Sampa Majumder,
3/1/101,Beleghata Main Road,
Kolkata-700085.",FD-17,NPGMCE003,EX. ENGR.M.E.DTE. 24 PARGNS DIVN,"The Executive Engineer
O/o The Executive Engineer, South 24 Paraganas Division
Municipal Engineering Directorate
Bikash Bhavan, South Block (1st Floor) 
Salt Lake,Kolkata-700 091",NPG,BIDHANNAGAR,"DIST. NORTH 24 PARGANAS, PIN - 700091",125872.27,One Lakh Twenty Five Thousand Eight Hundred Seventy Two Rupees Only,8009-01-101-001-23,,436,09-02-2021,Death,4,SAMPA MAJUMDER,Other than family detail,,Son,,,JKD-1,12-03-2021
133,11-03-2021,FD-17/ADM/FP/R-00000083/2,12-03-2021,ADM,76198,SAMARESH MAJUMDER,,"Smt. Sampa Majumder,
3/1/101,Beleghata Main Road,
Kolkata-700085.",FD-17,NPGMCE003,EX. ENGR.M.E.DTE. 24 PARGNS DIVN,"The Executive Engineer
O/o The Executive Engineer, South 24 Paraganas Division
Municipal Engineering Directorate
Bikash Bhavan, South Block (1st Floor) 
Salt Lake,Kolkata-700 091",NPG,BIDHANNAGAR,"DIST. NORTH 24 PARGANAS, PIN - 700091",125872.27,One Lakh Twenty Five Thousand Eight Hundred Seventy Two Rupees Only,8009-01-101-001-23,,436,09-02-2021,Death,4,SAGNIK MAJUMDER,Other than family detail,,Son,,,JKD-1,12-03-2021
133,11-03-2021,FD-17/ADM/FP/R-00000083/2,12-03-2021,ADM,76198,SAMARESH MAJUMDER,,"Smt. Sampa Majumder,
3/1/101,Beleghata Main Road,
Kolkata-700085.",FD-17,NPGMCE003,EX. ENGR.M.E.DTE. 24 PARGNS DIVN,"The Executive Engineer
O/o The Executive Engineer, South 24 Paraganas Division
Municipal Engineering Directorate
Bikash Bhavan, South Block (1st Floor) 
Salt Lake,Kolkata-700 091",NPG,BIDHANNAGAR,"DIST. NORTH 24 PARGANAS, PIN - 700091",125872.27,One Lakh Twenty Five Thousand Eight Hundred Seventy Two Rupees Only,8009-01-101-001-23,,436,09-02-2021,Death,4,SAMPA MAJUMDER,Other than family detail,,Son,,,JKD-1,12-03-2021
133,11-03-2021,FD-17/ADM/FP/R-00000083/3,12-03-2021,ADM,76198,SAMARESH MAJUMDER,,"Smt. Sampa Majumder,
3/1/101,Beleghata Main Road,
Kolkata-700085.",FD-17,NPGMCE003,EX. ENGR.M.E.DTE. 24 PARGNS DIVN,"The Executive Engineer
O/o The Executive Engineer, South 24 Paraganas Division
Municipal Engineering Directorate
Bikash Bhavan, South Block (1st Floor) 
Salt Lake,Kolkata-700 091",NPG,BIDHANNAGAR,"DIST. NORTH 24 PARGANAS, PIN - 700091",125872.27,One Lakh Twenty Five Thousand Eight Hundred Seventy Two Rupees Only,8009-01-101-001-23,,436,09-02-2021,Death,4,SAGNIK MAJUMDER,Other than family detail,,Son,,,JKD-1,12-03-2021
133,11-03-2021,FD-17/ADM/FP/R-00000083/3,12-03-2021,ADM,76198,SAMARESH MAJUMDER,,"Smt. Sampa Majumder,
3/1/101,Beleghata Main Road,
Kolkata-700085.",FD-17,NPGMCE003,EX. ENGR.M.E.DTE. 24 PARGNS DIVN,"The Executive Engineer
O/o The Executive Engineer, South 24 Paraganas Division
Municipal Engineering Directorate
Bikash Bhavan, South Block (1st Floor) 
Salt Lake,Kolkata-700 091",NPG,BIDHANNAGAR,"DIST. NORTH 24 PARGANAS, PIN - 700091",125872.27,One Lakh Twenty Five Thousand Eight Hundred Seventy Two Rupees Only,8009-01-101-001-23,,436,09-02-2021,Death,4,SAMPA MAJUMDER,Other than family detail,,Son,,,JKD-1,12-03-2021
134,11-03-2021,FD-3/ADM/FP/R-00000105/1,17-03-2021,ADM,62415,RAHUL KUMAR RAY,,"RAHUL KUMAR RAY, 
10/92/3, BEJOYGARH, 
PO-JADAVPUR UNIVERSITY, 
KOLKATA-700032.",FD-3,CABFNA008,"ASST.SECRETARY, FINANCE DEPTT.","THE REGISTRAR & DDO, 
FINANCE DEPT., NABANNA, 
325, SARAT CHATTERJEE ROAD, 
HOWRAH, PIN-711102.",CAB,CAL PAO-I,"81/2/2 PHEARS LANE, PIN - 700012",1876574.25,Eighteen Lakh Seventy Six Thousand Five Hundred Seventy Four Rupees Only,8009-01-101-001-23,01-04-2021,734,01-04-2021,Super Annuation,1,,Nominees,,Wife,,,JKD-1,17-03-2021
134,11-03-2021,FD-3/ADM/FP/R-00000105/2,17-03-2021,ADM,62415,RAHUL KUMAR RAY,,"RAHUL KUMAR RAY, 
10/92/3, BEJOYGARH, 
PO-JADAVPUR UNIVERSITY, 
KOLKATA-700032.",FD-3,CABFNA008,"ASST.SECRETARY, FINANCE DEPTT.","THE REGISTRAR & DDO, 
FINANCE DEPT., NABANNA, 
325, SARAT CHATTERJEE ROAD, 
HOWRAH, PIN-711102.",CAB,CAL PAO-I,"81/2/2 PHEARS LANE, PIN - 700012",1876574.25,Eighteen Lakh Seventy Six Thousand Five Hundred Seventy Four Rupees Only,8009-01-101-001-23,01-04-2021,734,01-04-2021,Super Annuation,1,,Nominees,,Wife,,,JKD-1,17-03-2021
134,11-03-2021,FD-3/ADM/FP/R-00000105/3,17-03-2021,ADM,62415,RAHUL KUMAR RAY,,"RAHUL KUMAR RAY, 
10/92/3, BEJOYGARH, 
PO-JADAVPUR UNIVERSITY, 
KOLKATA-700032.",FD-3,CABFNA008,"ASST.SECRETARY, FINANCE DEPTT.","THE REGISTRAR & DDO, 
FINANCE DEPT., NABANNA, 
325, SARAT CHATTERJEE ROAD, 
HOWRAH, PIN-711102.",CAB,CAL PAO-I,"81/2/2 PHEARS LANE, PIN - 700012",1876574.25,Eighteen Lakh Seventy Six Thousand Five Hundred Seventy Four Rupees Only,8009-01-101-001-23,01-04-2021,734,01-04-2021,Super Annuation,1,,Nominees,,Wife,,,JKD-1,17-03-2021
135,11-03-2021,FD-3/ADM/FP/R-00000117/1,22-03-2021,ADM,87908,MADHUSUDAN HAZRA,,"MADHUSADAN HAZRA,
VILL+PO-BHANDERGACHA, 
PS-AMTA, DIST-HOWRAH. 
PIN-711401.",FD-3,HWCLRR001,S.D.L.& L.R.O. ULUBERIA,"THE SRO-II & DDO,
SDL & LRO, ULUBERIA, 
HOWRAH-711315.",HWC,ULUBERIA,"DIST. HOWRAH, PIN - 711315",441923.57,Four Lakh Forty One Thousand Nine Hundred Twenty Three Rupees Only,8009-01-101-001-23,01-05-2021,133,23-02-2021,Super Annuation,1,,Nominees,,Wife,,,JKD-1,22-03-2021
135,11-03-2021,FD-3/ADM/FP/R-00000117/2,22-03-2021,ADM,87908,MADHUSUDAN HAZRA,,"MADHUSADAN HAZRA,
VILL+PO-BHANDERGACHA, 
PS-AMTA, DIST-HOWRAH. 
PIN-711401.",FD-3,HWCLRR001,S.D.L.& L.R.O. ULUBERIA,"THE SRO-II & DDO,
SDL & LRO, ULUBERIA, 
HOWRAH-711315.",HWC,ULUBERIA,"DIST. HOWRAH, PIN - 711315",441923.57,Four Lakh Forty One Thousand Nine Hundred Twenty Three Rupees Only,8009-01-101-001-23,01-05-2021,133,23-02-2021,Super Annuation,1,,Nominees,,Wife,,,JKD-1,22-03-2021
135,11-03-2021,FD-3/ADM/FP/R-00000117/3,22-03-2021,ADM,87908,MADHUSUDAN HAZRA,,"MADHUSADAN HAZRA,
VILL+PO-BHANDERGACHA, 
PS-AMTA, DIST-HOWRAH. 
PIN-711401.",FD-3,HWCLRR001,S.D.L.& L.R.O. ULUBERIA,"THE SRO-II & DDO,
SDL & LRO, ULUBERIA, 
HOWRAH-711315.",HWC,ULUBERIA,"DIST. HOWRAH, PIN - 711315",441923.57,Four Lakh Forty One Thousand Nine Hundred Twenty Three Rupees Only,8009-01-101-001-23,01-05-2021,133,23-02-2021,Super Annuation,1,,Nominees,,Wife,,,JKD-1,22-03-2021
136,11-03-2021,FD-3/ADM/FP/R-00000113/1,22-03-2021,ADM,83040,SMRITI KANA SAHA (DUTTA),,"SMRITI KANA SAHA ( DUTTA ),
91/2 BAHIRAGATA COLONY, 
SWAMIJI NAGAR, DUMDUM, 24 PGS (N), 
KOL-700030.",FD-3,CABFNA008,"ASST.SECRETARY, FINANCE DEPTT.","THE Registrar & D.D.O
ACCOUNTS BRANCH, FINANCE DEPT., 
10TH FLOOR, NABANNA, 
HOWRAH-711102.",CAB,CAL PAO-I,"81/2/2 PHEARS LANE, PIN - 700012",301657.72,Three Lakh One Thousand Six Hundred Fifty Seven Rupees Only,8009-01-101-001-23,,712,23-02-2021,Super Annuation,1,,Nominees,,Wife,,,JKD-1,22-03-2021
136,11-03-2021,FD-3/ADM/FP/R-00000113/2,22-03-2021,ADM,83040,SMRITI KANA SAHA (DUTTA),,"SMRITI KANA SAHA ( DUTTA ),
91/2 BAHIRAGATA COLONY, 
SWAMIJI NAGAR, DUMDUM, 24 PGS (N), 
KOL-700030.",FD-3,CABFNA008,"ASST.SECRETARY, FINANCE DEPTT.","THE Registrar & D.D.O
ACCOUNTS BRANCH, FINANCE DEPT., 
10TH FLOOR, NABANNA, 
HOWRAH-711102.",CAB,CAL PAO-I,"81/2/2 PHEARS LANE, PIN - 700012",301657.72,Three Lakh One Thousand Six Hundred Fifty Seven Rupees Only,8009-01-101-001-23,,712,23-02-2021,Super Annuation,1,,Nominees,,Wife,,,JKD-1,22-03-2021
136,11-03-2021,FD-3/ADM/FP/R-00000113/3,22-03-2021,ADM,83040,SMRITI KANA SAHA (DUTTA),,"SMRITI KANA SAHA ( DUTTA ),
91/2 BAHIRAGATA COLONY, 
SWAMIJI NAGAR, DUMDUM, 24 PGS (N), 
KOL-700030.",FD-3,CABFNA008,"ASST.SECRETARY, FINANCE DEPTT.","THE Registrar & D.D.O
ACCOUNTS BRANCH, FINANCE DEPT., 
10TH FLOOR, NABANNA, 
HOWRAH-711102.",CAB,CAL PAO-I,"81/2/2 PHEARS LANE, PIN - 700012",301657.72,Three Lakh One Thousand Six Hundred Fifty Seven Rupees Only,8009-01-101-001-23,,712,23-02-2021,Super Annuation,1,,Nominees,,Wife,,,JKD-1,22-03-2021
137,11-03-2021,FD-3/ADM/FP/R-00000109/1,17-03-2021,ADM,89763,DIPAK DAS,,"DIPAK DAS,
7/2F, ASGAR MISTRY LANE, 
KOL- 700046.",FD-3,CABCOA001,"ASST.SECRETARY, CO-OPERATION DEPTT.","THE SECTION OFFICER & DDO,
CO-OPERATION DEPARTMENT,
N.S. BUILDING, 4TH FLOOR, 
BLOCK-A,  1, K.S. ROY ROAD, 
KOL01.",CAB,CAL PAO-I,"81/2/2 PHEARS LANE, PIN - 700012",337661.92,Three Lakh Thirty Seven Thousand Six Hundred Sixty One Rupees Only,8009-01-101-001-23,01-04-2021,217,24-02-2021,Super Annuation,1,,Nominees,,Wife,,,JKD-1,17-03-2021
137,11-03-2021,FD-3/ADM/FP/R-00000109/2,17-03-2021,ADM,89763,DIPAK DAS,,"DIPAK DAS,
7/2F, ASGAR MISTRY LANE, 
KOL- 700046.",FD-3,CABCOA001,"ASST.SECRETARY, CO-OPERATION DEPTT.","THE SECTION OFFICER & DDO,
CO-OPERATION DEPARTMENT,
N.S. BUILDING, 4TH FLOOR, 
BLOCK-A,  1, K.S. ROY ROAD, 
KOL01.",CAB,CAL PAO-I,"81/2/2 PHEARS LANE, PIN - 700012",337661.92,Three Lakh Thirty Seven Thousand Six Hundred Sixty One Rupees Only,8009-01-101-001-23,01-04-2021,217,24-02-2021,Super Annuation,1,,Nominees,,Wife,,,JKD-1,17-03-2021
137,11-03-2021,FD-3/ADM/FP/R-00000109/3,17-03-2021,ADM,89763,DIPAK DAS,,"DIPAK DAS,
7/2F, ASGAR MISTRY LANE, 
KOL- 700046.",FD-3,CABCOA001,"ASST.SECRETARY, CO-OPERATION DEPTT.","THE SECTION OFFICER & DDO,
CO-OPERATION DEPARTMENT,
N.S. BUILDING, 4TH FLOOR, 
BLOCK-A,  1, K.S. ROY ROAD, 
KOL01.",CAB,CAL PAO-I,"81/2/2 PHEARS LANE, PIN - 700012",337661.92,Three Lakh Thirty Seven Thousand Six Hundred Sixty One Rupees Only,8009-01-101-001-23,01-04-2021,217,24-02-2021,Super Annuation,1,,Nominees,,Wife,,,JKD-1,17-03-2021
138,11-03-2021,FD-3/ADM/FP/R-00000107/1,17-03-2021,ADM,65036,SWAPAN KR. HALDER,SWAPAN KUMAR HALDER,"SWAPAN KUMAR HALDER, 
VILL-BAHIR KANCHALI, PO-KASHINAGAR, 
PS-RAIDIGHI, DIST-24 PGS (S), 
PIN-743349.",FD-3,CABLRA004,REGISTRAR & D.D.O.L & L.R.DEPTT.W.B.,"THE OFFICER ON SPECIAL DUTY & DDO, 
L&LR & RR&R DEPARTMENT, NABANNA, 
6TH FLOOR, HOWRAH-711102.",CAB,CAL PAO-I,"81/2/2 PHEARS LANE, PIN - 700012",806521.41,Eight Lakh Six Thousand Five Hundred Twenty One Rupees Only,8009-01-101-001-23,01-04-2021,107,18-01-2021,Super Annuation,1,,Nominees,,Wife,,,JKD-1,17-03-2021
138,11-03-2021,FD-3/ADM/FP/R-00000107/2,17-03-2021,ADM,65036,SWAPAN KR. HALDER,SWAPAN KUMAR HALDER,"SWAPAN KUMAR HALDER, 
VILL-BAHIR KANCHALI, PO-KASHINAGAR, 
PS-RAIDIGHI, DIST-24 PGS (S), 
PIN-743349.",FD-3,CABLRA004,REGISTRAR & D.D.O.L & L.R.DEPTT.W.B.,"THE OFFICER ON SPECIAL DUTY & DDO, 
L&LR & RR&R DEPARTMENT, NABANNA, 
6TH FLOOR, HOWRAH-711102.",CAB,CAL PAO-I,"81/2/2 PHEARS LANE, PIN - 700012",806521.41,Eight Lakh Six Thousand Five Hundred Twenty One Rupees Only,8009-01-101-001-23,01-04-2021,107,18-01-2021,Super Annuation,1,,Nominees,,Wife,,,JKD-1,17-03-2021
138,11-03-2021,FD-3/ADM/FP/R-00000107/3,17-03-2021,ADM,65036,SWAPAN KR. HALDER,SWAPAN KUMAR HALDER,"SWAPAN KUMAR HALDER, 
VILL-BAHIR KANCHALI, PO-KASHINAGAR, 
PS-RAIDIGHI, DIST-24 PGS (S), 
PIN-743349.",FD-3,CABLRA004,REGISTRAR & D.D.O.L & L.R.DEPTT.W.B.,"THE OFFICER ON SPECIAL DUTY & DDO, 
L&LR & RR&R DEPARTMENT, NABANNA, 
6TH FLOOR, HOWRAH-711102.",CAB,CAL PAO-I,"81/2/2 PHEARS LANE, PIN - 700012",806521.41,Eight Lakh Six Thousand Five Hundred Twenty One Rupees Only,8009-01-101-001-23,01-04-2021,107,18-01-2021,Super Annuation,1,,Nominees,,Wife,,,JKD-1,17-03-2021
139,11-03-2021,FD-3/ADM/FP/R-00000103/1,17-03-2021,ADM,89583,MANICK DHAR,,"MANICK DHAR, 
2, KAUGACHI, PALTAPARA, 
KAMALPUR ( BAISHALIPARA), JAGADDAL, 
PO-SHYAMNAGAR, DIST-24 PGS (N), 
PIN-743127.",FD-3,CABLRA004,REGISTRAR & D.D.O.L & L.R.DEPTT.W.B.,"THE OFFICER ON SPECIAL DUTY & DDO, 
L&LR & RR& R DEPT, NABANNA, 
6TH FLOOR, HOWRAH-711102.",CAB,CAL PAO-I,"81/2/2 PHEARS LANE, PIN - 700012",19709.53,Nineteen Thousand Seven Hundred Nine Rupees Only,8009-01-101-001-23,01-04-2021,333,08-02-2021,Super Annuation,1,,Nominees,,Wife,,,JKD-1,17-03-2021
139,11-03-2021,FD-3/ADM/FP/R-00000103/2,17-03-2021,ADM,89583,MANICK DHAR,,"MANICK DHAR, 
2, KAUGACHI, PALTAPARA, 
KAMALPUR ( BAISHALIPARA), JAGADDAL, 
PO-SHYAMNAGAR, DIST-24 PGS (N), 
PIN-743127.",FD-3,CABLRA004,REGISTRAR & D.D.O.L & L.R.DEPTT.W.B.,"THE OFFICER ON SPECIAL DUTY & DDO, 
L&LR & RR& R DEPT, NABANNA, 
6TH FLOOR, HOWRAH-711102.",CAB,CAL PAO-I,"81/2/2 PHEARS LANE, PIN - 700012",19709.53,Nineteen Thousand Seven Hundred Nine Rupees Only,8009-01-101-001-23,01-04-2021,333,08-02-2021,Super Annuation,1,,Nominees,,Wife,,,JKD-1,17-03-2021
139,11-03-2021,FD-3/ADM/FP/R-00000103/3,17-03-2021,ADM,89583,MANICK DHAR,,"MANICK DHAR, 
2, KAUGACHI, PALTAPARA, 
KAMALPUR ( BAISHALIPARA), JAGADDAL, 
PO-SHYAMNAGAR, DIST-24 PGS (N), 
PIN-743127.",FD-3,CABLRA004,REGISTRAR & D.D.O.L & L.R.DEPTT.W.B.,"THE OFFICER ON SPECIAL DUTY & DDO, 
L&LR & RR& R DEPT, NABANNA, 
6TH FLOOR, HOWRAH-711102.",CAB,CAL PAO-I,"81/2/2 PHEARS LANE, PIN - 700012",19709.53,Nineteen Thousand Seven Hundred Nine Rupees Only,8009-01-101-001-23,01-04-2021,333,08-02-2021,Super Annuation,1,,Nominees,,Wife,,,JKD-1,17-03-2021
140,11-03-2021,FD-3/ADM/FP/R-00000104/1,17-03-2021,ADM,89582,DEB PRAKASH DAS,,"DEB PRAKASH DAS, 
33, BISWAMBHAR BANERJEE LANE, 
KONNAGAR, PO-UTTARPARA, 
DIST-HOOGHLY, PIN-712235.",FD-3,CABLRA004,REGISTRAR & D.D.O.L & L.R.DEPTT.W.B.,"THE OFFICER ON SPECIAL DUTY & DDO, 
L&LR & RR& R DEPT, NABANNA, 
6TH FLOOR, HOWRAH-711102.",CAB,CAL PAO-I,"81/2/2 PHEARS LANE, PIN - 700012",94303.53,Ninety Four Thousand Three Hundred Three Rupees Only,8009-01-101-001-23,01-04-2021,332,08-02-2021,Super Annuation,1,,Nominees,,Wife,,,JKD-1,17-03-2021
140,11-03-2021,FD-3/ADM/FP/R-00000104/2,17-03-2021,ADM,89582,DEB PRAKASH DAS,,"DEB PRAKASH DAS, 
33, BISWAMBHAR BANERJEE LANE, 
KONNAGAR, PO-UTTARPARA, 
DIST-HOOGHLY, PIN-712235.",FD-3,CABLRA004,REGISTRAR & D.D.O.L & L.R.DEPTT.W.B.,"THE OFFICER ON SPECIAL DUTY & DDO, 
L&LR & RR& R DEPT, NABANNA, 
6TH FLOOR, HOWRAH-711102.",CAB,CAL PAO-I,"81/2/2 PHEARS LANE, PIN - 700012",94303.53,Ninety Four Thousand Three Hundred Three Rupees Only,8009-01-101-001-23,01-04-2021,332,08-02-2021,Super Annuation,1,,Nominees,,Wife,,,JKD-1,17-03-2021
140,11-03-2021,FD-3/ADM/FP/R-00000104/3,17-03-2021,ADM,89582,DEB PRAKASH DAS,,"DEB PRAKASH DAS, 
33, BISWAMBHAR BANERJEE LANE, 
KONNAGAR, PO-UTTARPARA, 
DIST-HOOGHLY, PIN-712235.",FD-3,CABLRA004,REGISTRAR & D.D.O.L & L.R.DEPTT.W.B.,"THE OFFICER ON SPECIAL DUTY & DDO, 
L&LR & RR& R DEPT, NABANNA, 
6TH FLOOR, HOWRAH-711102.",CAB,CAL PAO-I,"81/2/2 PHEARS LANE, PIN - 700012",94303.53,Ninety Four Thousand Three Hundred Three Rupees Only,8009-01-101-001-23,01-04-2021,332,08-02-2021,Super Annuation,1,,Nominees,,Wife,,,JKD-1,17-03-2021
141,12-03-2021,FD-3/ADM/FP/R-00000115/1,22-03-2021,ADM,54230,BANAMALI SARDAR,,"BANAMALI SARDAR,
VILL-BABLA SARDAR PARA, 
PO-BABLA GOBONDAPUR, PS-SANTIPUR, 
DISTRICT-NADIA, PIN-741404.",FD-3,NAAHMA001,"COLLECTOR, NADIA","THE DISTRICT MAGISTRATE, 
O/O THE DISTRICT MAGISTRATE & COLLECTOR, 
NADIA, PIN-741101.",NAA,KRISHNANAGAR-I,"DIST. NADIA, PIN - 741101",381417.23,Three Lakh Eighty One Thousand Four Hundred Seventeen Rupees Only,8009-01-101-001-23,01-04-2021,264,01-03-2021,Super Annuation,1,,Nominees,,Wife,,,JKD-1,22-03-2021
141,12-03-2021,FD-3/ADM/FP/R-00000115/2,22-03-2021,ADM,54230,BANAMALI SARDAR,,"BANAMALI SARDAR,
VILL-BABLA SARDAR PARA, 
PO-BABLA GOBONDAPUR, PS-SANTIPUR, 
DISTRICT-NADIA, PIN-741404.",FD-3,NAAHMA001,"COLLECTOR, NADIA","THE DISTRICT MAGISTRATE, 
O/O THE DISTRICT MAGISTRATE & COLLECTOR, 
NADIA, PIN-741101.",NAA,KRISHNANAGAR-I,"DIST. NADIA, PIN - 741101",381417.23,Three Lakh Eighty One Thousand Four Hundred Seventeen Rupees Only,8009-01-101-001-23,01-04-2021,264,01-03-2021,Super Annuation,1,,Nominees,,Wife,,,JKD-1,22-03-2021
141,12-03-2021,FD-3/ADM/FP/R-00000115/3,22-03-2021,ADM,54230,BANAMALI SARDAR,,"BANAMALI SARDAR,
VILL-BABLA SARDAR PARA, 
PO-BABLA GOBONDAPUR, PS-SANTIPUR, 
DISTRICT-NADIA, PIN-741404.",FD-3,NAAHMA001,"COLLECTOR, NADIA","THE DISTRICT MAGISTRATE, 
O/O THE DISTRICT MAGISTRATE & COLLECTOR, 
NADIA, PIN-741101.",NAA,KRISHNANAGAR-I,"DIST. NADIA, PIN - 741101",381417.23,Three Lakh Eighty One Thousand Four Hundred Seventeen Rupees Only,8009-01-101-001-23,01-04-2021,264,01-03-2021,Super Annuation,1,,Nominees,,Wife,,,JKD-1,22-03-2021
142,12-03-2021,FD-3/ADM/FP/R-00000108/1,17-03-2021,ADM,64364,TAPAS KR. GANGOPADHYAY,TAPAS KUMAR GANGOPADHYAY,"TAPAS KUMAR GANGOPADHYAY, 
A-28, UTTARAYAN SARANI, 
NOWDAPARA, KOL-57.",FD-3,CABCIA001,"ASST.SECY,COMMERCE  AND  INDUSTRIES DEPTT.","THE OSD & DDO, 
DEPT. OF INDUSTRY, 
COMMERCE & ENTERPRISES, 
4 CAMAC STREET, KOL-16.",CAB,CAL PAO-I,"81/2/2 PHEARS LANE, PIN - 700012",540337.17,Five Lakh Forty Thousand Three Hundred Thirty Seven Rupees Only,8009-01-101-001-23,01-04-2021,272,22-02-2021,Super Annuation,1,,Nominees,,Wife,,,JKD-1,17-03-2021
142,12-03-2021,FD-3/ADM/FP/R-00000108/2,17-03-2021,ADM,64364,TAPAS KR. GANGOPADHYAY,TAPAS KUMAR GANGOPADHYAY,"TAPAS KUMAR GANGOPADHYAY, 
A-28, UTTARAYAN SARANI, 
NOWDAPARA, KOL-57.",FD-3,CABCIA001,"ASST.SECY,COMMERCE  AND  INDUSTRIES DEPTT.","THE OSD & DDO, 
DEPT. OF INDUSTRY, 
COMMERCE & ENTERPRISES, 
4 CAMAC STREET, KOL-16.",CAB,CAL PAO-I,"81/2/2 PHEARS LANE, PIN - 700012",540337.17,Five Lakh Forty Thousand Three Hundred Thirty Seven Rupees Only,8009-01-101-001-23,01-04-2021,272,22-02-2021,Super Annuation,1,,Nominees,,Wife,,,JKD-1,17-03-2021
142,12-03-2021,FD-3/ADM/FP/R-00000108/3,17-03-2021,ADM,64364,TAPAS KR. GANGOPADHYAY,TAPAS KUMAR GANGOPADHYAY,"TAPAS KUMAR GANGOPADHYAY, 
A-28, UTTARAYAN SARANI, 
NOWDAPARA, KOL-57.",FD-3,CABCIA001,"ASST.SECY,COMMERCE  AND  INDUSTRIES DEPTT.","THE OSD & DDO, 
DEPT. OF INDUSTRY, 
COMMERCE & ENTERPRISES, 
4 CAMAC STREET, KOL-16.",CAB,CAL PAO-I,"81/2/2 PHEARS LANE, PIN - 700012",540337.17,Five Lakh Forty Thousand Three Hundred Thirty Seven Rupees Only,8009-01-101-001-23,01-04-2021,272,22-02-2021,Super Annuation,1,,Nominees,,Wife,,,JKD-1,17-03-2021
143,12-03-2021,FD-3/ADM/FP/R-00000116/1,22-03-2021,ADM,82667,GORA CHAND PAUL,,"GORA CHAND PAUL, 
HATIARA, ROYPARA, RAJRHAT, 
NEW TOWN, PO-HATIARA, 
KOL-157.",FD-3,CABLRA004,REGISTRAR & D.D.O.L & L.R.DEPTT.W.B.,"THE ASSISTANT SECRETARY &DDO, 
L&LR & RR&R DEPT., 
NABANNA, 6TH FLOOR, 
HOWRAH-711102.",CAB,CAL PAO-I,"81/2/2 PHEARS LANE, PIN - 700012",1569823.32,Fifteen Lakh Sixty Nine Thousand Eight Hundred Twenty Three Rupees Only,8009-01-101-001-23,01-04-2021,686,04-03-2021,Super Annuation,1,,Nominees,,Wife,,,JKD-1,22-03-2021
143,12-03-2021,FD-3/ADM/FP/R-00000116/2,22-03-2021,ADM,82667,GORA CHAND PAUL,,"GORA CHAND PAUL, 
HATIARA, ROYPARA, RAJRHAT, 
NEW TOWN, PO-HATIARA, 
KOL-157.",FD-3,CABLRA004,REGISTRAR & D.D.O.L & L.R.DEPTT.W.B.,"THE ASSISTANT SECRETARY &DDO, 
L&LR & RR&R DEPT., 
NABANNA, 6TH FLOOR, 
HOWRAH-711102.",CAB,CAL PAO-I,"81/2/2 PHEARS LANE, PIN - 700012",1569823.32,Fifteen Lakh Sixty Nine Thousand Eight Hundred Twenty Three Rupees Only,8009-01-101-001-23,01-04-2021,686,04-03-2021,Super Annuation,1,,Nominees,,Wife,,,JKD-1,22-03-2021
143,12-03-2021,FD-3/ADM/FP/R-00000116/3,22-03-2021,ADM,82667,GORA CHAND PAUL,,"GORA CHAND PAUL, 
HATIARA, ROYPARA, RAJRHAT, 
NEW TOWN, PO-HATIARA, 
KOL-157.",FD-3,CABLRA004,REGISTRAR & D.D.O.L & L.R.DEPTT.W.B.,"THE ASSISTANT SECRETARY &DDO, 
L&LR & RR&R DEPT., 
NABANNA, 6TH FLOOR, 
HOWRAH-711102.",CAB,CAL PAO-I,"81/2/2 PHEARS LANE, PIN - 700012",1569823.32,Fifteen Lakh Sixty Nine Thousand Eight Hundred Twenty Three Rupees Only,8009-01-101-001-23,01-04-2021,686,04-03-2021,Super Annuation,1,,Nominees,,Wife,,,JKD-1,22-03-2021
144,12-03-2021,FD-3/ADM/FP/R-00000110/1,17-03-2021,ADM,78568,TAPAN KUMAR KARMAKAR,,"TAPAN KUMAR KARMAKAR,
SAHID KHUDIRAM COLONY, 
NABA BADI ( NEAR ) D.N. KOKE OVEN, DURGAPUR-2, 
DIST- PASCHIM BARDHAMAN.",FD-3,BUELRR001,S.D.L&L.R.O DGP,"THE SDL & LRO,
O/O THE SUB-DIVISIONAL LAND & LAND REFORMS OFFICER, DURGAPUR-713216
DIST- BURDWAN",BUE,DURGAPUR,"DIST. BURDWAN, PIN - 713201",1437603.83,Fourteen Lakh Thirty Seven Thousand Six Hundred Three Rupees Only,8009-01-101-001-23,01-04-2021,115,02-03-2021,Super Annuation,1,,Nominees,,Wife,,,JKD-1,17-03-2021
144,12-03-2021,FD-3/ADM/FP/R-00000110/2,17-03-2021,ADM,78568,TAPAN KUMAR KARMAKAR,,"TAPAN KUMAR KARMAKAR,
SAHID KHUDIRAM COLONY, 
NABA BADI ( NEAR ) D.N. KOKE OVEN, DURGAPUR-2, 
DIST- PASCHIM BARDHAMAN.",FD-3,BUELRR001,S.D.L&L.R.O DGP,"THE SDL & LRO,
O/O THE SUB-DIVISIONAL LAND & LAND REFORMS OFFICER, DURGAPUR-713216
DIST- BURDWAN",BUE,DURGAPUR,"DIST. BURDWAN, PIN - 713201",1437603.83,Fourteen Lakh Thirty Seven Thousand Six Hundred Three Rupees Only,8009-01-101-001-23,01-04-2021,115,02-03-2021,Super Annuation,1,,Nominees,,Wife,,,JKD-1,17-03-2021
144,12-03-2021,FD-3/ADM/FP/R-00000110/3,17-03-2021,ADM,78568,TAPAN KUMAR KARMAKAR,,"TAPAN KUMAR KARMAKAR,
SAHID KHUDIRAM COLONY, 
NABA BADI ( NEAR ) D.N. KOKE OVEN, DURGAPUR-2, 
DIST- PASCHIM BARDHAMAN.",FD-3,BUELRR001,S.D.L&L.R.O DGP,"THE SDL & LRO,
O/O THE SUB-DIVISIONAL LAND & LAND REFORMS OFFICER, DURGAPUR-713216
DIST- BURDWAN",BUE,DURGAPUR,"DIST. BURDWAN, PIN - 713201",1437603.83,Fourteen Lakh Thirty Seven Thousand Six Hundred Three Rupees Only,8009-01-101-001-23,01-04-2021,115,02-03-2021,Super Annuation,1,,Nominees,,Wife,,,JKD-1,17-03-2021
145,15-03-2021,FD-17/ADM/FP/R-00000097/1,17-03-2021,ADM,68515,TARUN DEY SARKAR,,"Sri Tarun Dey Sarkar,
P.V.N.N. Road (Bye Lane),
Ward No-18,
Opposite Of LIC Office,
Po+Dist-Coochbehar-
Pin-736101.",FD-17,COBLRR002,"S.R.O II & D.D.O S.D.L & L.R.O(S) ,COB","The S.R.O II & D.D.O,
O/o-The Sub-Divisional Land & Land Reforms Office,
Sagar Dighi Complex,P.O-Coochbehar,
Dist-Coochbehar
Pin -736101.",COB,COOCHBEHAR-II,"DIST. COOCH BEHAR, PIN - 736101",886573.69,Eight Lakh Eighty Six Thousand Five Hundred Seventy Three Rupees Only,8009-01-101-001-23,01-05-2021,187,26-02-2021,Super Annuation,1,,Nominees,,Wife,,,JKD-1,17-03-2021
145,15-03-2021,FD-17/ADM/FP/R-00000097/2,17-03-2021,ADM,68515,TARUN DEY SARKAR,,"Sri Tarun Dey Sarkar,
P.V.N.N. Road (Bye Lane),
Ward No-18,
Opposite Of LIC Office,
Po+Dist-Coochbehar-
Pin-736101.",FD-17,COBLRR002,"S.R.O II & D.D.O S.D.L & L.R.O(S) ,COB","The S.R.O II & D.D.O,
O/o-The Sub-Divisional Land & Land Reforms Office,
Sagar Dighi Complex,P.O-Coochbehar,
Dist-Coochbehar
Pin -736101.",COB,COOCHBEHAR-II,"DIST. COOCH BEHAR, PIN - 736101",886573.69,Eight Lakh Eighty Six Thousand Five Hundred Seventy Three Rupees Only,8009-01-101-001-23,01-05-2021,187,26-02-2021,Super Annuation,1,,Nominees,,Wife,,,JKD-1,17-03-2021
145,15-03-2021,FD-17/ADM/FP/R-00000097/3,17-03-2021,ADM,68515,TARUN DEY SARKAR,,"Sri Tarun Dey Sarkar,
P.V.N.N. Road (Bye Lane),
Ward No-18,
Opposite Of LIC Office,
Po+Dist-Coochbehar-
Pin-736101.",FD-17,COBLRR002,"S.R.O II & D.D.O S.D.L & L.R.O(S) ,COB","The S.R.O II & D.D.O,
O/o-The Sub-Divisional Land & Land Reforms Office,
Sagar Dighi Complex,P.O-Coochbehar,
Dist-Coochbehar
Pin -736101.",COB,COOCHBEHAR-II,"DIST. COOCH BEHAR, PIN - 736101",886573.69,Eight Lakh Eighty Six Thousand Five Hundred Seventy Three Rupees Only,8009-01-101-001-23,01-05-2021,187,26-02-2021,Super Annuation,1,,Nominees,,Wife,,,JKD-1,17-03-2021
146,15-03-2021,FD-17/ADM/FP/R-00000098/1,17-03-2021,ADM,78284,SUBRATA KR. BANDYOPADHYAY,Subrata Kumar Bandyopadhyay,"Sri Subrata Kumar Bandyopadhyay,
Vill-Baidyapur, Po-Tenya  Ps-Salar,
Dist-Murshidabad,
Pin-742137.",FD-17,MUDLRR001,"S.R.O.II D.D.O.S,D,L,&L.R.O.KANDI.","The SRO-II & D.D.O.
O/o the Sub-Divisional Land & Land Reforms Officer,
Kandi,  Murshidabad,
Administrative Building,  Po+Ps-Kandi,
Dist-Murshidabad,
Pin-742137.",MUD,KANDI,"DIST. MURSHIDABAD, PIN - 742137",719069.03,Seven Lakh Nineteen Thousand Sixty Nine Rupees Only,8009-01-101-001-23,01-05-2021,161,01-03-2021,Super Annuation,1,,Nominees,,Wife,,,JKD-1,17-03-2021
146,15-03-2021,FD-17/ADM/FP/R-00000098/2,17-03-2021,ADM,78284,SUBRATA KR. BANDYOPADHYAY,Subrata Kumar Bandyopadhyay,"Sri Subrata Kumar Bandyopadhyay,
Vill-Baidyapur, Po-Tenya  Ps-Salar,
Dist-Murshidabad,
Pin-742137.",FD-17,MUDLRR001,"S.R.O.II D.D.O.S,D,L,&L.R.O.KANDI.","The SRO-II & D.D.O.
O/o the Sub-Divisional Land & Land Reforms Officer,
Kandi,  Murshidabad,
Administrative Building,  Po+Ps-Kandi,
Dist-Murshidabad,
Pin-742137.",MUD,KANDI,"DIST. MURSHIDABAD, PIN - 742137",719069.03,Seven Lakh Nineteen Thousand Sixty Nine Rupees Only,8009-01-101-001-23,01-05-2021,161,01-03-2021,Super Annuation,1,,Nominees,,Wife,,,JKD-1,17-03-2021
146,15-03-2021,FD-17/ADM/FP/R-00000098/3,17-03-2021,ADM,78284,SUBRATA KR. BANDYOPADHYAY,Subrata Kumar Bandyopadhyay,"Sri Subrata Kumar Bandyopadhyay,
Vill-Baidyapur, Po-Tenya  Ps-Salar,
Dist-Murshidabad,
Pin-742137.",FD-17,MUDLRR001,"S.R.O.II D.D.O.S,D,L,&L.R.O.KANDI.","The SRO-II & D.D.O.
O/o the Sub-Divisional Land & Land Reforms Officer,
Kandi,  Murshidabad,
Administrative Building,  Po+Ps-Kandi,
Dist-Murshidabad,
Pin-742137.",MUD,KANDI,"DIST. MURSHIDABAD, PIN - 742137",719069.03,Seven Lakh Nineteen Thousand Sixty Nine Rupees Only,8009-01-101-001-23,01-05-2021,161,01-03-2021,Super Annuation,1,,Nominees,,Wife,,,JKD-1,17-03-2021
147,15-03-2021,FD-17/ADM/FP/R-00000102/1,17-03-2021,ADM,79224,NAZRUL SAIKH,," Nazrul Seikh,
Vill+Po-Benipur,
Ps-Kandi, Dist-Murshidabad,
Pin-742140.",FD-17,MUDLRR001,"S.R.O.II D.D.O.S,D,L,&L.R.O.KANDI.","The SRO-II & D.D.O.,
O/o-Sub Divisional Land & Land Reforms Officer,
Kandi,  Administrative Building,  Po+ps-Kandi,
Dist-Murshidabad,
Pin-742137.
",MUD,KANDI,"DIST. MURSHIDABAD, PIN - 742137",557758.81,Five Lakh Fifty Seven Thousand Seven Hundred Fifty Eight Rupees Only,8009-01-101-001-23,01-04-2021,160,01-03-2021,Super Annuation,1,,Nominees,,Wife,,,JKD-1,17-03-2021
147,15-03-2021,FD-17/ADM/FP/R-00000102/2,17-03-2021,ADM,79224,NAZRUL SAIKH,," Nazrul Seikh,
Vill+Po-Benipur,
Ps-Kandi, Dist-Murshidabad,
Pin-742140.",FD-17,MUDLRR001,"S.R.O.II D.D.O.S,D,L,&L.R.O.KANDI.","The SRO-II & D.D.O.,
O/o-Sub Divisional Land & Land Reforms Officer,
Kandi,  Administrative Building,  Po+ps-Kandi,
Dist-Murshidabad,
Pin-742137.
",MUD,KANDI,"DIST. MURSHIDABAD, PIN - 742137",557758.81,Five Lakh Fifty Seven Thousand Seven Hundred Fifty Eight Rupees Only,8009-01-101-001-23,01-04-2021,160,01-03-2021,Super Annuation,1,,Nominees,,Wife,,,JKD-1,17-03-2021
147,15-03-2021,FD-17/ADM/FP/R-00000102/3,17-03-2021,ADM,79224,NAZRUL SAIKH,," Nazrul Seikh,
Vill+Po-Benipur,
Ps-Kandi, Dist-Murshidabad,
Pin-742140.",FD-17,MUDLRR001,"S.R.O.II D.D.O.S,D,L,&L.R.O.KANDI.","The SRO-II & D.D.O.,
O/o-Sub Divisional Land & Land Reforms Officer,
Kandi,  Administrative Building,  Po+ps-Kandi,
Dist-Murshidabad,
Pin-742137.
",MUD,KANDI,"DIST. MURSHIDABAD, PIN - 742137",557758.81,Five Lakh Fifty Seven Thousand Seven Hundred Fifty Eight Rupees Only,8009-01-101-001-23,01-04-2021,160,01-03-2021,Super Annuation,1,,Nominees,,Wife,,,JKD-1,17-03-2021
148,15-03-2021,FD-17/ADM/FP/R-00000111/1,22-03-2021,ADM,83748,PANCHU GOPAL MONDAL,,"Sri Panchu Gopal Mondal,
Vill-Purbasha (Near Kalyan Sangha)
Po-Nawabganj,Ps-Noapara,
Dist-North 24 Paraganas-743144.",FD-17,CAFIWA015,"REGISTRAR,I.& W.DEPTT.","The Joint Secretary,
O/o-Irrigation & Waterways Department,
Jalasampad Bhavan, 3rd Floor, Western Block,
Bidhannagar, Salt Lake City, Kolkata-700091.",CAF,CAL PAO -III,"SUBHANNA, S.G.O. COMPLEX, 5TH. AND 6TH. FLOOR, BIDHANNAGAR, PIN - 700064",161433.4,One Lakh Sixty One Thousand Four Hundred Thirty Three Rupees Only,8009-01-101-001-23,,473,24-02-2021,Super Annuation,1,,Nominees,,Wife,,,JKD-1,22-03-2021
148,15-03-2021,FD-17/ADM/FP/R-00000111/2,22-03-2021,ADM,83748,PANCHU GOPAL MONDAL,,"Sri Panchu Gopal Mondal,
Vill-Purbasha (Near Kalyan Sangha)
Po-Nawabganj,Ps-Noapara,
Dist-North 24 Paraganas-743144.",FD-17,CAFIWA015,"REGISTRAR,I.& W.DEPTT.","The Joint Secretary,
O/o-Irrigation & Waterways Department,
Jalasampad Bhavan, 3rd Floor, Western Block,
Bidhannagar, Salt Lake City, Kolkata-700091.",CAF,CAL PAO -III,"SUBHANNA, S.G.O. COMPLEX, 5TH. AND 6TH. FLOOR, BIDHANNAGAR, PIN - 700064",161433.4,One Lakh Sixty One Thousand Four Hundred Thirty Three Rupees Only,8009-01-101-001-23,,473,24-02-2021,Super Annuation,1,,Nominees,,Wife,,,JKD-1,22-03-2021
148,15-03-2021,FD-17/ADM/FP/R-00000111/3,22-03-2021,ADM,83748,PANCHU GOPAL MONDAL,,"Sri Panchu Gopal Mondal,
Vill-Purbasha (Near Kalyan Sangha)
Po-Nawabganj,Ps-Noapara,
Dist-North 24 Paraganas-743144.",FD-17,CAFIWA015,"REGISTRAR,I.& W.DEPTT.","The Joint Secretary,
O/o-Irrigation & Waterways Department,
Jalasampad Bhavan, 3rd Floor, Western Block,
Bidhannagar, Salt Lake City, Kolkata-700091.",CAF,CAL PAO -III,"SUBHANNA, S.G.O. COMPLEX, 5TH. AND 6TH. FLOOR, BIDHANNAGAR, PIN - 700064",161433.4,One Lakh Sixty One Thousand Four Hundred Thirty Three Rupees Only,8009-01-101-001-23,,473,24-02-2021,Super Annuation,1,,Nominees,,Wife,,,JKD-1,22-03-2021
149,15-03-2021,FD-17/ADM/FP/R-00000099/1,17-03-2021,ADM,63444,SWAPAN HALDER,,"SMT. MAMATA HALDER.         
BHAGIRATH PALACE,FLAT NO.1B,
107,N.K.BANERJEE STREET,RISHRA
DIST.-HOOGHLY, PIN-712248.",FD-17,DADFNC007,"RANGE OFFICER AND DDO, CENTRAL SECTION, SILIGURI ","The Range Officer & DDO, 
O/o the Special Commissioner, State GST, 
Bureau of Investigation,North Bengal H.Q. Central Secetion, 
Siliguri,Parivahan Nagar,Matigara,Darjeeling.Pin-734010.",DAD,SILIGURI-I,"DIST. DARJEELING, PIN - 734001",3294229.76,Thirty Two Lakh Ninety Four Thousand Two Hundred Twenty Nine Rupees Only,8009-01-101-001-23,01-04-2021,1129,18-02-2021,Death,3,Smt. Mamata Halder,Other than family detail,,Son,,,JKD-1,17-03-2021
149,15-03-2021,FD-17/ADM/FP/R-00000099/2,17-03-2021,ADM,63444,SWAPAN HALDER,,"SMT. MAMATA HALDER.         
BHAGIRATH PALACE,FLAT NO.1B,
107,N.K.BANERJEE STREET,RISHRA
DIST.-HOOGHLY, PIN-712248.",FD-17,DADFNC007,"RANGE OFFICER AND DDO, CENTRAL SECTION, SILIGURI ","The Range Officer & DDO, 
O/o the Special Commissioner, State GST, 
Bureau of Investigation,North Bengal H.Q. Central Secetion, 
Siliguri,Parivahan Nagar,Matigara,Darjeeling.Pin-734010.",DAD,SILIGURI-I,"DIST. DARJEELING, PIN - 734001",3294229.76,Thirty Two Lakh Ninety Four Thousand Two Hundred Twenty Nine Rupees Only,8009-01-101-001-23,01-04-2021,1129,18-02-2021,Death,3,Smt. Mamata Halder,Other than family detail,,Son,,,JKD-1,17-03-2021
149,15-03-2021,FD-17/ADM/FP/R-00000099/3,17-03-2021,ADM,63444,SWAPAN HALDER,,"SMT. MAMATA HALDER.         
BHAGIRATH PALACE,FLAT NO.1B,
107,N.K.BANERJEE STREET,RISHRA
DIST.-HOOGHLY, PIN-712248.",FD-17,DADFNC007,"RANGE OFFICER AND DDO, CENTRAL SECTION, SILIGURI ","The Range Officer & DDO, 
O/o the Special Commissioner, State GST, 
Bureau of Investigation,North Bengal H.Q. Central Secetion, 
Siliguri,Parivahan Nagar,Matigara,Darjeeling.Pin-734010.",DAD,SILIGURI-I,"DIST. DARJEELING, PIN - 734001",3294229.76,Thirty Two Lakh Ninety Four Thousand Two Hundred Twenty Nine Rupees Only,8009-01-101-001-23,01-04-2021,1129,18-02-2021,Death,3,Smt. Mamata Halder,Other than family detail,,Son,,,JKD-1,17-03-2021
150,15-03-2021,FD-17/ADM/FP/R-00000100/1,17-03-2021,ADM,78268,SANDIP KUMAR DAS,,"Sri Sandip Kumar Das,
Vill. & P.O. Gokarna, P.S. Kandi,
Dist. Murshidabad, Pin-742136.",FD-17,MUDLRR001,"S.R.O.II D.D.O.S,D,L,&L.R.O.KANDI.","The SRO-II & DDO,
O/o The Sub Divisional Land & Reforms Officer,
Kandi , Murshidabad 
Administrative Building, P.O.& P.S. Kandi,
Dist. Murshidabad, Pin-742137.",MUD,KANDI,"DIST. MURSHIDABAD, PIN - 742137",734413.77,Seven Lakh Thirty Four Thousand Four Hundred Thirteen Rupees Only,8009-01-101-001-23,01-04-2021,170,03-03-2021,Super Annuation,1,,Nominees,,Wife,,,JKD-1,17-03-2021
150,15-03-2021,FD-17/ADM/FP/R-00000100/2,17-03-2021,ADM,78268,SANDIP KUMAR DAS,,"Sri Sandip Kumar Das,
Vill. & P.O. Gokarna, P.S. Kandi,
Dist. Murshidabad, Pin-742136.",FD-17,MUDLRR001,"S.R.O.II D.D.O.S,D,L,&L.R.O.KANDI.","The SRO-II & DDO,
O/o The Sub Divisional Land & Reforms Officer,
Kandi , Murshidabad 
Administrative Building, P.O.& P.S. Kandi,
Dist. Murshidabad, Pin-742137.",MUD,KANDI,"DIST. MURSHIDABAD, PIN - 742137",734413.77,Seven Lakh Thirty Four Thousand Four Hundred Thirteen Rupees Only,8009-01-101-001-23,01-04-2021,170,03-03-2021,Super Annuation,1,,Nominees,,Wife,,,JKD-1,17-03-2021
150,15-03-2021,FD-17/ADM/FP/R-00000100/3,17-03-2021,ADM,78268,SANDIP KUMAR DAS,,"Sri Sandip Kumar Das,
Vill. & P.O. Gokarna, P.S. Kandi,
Dist. Murshidabad, Pin-742136.",FD-17,MUDLRR001,"S.R.O.II D.D.O.S,D,L,&L.R.O.KANDI.","The SRO-II & DDO,
O/o The Sub Divisional Land & Reforms Officer,
Kandi , Murshidabad 
Administrative Building, P.O.& P.S. Kandi,
Dist. Murshidabad, Pin-742137.",MUD,KANDI,"DIST. MURSHIDABAD, PIN - 742137",734413.77,Seven Lakh Thirty Four Thousand Four Hundred Thirteen Rupees Only,8009-01-101-001-23,01-04-2021,170,03-03-2021,Super Annuation,1,,Nominees,,Wife,,,JKD-1,17-03-2021
151,16-03-2021,FD-3/ADM/FP/R-00000124/1,23-03-2021,ADM,82820,KARTICK CHANDRA DEY,,"KARTICK CHANDRA DEY,
SASTITALA, DUTTAPUKUR, N 24 PGS,
WB-743248.",FD-3,CABHRA001,"REGISTRAR, P.  AND  A. R  DEPTT.","THE REGISTRAR & DDO, DEPTT. OF P& AR,
ESTB. CELL, PENSION WING, NABANNA, 
7TH FLOOR, ROOM NO-706, 
325, S.C. ROAD, SHIBPUR, 
HOWRAH-711102.",CAB,CAL PAO-I,"81/2/2 PHEARS LANE, PIN - 700012",1313866.21,Thirteen Lakh Thirteen Thousand Eight Hundred Sixty Six Rupees Only,8009-01-101-001-23,,222,02-03-2021,Super Annuation,1,,Nominees,,Wife,,,JKD-1,23-03-2021
151,16-03-2021,FD-3/ADM/FP/R-00000124/2,23-03-2021,ADM,82820,KARTICK CHANDRA DEY,,"KARTICK CHANDRA DEY,
SASTITALA, DUTTAPUKUR, N 24 PGS,
WB-743248.",FD-3,CABHRA001,"REGISTRAR, P.  AND  A. R  DEPTT.","THE REGISTRAR & DDO, DEPTT. OF P& AR,
ESTB. CELL, PENSION WING, NABANNA, 
7TH FLOOR, ROOM NO-706, 
325, S.C. ROAD, SHIBPUR, 
HOWRAH-711102.",CAB,CAL PAO-I,"81/2/2 PHEARS LANE, PIN - 700012",1313866.21,Thirteen Lakh Thirteen Thousand Eight Hundred Sixty Six Rupees Only,8009-01-101-001-23,,222,02-03-2021,Super Annuation,1,,Nominees,,Wife,,,JKD-1,23-03-2021
151,16-03-2021,FD-3/ADM/FP/R-00000124/3,23-03-2021,ADM,82820,KARTICK CHANDRA DEY,,"KARTICK CHANDRA DEY,
SASTITALA, DUTTAPUKUR, N 24 PGS,
WB-743248.",FD-3,CABHRA001,"REGISTRAR, P.  AND  A. R  DEPTT.","THE REGISTRAR & DDO, DEPTT. OF P& AR,
ESTB. CELL, PENSION WING, NABANNA, 
7TH FLOOR, ROOM NO-706, 
325, S.C. ROAD, SHIBPUR, 
HOWRAH-711102.",CAB,CAL PAO-I,"81/2/2 PHEARS LANE, PIN - 700012",1313866.21,Thirteen Lakh Thirteen Thousand Eight Hundred Sixty Six Rupees Only,8009-01-101-001-23,,222,02-03-2021,Super Annuation,1,,Nominees,,Wife,,,JKD-1,23-03-2021
152,16-03-2021,FD-3/ADM/FP/R-00000134/1,25-03-2021,ADM,77000,HAPNA HANSDA,,"HAPNA HANSDA, 
VILL-DULKI, PO& PS-BELPAHARI, 
DIST-JHARGRAM,
PIN-721501.",FD-3,CABHRA001,"REGISTRAR, P.  AND  A. R  DEPTT.","REGISTRAR & DDO, P. & A.R. DEPTT.,
ESTB. CELL, PENSION WING, NABANNA, 
7 TH FLOOR, ROOM NO-706, 325, S.C. ROAD, 
HOWRAH-711102.",CAB,CAL PAO-I,"81/2/2 PHEARS LANE, PIN - 700012",104730.79,One Lakh Four Thousand Seven Hundred Thirty Rupees Only,8009-01-101-001-23,01-04-2021,227,03-03-2021,Super Annuation,1,,Nominees,,Wife,,,JKD-1,25-03-2021
152,16-03-2021,FD-3/ADM/FP/R-00000134/2,25-03-2021,ADM,77000,HAPNA HANSDA,,"HAPNA HANSDA, 
VILL-DULKI, PO& PS-BELPAHARI, 
DIST-JHARGRAM,
PIN-721501.",FD-3,CABHRA001,"REGISTRAR, P.  AND  A. R  DEPTT.","REGISTRAR & DDO, P. & A.R. DEPTT.,
ESTB. CELL, PENSION WING, NABANNA, 
7 TH FLOOR, ROOM NO-706, 325, S.C. ROAD, 
HOWRAH-711102.",CAB,CAL PAO-I,"81/2/2 PHEARS LANE, PIN - 700012",104730.79,One Lakh Four Thousand Seven Hundred Thirty Rupees Only,8009-01-101-001-23,01-04-2021,227,03-03-2021,Super Annuation,1,,Nominees,,Wife,,,JKD-1,25-03-2021
152,16-03-2021,FD-3/ADM/FP/R-00000134/3,25-03-2021,ADM,77000,HAPNA HANSDA,,"HAPNA HANSDA, 
VILL-DULKI, PO& PS-BELPAHARI, 
DIST-JHARGRAM,
PIN-721501.",FD-3,CABHRA001,"REGISTRAR, P.  AND  A. R  DEPTT.","REGISTRAR & DDO, P. & A.R. DEPTT.,
ESTB. CELL, PENSION WING, NABANNA, 
7 TH FLOOR, ROOM NO-706, 325, S.C. ROAD, 
HOWRAH-711102.",CAB,CAL PAO-I,"81/2/2 PHEARS LANE, PIN - 700012",104730.79,One Lakh Four Thousand Seven Hundred Thirty Rupees Only,8009-01-101-001-23,01-04-2021,227,03-03-2021,Super Annuation,1,,Nominees,,Wife,,,JKD-1,25-03-2021
153,16-03-2021,FD-3/ADM/FP/R-00000126/1,23-03-2021,ADM,64336,JAWED AHMED KHAN,,"JAWED AHMED KHAN, 
75, PHEARS LANE, PO-C.R. AVENUE, 
P.S. - BOWBAZAR, KOL-700073.",FD-3,CABHMA001,"D.D.O./ASTT.SECRETARY,HOME DEPTT.","THE ACCOUNTS OFFICER & EX-OFFICIO DEPUTY SECRETARY,
INFORMATION & CULTURAL AFFAIRS DEPTT, BLOCK-V,
3RD FLOOR, WRITERS' BUILDINGS, 
KOL-700001.",CAB,CAL PAO-I,"81/2/2 PHEARS LANE, PIN - 700012",805396.71,Eight Lakh Five Thousand Three Hundred Ninety Six Rupees Only,8009-01-101-001-23,01-04-2021,455,04-03-2021,Super Annuation,1,,Nominees,,Wife,,,JKD-1,23-03-2021
153,16-03-2021,FD-3/ADM/FP/R-00000126/2,23-03-2021,ADM,64336,JAWED AHMED KHAN,,"JAWED AHMED KHAN, 
75, PHEARS LANE, PO-C.R. AVENUE, 
P.S. - BOWBAZAR, KOL-700073.",FD-3,CABHMA001,"D.D.O./ASTT.SECRETARY,HOME DEPTT.","THE ACCOUNTS OFFICER & EX-OFFICIO DEPUTY SECRETARY,
INFORMATION & CULTURAL AFFAIRS DEPTT, BLOCK-V,
3RD FLOOR, WRITERS' BUILDINGS, 
KOL-700001.",CAB,CAL PAO-I,"81/2/2 PHEARS LANE, PIN - 700012",805396.71,Eight Lakh Five Thousand Three Hundred Ninety Six Rupees Only,8009-01-101-001-23,01-04-2021,455,04-03-2021,Super Annuation,1,,Nominees,,Wife,,,JKD-1,23-03-2021
153,16-03-2021,FD-3/ADM/FP/R-00000126/3,23-03-2021,ADM,64336,JAWED AHMED KHAN,,"JAWED AHMED KHAN, 
75, PHEARS LANE, PO-C.R. AVENUE, 
P.S. - BOWBAZAR, KOL-700073.",FD-3,CABHMA001,"D.D.O./ASTT.SECRETARY,HOME DEPTT.","THE ACCOUNTS OFFICER & EX-OFFICIO DEPUTY SECRETARY,
INFORMATION & CULTURAL AFFAIRS DEPTT, BLOCK-V,
3RD FLOOR, WRITERS' BUILDINGS, 
KOL-700001.",CAB,CAL PAO-I,"81/2/2 PHEARS LANE, PIN - 700012",805396.71,Eight Lakh Five Thousand Three Hundred Ninety Six Rupees Only,8009-01-101-001-23,01-04-2021,455,04-03-2021,Super Annuation,1,,Nominees,,Wife,,,JKD-1,23-03-2021
154,16-03-2021,FD-3/ADM/FP/R-00000123/1,23-03-2021,ADM,72661,TAPAS CHOWDHURY,,"PAMPA CHWDHURY, 
VILL+PO-KHANTURA, PS-GOBARDANGA, 
DIST-N 24 PGS, PIN-743273.",FD-3,CACPWA002,"A.O. AND E.O.DY.SECY.,P.W.D.","THE ACCOUNTS OFFICER & EX-OFFICIO DEPUTY SECRETARY, 
PUBLIC WORKS DEPARTMENT, 
11A, MIRZA GALLIB STREET,GENERAL BRANCH,
KOL-87.",CAC,CAL PAO-II,"P-1, HYDE LANE, PIN - 700073",76365.25,Seventy Six Thousand Three Hundred Sixty Five Rupees Only,8009-01-101-001-23,,86,03-03-2021,Death,3,SMT.PAMPA CHOWDHURY,Other than family detail,,Son,,,JKD-1,23-03-2021
154,16-03-2021,FD-3/ADM/FP/R-00000123/2,23-03-2021,ADM,72661,TAPAS CHOWDHURY,,"PAMPA CHWDHURY, 
VILL+PO-KHANTURA, PS-GOBARDANGA, 
DIST-N 24 PGS, PIN-743273.",FD-3,CACPWA002,"A.O. AND E.O.DY.SECY.,P.W.D.","THE ACCOUNTS OFFICER & EX-OFFICIO DEPUTY SECRETARY, 
PUBLIC WORKS DEPARTMENT, 
11A, MIRZA GALLIB STREET,GENERAL BRANCH,
KOL-87.",CAC,CAL PAO-II,"P-1, HYDE LANE, PIN - 700073",76365.25,Seventy Six Thousand Three Hundred Sixty Five Rupees Only,8009-01-101-001-23,,86,03-03-2021,Death,3,SMT.PAMPA CHOWDHURY,Other than family detail,,Son,,,JKD-1,23-03-2021
154,16-03-2021,FD-3/ADM/FP/R-00000123/3,23-03-2021,ADM,72661,TAPAS CHOWDHURY,,"PAMPA CHWDHURY, 
VILL+PO-KHANTURA, PS-GOBARDANGA, 
DIST-N 24 PGS, PIN-743273.",FD-3,CACPWA002,"A.O. AND E.O.DY.SECY.,P.W.D.","THE ACCOUNTS OFFICER & EX-OFFICIO DEPUTY SECRETARY, 
PUBLIC WORKS DEPARTMENT, 
11A, MIRZA GALLIB STREET,GENERAL BRANCH,
KOL-87.",CAC,CAL PAO-II,"P-1, HYDE LANE, PIN - 700073",76365.25,Seventy Six Thousand Three Hundred Sixty Five Rupees Only,8009-01-101-001-23,,86,03-03-2021,Death,3,SMT.PAMPA CHOWDHURY,Other than family detail,,Son,,,JKD-1,23-03-2021
155,19-03-2021,FD-17/ADM/FP/R-00000132/1,25-03-2021,ADM,78140,SAIYAD ASGAR ALI,,"Saiyad Asgar Ali
Vill-Neogirat, PO-Chaluary
PS-Falta 
Dist - South 24-Paraganas
Pin-743 513",FD-17,SPCLRR001,"S.R.O.-II OF  S.D.L.& L.R. OFFICE., D/HARBOUR","The SRO II & DDO
O/o the Sub-Divisional Land & Land Reforms Officer,
Diamond Harbour 
Dist - South 24- Paraganas
Pin-743 331",SPC,DIAMOND HARBOUR,"DIST. SOUTH 24 PARGANAS, PIN - 743331",2288919.38,Twenty Two Lakh Eighty Eight Thousand Nine Hundred Nineteen Rupees Only,8009-01-101-001-23,01-06-2021,220,05-03-2021,Super Annuation,1,,Nominees,,Wife,,,JKD-1,25-03-2021
155,19-03-2021,FD-17/ADM/FP/R-00000132/2,25-03-2021,ADM,78140,SAIYAD ASGAR ALI,,"Saiyad Asgar Ali
Vill-Neogirat, PO-Chaluary
PS-Falta 
Dist - South 24-Paraganas
Pin-743 513",FD-17,SPCLRR001,"S.R.O.-II OF  S.D.L.& L.R. OFFICE., D/HARBOUR","The SRO II & DDO
O/o the Sub-Divisional Land & Land Reforms Officer,
Diamond Harbour 
Dist - South 24- Paraganas
Pin-743 331",SPC,DIAMOND HARBOUR,"DIST. SOUTH 24 PARGANAS, PIN - 743331",2288919.38,Twenty Two Lakh Eighty Eight Thousand Nine Hundred Nineteen Rupees Only,8009-01-101-001-23,01-06-2021,220,05-03-2021,Super Annuation,1,,Nominees,,Wife,,,JKD-1,25-03-2021
155,19-03-2021,FD-17/ADM/FP/R-00000132/3,25-03-2021,ADM,78140,SAIYAD ASGAR ALI,,"Saiyad Asgar Ali
Vill-Neogirat, PO-Chaluary
PS-Falta 
Dist - South 24-Paraganas
Pin-743 513",FD-17,SPCLRR001,"S.R.O.-II OF  S.D.L.& L.R. OFFICE., D/HARBOUR","The SRO II & DDO
O/o the Sub-Divisional Land & Land Reforms Officer,
Diamond Harbour 
Dist - South 24- Paraganas
Pin-743 331",SPC,DIAMOND HARBOUR,"DIST. SOUTH 24 PARGANAS, PIN - 743331",2288919.38,Twenty Two Lakh Eighty Eight Thousand Nine Hundred Nineteen Rupees Only,8009-01-101-001-23,01-06-2021,220,05-03-2021,Super Annuation,1,,Nominees,,Wife,,,JKD-1,25-03-2021
156,19-03-2021,FD-17/ADM/FP/R-00000118/1,23-03-2021,ADM,82401,ABUBAKER SIDDIQUE,ABU BAKER SIDDIQUE,"Abu Baker Siddigue
Vill-Saptibari-2,PO-Saptibari
Ps-Maynaguri
Dist-Jalpaiguri
Pin-735224",FD-17,JABLRR002,"DDO  & SRO II, SDL & LRO(S), JALPAIGURI","The DDO & SRO II
O/o the Sub-Divisional Land & Land Reforms Officer
Sadar, Jalpaiguri, Rajbari Para
PO +Dist - Jalpaiguri
Pin-735101.",JAB,JALPAIGURI-II,"DIST. JALPAIGURI, PIN - 735101",211453.22,Two Lakh Eleven Thousand Four Hundred Fifty Three Rupees Only,8009-01-101-001-23,01-04-2021,270,04-03-2021,Super Annuation,1,,Nominees,,Wife,,,JKD-1,23-03-2021
156,19-03-2021,FD-17/ADM/FP/R-00000118/2,23-03-2021,ADM,82401,ABUBAKER SIDDIQUE,ABU BAKER SIDDIQUE,"Abu Baker Siddigue
Vill-Saptibari-2,PO-Saptibari
Ps-Maynaguri
Dist-Jalpaiguri
Pin-735224",FD-17,JABLRR002,"DDO  & SRO II, SDL & LRO(S), JALPAIGURI","The DDO & SRO II
O/o the Sub-Divisional Land & Land Reforms Officer
Sadar, Jalpaiguri, Rajbari Para
PO +Dist - Jalpaiguri
Pin-735101.",JAB,JALPAIGURI-II,"DIST. JALPAIGURI, PIN - 735101",211453.22,Two Lakh Eleven Thousand Four Hundred Fifty Three Rupees Only,8009-01-101-001-23,01-04-2021,270,04-03-2021,Super Annuation,1,,Nominees,,Wife,,,JKD-1,23-03-2021
156,19-03-2021,FD-17/ADM/FP/R-00000118/3,23-03-2021,ADM,82401,ABUBAKER SIDDIQUE,ABU BAKER SIDDIQUE,"Abu Baker Siddigue
Vill-Saptibari-2,PO-Saptibari
Ps-Maynaguri
Dist-Jalpaiguri
Pin-735224",FD-17,JABLRR002,"DDO  & SRO II, SDL & LRO(S), JALPAIGURI","The DDO & SRO II
O/o the Sub-Divisional Land & Land Reforms Officer
Sadar, Jalpaiguri, Rajbari Para
PO +Dist - Jalpaiguri
Pin-735101.",JAB,JALPAIGURI-II,"DIST. JALPAIGURI, PIN - 735101",211453.22,Two Lakh Eleven Thousand Four Hundred Fifty Three Rupees Only,8009-01-101-001-23,01-04-2021,270,04-03-2021,Super Annuation,1,,Nominees,,Wife,,,JKD-1,23-03-2021
158,19-03-2021,FD-17/ADM/FP/R-00000119/1,23-03-2021,ADM,75441,PARITOSH KUMAR HALDER,,"Sri Paritosh Halder,
Vill-2 No.Nishinrra Colony,
Po-Fararka Barrage,
Ps-Farakka,
Dist-Murshidabad,
Pin-742212.",FD-17,MUCLRR001,"SPECIAL REVENUE OFFICER GR-II & DDO,SDL & LRO, JANGIPUR","The SRO II & DDO
O/o the Sub-Divisional Land & Land Reforms Officer
Jangipur, PO - Raghunathpur
Dist - Murshidabad
Pin-742225",MUC,JANGIPUR,"DIST. MURSHIDABAD, PIN - 742213",241186.76,Two Lakh Forty One Thousand One Hundred Eighty Six Rupees Only,8009-01-101-001-23,01-05-2021,149,09-03-2021,Super Annuation,1,,Nominees,,Wife,,,JKD-1,23-03-2021
158,19-03-2021,FD-17/ADM/FP/R-00000119/2,23-03-2021,ADM,75441,PARITOSH KUMAR HALDER,,"Sri Paritosh Halder,
Vill-2 No.Nishinrra Colony,
Po-Fararka Barrage,
Ps-Farakka,
Dist-Murshidabad,
Pin-742212.",FD-17,MUCLRR001,"SPECIAL REVENUE OFFICER GR-II & DDO,SDL & LRO, JANGIPUR","The SRO II & DDO
O/o the Sub-Divisional Land & Land Reforms Officer
Jangipur, PO - Raghunathpur
Dist - Murshidabad
Pin-742225",MUC,JANGIPUR,"DIST. MURSHIDABAD, PIN - 742213",241186.76,Two Lakh Forty One Thousand One Hundred Eighty Six Rupees Only,8009-01-101-001-23,01-05-2021,149,09-03-2021,Super Annuation,1,,Nominees,,Wife,,,JKD-1,23-03-2021
158,19-03-2021,FD-17/ADM/FP/R-00000119/3,23-03-2021,ADM,75441,PARITOSH KUMAR HALDER,,"Sri Paritosh Halder,
Vill-2 No.Nishinrra Colony,
Po-Fararka Barrage,
Ps-Farakka,
Dist-Murshidabad,
Pin-742212.",FD-17,MUCLRR001,"SPECIAL REVENUE OFFICER GR-II & DDO,SDL & LRO, JANGIPUR","The SRO II & DDO
O/o the Sub-Divisional Land & Land Reforms Officer
Jangipur, PO - Raghunathpur
Dist - Murshidabad
Pin-742225",MUC,JANGIPUR,"DIST. MURSHIDABAD, PIN - 742213",241186.76,Two Lakh Forty One Thousand One Hundred Eighty Six Rupees Only,8009-01-101-001-23,01-05-2021,149,09-03-2021,Super Annuation,1,,Nominees,,Wife,,,JKD-1,23-03-2021
159,19-03-2021,FD-17/ADM/FP/R-00000112/1,22-03-2021,ADM,81953,RAMNARAYAN SARKAR,Ram Narayan Sarkar,"Sri Ramnarayan Sarkar,
Collegepara,Ward No.-21,
Po-Kharia,  Ps-Kotwali,
Dist-Jalpaiguri,
Pin-735102.",FD-17,CODLRR001,"S.R.O-II&DDO,S.D.L&L.R.O,MATHABHANGA","The S.R.O.-II,
O/o-Sub-Divisional Land & Land Reforms Officer,
Po+Ps-Mathbhanga, Dist-Coochbehar,
Pin-736146.",COD,MATHABHANGA,"DIST. COOCH BEHAR, PIN - 736146",311918.76,Three Lakh Eleven Thousand Nine Hundred Eighteen Rupees Only,8009-01-101-001-23,01-04-2021,145,01-03-2021,Super Annuation,1,,Nominees,,Wife,,,JKD-1,22-03-2021
159,19-03-2021,FD-17/ADM/FP/R-00000112/2,22-03-2021,ADM,81953,RAMNARAYAN SARKAR,Ram Narayan Sarkar,"Sri Ramnarayan Sarkar,
Collegepara,Ward No.-21,
Po-Kharia,  Ps-Kotwali,
Dist-Jalpaiguri,
Pin-735102.",FD-17,CODLRR001,"S.R.O-II&DDO,S.D.L&L.R.O,MATHABHANGA","The S.R.O.-II,
O/o-Sub-Divisional Land & Land Reforms Officer,
Po+Ps-Mathbhanga, Dist-Coochbehar,
Pin-736146.",COD,MATHABHANGA,"DIST. COOCH BEHAR, PIN - 736146",311918.76,Three Lakh Eleven Thousand Nine Hundred Eighteen Rupees Only,8009-01-101-001-23,01-04-2021,145,01-03-2021,Super Annuation,1,,Nominees,,Wife,,,JKD-1,22-03-2021
159,19-03-2021,FD-17/ADM/FP/R-00000112/3,22-03-2021,ADM,81953,RAMNARAYAN SARKAR,Ram Narayan Sarkar,"Sri Ramnarayan Sarkar,
Collegepara,Ward No.-21,
Po-Kharia,  Ps-Kotwali,
Dist-Jalpaiguri,
Pin-735102.",FD-17,CODLRR001,"S.R.O-II&DDO,S.D.L&L.R.O,MATHABHANGA","The S.R.O.-II,
O/o-Sub-Divisional Land & Land Reforms Officer,
Po+Ps-Mathbhanga, Dist-Coochbehar,
Pin-736146.",COD,MATHABHANGA,"DIST. COOCH BEHAR, PIN - 736146",311918.76,Three Lakh Eleven Thousand Nine Hundred Eighteen Rupees Only,8009-01-101-001-23,01-04-2021,145,01-03-2021,Super Annuation,1,,Nominees,,Wife,,,JKD-1,22-03-2021
161,19-03-2021,FD-3/ADM/FP/R-00000136/1,25-03-2021,ADM,69243,SANKAR KUMBHAKAR,,"SANKAR KUMBHAKAR, 
SADHU DANGA, RENNY ROAD, 
PO-NAMOPARA, DIST- PURULIA,
PIN-723103.",FD-3,PUCLRR002,"SRO-I & SDL & LRO, JHALDA","S.R.O.-II & D.D.O.,
OFFICE OF THE SUB-DIVISIONAL LAND & LAND REFORMS OFFICER,
JHALDA, DIST-PURULIA, 
PIN-723202.",PUC,JHALDA,"O/O THE SUB-DIVISIONAL OFFICER, PO - JHALDA, DIST - PURULIA, PIN - 723202",389833.1,Three Lakh Eighty Nine Thousand Eight Hundred Thirty Three Rupees Only,8009-01-101-001-23,,70,04-03-2021,Super Annuation,1,,Nominees,,Wife,,,JKD-1,25-03-2021
161,19-03-2021,FD-3/ADM/FP/R-00000136/2,25-03-2021,ADM,69243,SANKAR KUMBHAKAR,,"SANKAR KUMBHAKAR, 
SADHU DANGA, RENNY ROAD, 
PO-NAMOPARA, DIST- PURULIA,
PIN-723103.",FD-3,PUCLRR002,"SRO-I & SDL & LRO, JHALDA","S.R.O.-II & D.D.O.,
OFFICE OF THE SUB-DIVISIONAL LAND & LAND REFORMS OFFICER,
JHALDA, DIST-PURULIA, 
PIN-723202.",PUC,JHALDA,"O/O THE SUB-DIVISIONAL OFFICER, PO - JHALDA, DIST - PURULIA, PIN - 723202",389833.1,Three Lakh Eighty Nine Thousand Eight Hundred Thirty Three Rupees Only,8009-01-101-001-23,,70,04-03-2021,Super Annuation,1,,Nominees,,Wife,,,JKD-1,25-03-2021
161,19-03-2021,FD-3/ADM/FP/R-00000136/3,25-03-2021,ADM,69243,SANKAR KUMBHAKAR,,"SANKAR KUMBHAKAR, 
SADHU DANGA, RENNY ROAD, 
PO-NAMOPARA, DIST- PURULIA,
PIN-723103.",FD-3,PUCLRR002,"SRO-I & SDL & LRO, JHALDA","S.R.O.-II & D.D.O.,
OFFICE OF THE SUB-DIVISIONAL LAND & LAND REFORMS OFFICER,
JHALDA, DIST-PURULIA, 
PIN-723202.",PUC,JHALDA,"O/O THE SUB-DIVISIONAL OFFICER, PO - JHALDA, DIST - PURULIA, PIN - 723202",389833.1,Three Lakh Eighty Nine Thousand Eight Hundred Thirty Three Rupees Only,8009-01-101-001-23,,70,04-03-2021,Super Annuation,1,,Nominees,,Wife,,,JKD-1,25-03-2021
166,22-03-2021,FD-17/ADM/FP/R-00000120/1,23-03-2021,ADM,81033,PRABIR CHANDRA KAR,,"Sri Prabir Chandra kar,
Vill-Baishguri, Po-Baro Kauerdara,
Ps-Mathabhanga, Dist-Coochbehar.",FD-17,CODLRR001,"S.R.O-II&DDO,S.D.L&L.R.O,MATHABHANGA","The S.R.O-II & D.D.O,
O/o-Sub-Divisional Land & Land Reforms Officer,
Po+Ps-Mathbhanga, Dist-Cooch behar,
Pin-736146.",COD,MATHABHANGA,"DIST. COOCH BEHAR, PIN - 736146",135068.64,One Lakh Thirty Five Thousand Sixty Eight Rupees Only,8009-01-101-001-23,,157,05-03-2021,Super Annuation,1,,Nominees,,Wife,,,JKD-1,23-03-2021
166,22-03-2021,FD-17/ADM/FP/R-00000120/2,23-03-2021,ADM,81033,PRABIR CHANDRA KAR,,"Sri Prabir Chandra kar,
Vill-Baishguri, Po-Baro Kauerdara,
Ps-Mathabhanga, Dist-Coochbehar.",FD-17,CODLRR001,"S.R.O-II&DDO,S.D.L&L.R.O,MATHABHANGA","The S.R.O-II & D.D.O,
O/o-Sub-Divisional Land & Land Reforms Officer,
Po+Ps-Mathbhanga, Dist-Cooch behar,
Pin-736146.",COD,MATHABHANGA,"DIST. COOCH BEHAR, PIN - 736146",135068.64,One Lakh Thirty Five Thousand Sixty Eight Rupees Only,8009-01-101-001-23,,157,05-03-2021,Super Annuation,1,,Nominees,,Wife,,,JKD-1,23-03-2021
166,22-03-2021,FD-17/ADM/FP/R-00000120/3,23-03-2021,ADM,81033,PRABIR CHANDRA KAR,,"Sri Prabir Chandra kar,
Vill-Baishguri, Po-Baro Kauerdara,
Ps-Mathabhanga, Dist-Coochbehar.",FD-17,CODLRR001,"S.R.O-II&DDO,S.D.L&L.R.O,MATHABHANGA","The S.R.O-II & D.D.O,
O/o-Sub-Divisional Land & Land Reforms Officer,
Po+Ps-Mathbhanga, Dist-Cooch behar,
Pin-736146.",COD,MATHABHANGA,"DIST. COOCH BEHAR, PIN - 736146",135068.64,One Lakh Thirty Five Thousand Sixty Eight Rupees Only,8009-01-101-001-23,,157,05-03-2021,Super Annuation,1,,Nominees,,Wife,,,JKD-1,23-03-2021
167,22-03-2021,FD-17/ADM/FP/R-00000127/1,25-03-2021,ADM,78063,SANKAR KR. BANIK,,"Sri Sankar Kr.Banik,
Gunjabari,
Sudhingshu Nagar,
P.O.& Dist-Coochbehar,
",FD-17,CODLRR001,"S.R.O-II&DDO,S.D.L&L.R.O,MATHABHANGA","The S.R.O-II & D.D.O,
O/O the Sub-Divisional Land & Land Reforms Officer,
P.O+P,S-Mathabhanga,Dist-Cooch behar,
Pin-736146.",COD,MATHABHANGA,"DIST. COOCH BEHAR, PIN - 736146",177377.2,One Lakh Seventy Seven Thousand Three Hundred Seventy Seven Rupees Only,8009-01-101-001-23,01-04-2021,158,05-03-2021,Super Annuation,1,,Nominees,,Wife,,,JKD-1,25-03-2021
167,22-03-2021,FD-17/ADM/FP/R-00000127/2,25-03-2021,ADM,78063,SANKAR KR. BANIK,,"Sri Sankar Kr.Banik,
Gunjabari,
Sudhingshu Nagar,
P.O.& Dist-Coochbehar,
",FD-17,CODLRR001,"S.R.O-II&DDO,S.D.L&L.R.O,MATHABHANGA","The S.R.O-II & D.D.O,
O/O the Sub-Divisional Land & Land Reforms Officer,
P.O+P,S-Mathabhanga,Dist-Cooch behar,
Pin-736146.",COD,MATHABHANGA,"DIST. COOCH BEHAR, PIN - 736146",177377.2,One Lakh Seventy Seven Thousand Three Hundred Seventy Seven Rupees Only,8009-01-101-001-23,01-04-2021,158,05-03-2021,Super Annuation,1,,Nominees,,Wife,,,JKD-1,25-03-2021
167,22-03-2021,FD-17/ADM/FP/R-00000127/3,25-03-2021,ADM,78063,SANKAR KR. BANIK,,"Sri Sankar Kr.Banik,
Gunjabari,
Sudhingshu Nagar,
P.O.& Dist-Coochbehar,
",FD-17,CODLRR001,"S.R.O-II&DDO,S.D.L&L.R.O,MATHABHANGA","The S.R.O-II & D.D.O,
O/O the Sub-Divisional Land & Land Reforms Officer,
P.O+P,S-Mathabhanga,Dist-Cooch behar,
Pin-736146.",COD,MATHABHANGA,"DIST. COOCH BEHAR, PIN - 736146",177377.2,One Lakh Seventy Seven Thousand Three Hundred Seventy Seven Rupees Only,8009-01-101-001-23,01-04-2021,158,05-03-2021,Super Annuation,1,,Nominees,,Wife,,,JKD-1,25-03-2021
168,22-03-2021,FD-17/ADM/FP/R-00000131/1,25-03-2021,ADM,71821,WANGDI GYALPO BHUTIA,,"Sonam Doma Bhutia
Hotel Dolma, 7/1 Coochbehar Road
Darjeeling - 734 101",FD-17,CODPRA003,B.D.O SITALKUCHI,"The Block Development Officer
O/o the Block Development Officer, Sitalkuchi
PO+PS-Sitalkuchi, Dist-Coochbehar
Pin-736158",COD,MATHABHANGA,"DIST. COOCH BEHAR, PIN - 736146",1672851.37,Sixteen Lakh Seventy Two Thousand Eight Hundred Fifty One Rupees Only,8009-01-101-001-23,01-04-2021,408,03-03-2021,Death,3,Sonam Doma Bhutia,Other than family detail,,Son,,,JKD-1,25-03-2021
168,22-03-2021,FD-17/ADM/FP/R-00000131/2,25-03-2021,ADM,71821,WANGDI GYALPO BHUTIA,,"Sonam Doma Bhutia
Hotel Dolma, 7/1 Coochbehar Road
Darjeeling - 734 101",FD-17,CODPRA003,B.D.O SITALKUCHI,"The Block Development Officer
O/o the Block Development Officer, Sitalkuchi
PO+PS-Sitalkuchi, Dist-Coochbehar
Pin-736158",COD,MATHABHANGA,"DIST. COOCH BEHAR, PIN - 736146",1672851.37,Sixteen Lakh Seventy Two Thousand Eight Hundred Fifty One Rupees Only,8009-01-101-001-23,01-04-2021,408,03-03-2021,Death,3,Sonam Doma Bhutia,Other than family detail,,Son,,,JKD-1,25-03-2021
168,22-03-2021,FD-17/ADM/FP/R-00000131/3,25-03-2021,ADM,71821,WANGDI GYALPO BHUTIA,,"Sonam Doma Bhutia
Hotel Dolma, 7/1 Coochbehar Road
Darjeeling - 734 101",FD-17,CODPRA003,B.D.O SITALKUCHI,"The Block Development Officer
O/o the Block Development Officer, Sitalkuchi
PO+PS-Sitalkuchi, Dist-Coochbehar
Pin-736158",COD,MATHABHANGA,"DIST. COOCH BEHAR, PIN - 736146",1672851.37,Sixteen Lakh Seventy Two Thousand Eight Hundred Fifty One Rupees Only,8009-01-101-001-23,01-04-2021,408,03-03-2021,Death,3,Sonam Doma Bhutia,Other than family detail,,Son,,,JKD-1,25-03-2021
169,22-03-2021,FD-17/ADM/FP/R-00000128/1,25-03-2021,ADM,75951,TRILOKE NATH LET,TRILOCKE NATH LET,"Smt. Sikha Let
Vill+PO - Bischandrapur
Dist - Birbhum
Pin-731 245",FD-17,BRCLRR001,"S.R.O-II & D.D.O.TO S.D.L.& L.R.O,RAMPURHAT","The SRO II & DDO
O/o the Sub-Divisional Land & Land Reforms Officer
PO - Rampurhat 
Dist - Birbhum
Pin-731224",BRC,RAMPURHAT,"DIST. BIRBHUM, PIN - 731224",1480207.82,Fourteen Lakh Eighty Thousand Two Hundred Seven Rupees Only,8009-01-101-001-23,01-04-2021,261,09-03-2021,Death,4,ANKITA LET,Other than family detail,,Son,,,JKD-1,25-03-2021
169,22-03-2021,FD-17/ADM/FP/R-00000128/1,25-03-2021,ADM,75951,TRILOKE NATH LET,TRILOCKE NATH LET,"Smt. Sikha Let
Vill+PO - Bischandrapur
Dist - Birbhum
Pin-731 245",FD-17,BRCLRR001,"S.R.O-II & D.D.O.TO S.D.L.& L.R.O,RAMPURHAT","The SRO II & DDO
O/o the Sub-Divisional Land & Land Reforms Officer
PO - Rampurhat 
Dist - Birbhum
Pin-731224",BRC,RAMPURHAT,"DIST. BIRBHUM, PIN - 731224",1480207.82,Fourteen Lakh Eighty Thousand Two Hundred Seven Rupees Only,8009-01-101-001-23,01-04-2021,261,09-03-2021,Death,4,RITESH LET,Other than family detail,,Son,,,JKD-1,25-03-2021
169,22-03-2021,FD-17/ADM/FP/R-00000128/1,25-03-2021,ADM,75951,TRILOKE NATH LET,TRILOCKE NATH LET,"Smt. Sikha Let
Vill+PO - Bischandrapur
Dist - Birbhum
Pin-731 245",FD-17,BRCLRR001,"S.R.O-II & D.D.O.TO S.D.L.& L.R.O,RAMPURHAT","The SRO II & DDO
O/o the Sub-Divisional Land & Land Reforms Officer
PO - Rampurhat 
Dist - Birbhum
Pin-731224",BRC,RAMPURHAT,"DIST. BIRBHUM, PIN - 731224",1480207.82,Fourteen Lakh Eighty Thousand Two Hundred Seven Rupees Only,8009-01-101-001-23,01-04-2021,261,09-03-2021,Death,4,SIKHA LET,Other than family detail,,Son,,,JKD-1,25-03-2021
169,22-03-2021,FD-17/ADM/FP/R-00000128/2,25-03-2021,ADM,75951,TRILOKE NATH LET,TRILOCKE NATH LET,"Smt. Sikha Let
Vill+PO - Bischandrapur
Dist - Birbhum
Pin-731 245",FD-17,BRCLRR001,"S.R.O-II & D.D.O.TO S.D.L.& L.R.O,RAMPURHAT","The SRO II & DDO
O/o the Sub-Divisional Land & Land Reforms Officer
PO - Rampurhat 
Dist - Birbhum
Pin-731224",BRC,RAMPURHAT,"DIST. BIRBHUM, PIN - 731224",1480207.82,Fourteen Lakh Eighty Thousand Two Hundred Seven Rupees Only,8009-01-101-001-23,01-04-2021,261,09-03-2021,Death,4,ANKITA LET,Other than family detail,,Son,,,JKD-1,25-03-2021
169,22-03-2021,FD-17/ADM/FP/R-00000128/2,25-03-2021,ADM,75951,TRILOKE NATH LET,TRILOCKE NATH LET,"Smt. Sikha Let
Vill+PO - Bischandrapur
Dist - Birbhum
Pin-731 245",FD-17,BRCLRR001,"S.R.O-II & D.D.O.TO S.D.L.& L.R.O,RAMPURHAT","The SRO II & DDO
O/o the Sub-Divisional Land & Land Reforms Officer
PO - Rampurhat 
Dist - Birbhum
Pin-731224",BRC,RAMPURHAT,"DIST. BIRBHUM, PIN - 731224",1480207.82,Fourteen Lakh Eighty Thousand Two Hundred Seven Rupees Only,8009-01-101-001-23,01-04-2021,261,09-03-2021,Death,4,RITESH LET,Other than family detail,,Son,,,JKD-1,25-03-2021
169,22-03-2021,FD-17/ADM/FP/R-00000128/2,25-03-2021,ADM,75951,TRILOKE NATH LET,TRILOCKE NATH LET,"Smt. Sikha Let
Vill+PO - Bischandrapur
Dist - Birbhum
Pin-731 245",FD-17,BRCLRR001,"S.R.O-II & D.D.O.TO S.D.L.& L.R.O,RAMPURHAT","The SRO II & DDO
O/o the Sub-Divisional Land & Land Reforms Officer
PO - Rampurhat 
Dist - Birbhum
Pin-731224",BRC,RAMPURHAT,"DIST. BIRBHUM, PIN - 731224",1480207.82,Fourteen Lakh Eighty Thousand Two Hundred Seven Rupees Only,8009-01-101-001-23,01-04-2021,261,09-03-2021,Death,4,SIKHA LET,Other than family detail,,Son,,,JKD-1,25-03-2021
169,22-03-2021,FD-17/ADM/FP/R-00000128/3,25-03-2021,ADM,75951,TRILOKE NATH LET,TRILOCKE NATH LET,"Smt. Sikha Let
Vill+PO - Bischandrapur
Dist - Birbhum
Pin-731 245",FD-17,BRCLRR001,"S.R.O-II & D.D.O.TO S.D.L.& L.R.O,RAMPURHAT","The SRO II & DDO
O/o the Sub-Divisional Land & Land Reforms Officer
PO - Rampurhat 
Dist - Birbhum
Pin-731224",BRC,RAMPURHAT,"DIST. BIRBHUM, PIN - 731224",1480207.82,Fourteen Lakh Eighty Thousand Two Hundred Seven Rupees Only,8009-01-101-001-23,01-04-2021,261,09-03-2021,Death,4,ANKITA LET,Other than family detail,,Son,,,JKD-1,25-03-2021
169,22-03-2021,FD-17/ADM/FP/R-00000128/3,25-03-2021,ADM,75951,TRILOKE NATH LET,TRILOCKE NATH LET,"Smt. Sikha Let
Vill+PO - Bischandrapur
Dist - Birbhum
Pin-731 245",FD-17,BRCLRR001,"S.R.O-II & D.D.O.TO S.D.L.& L.R.O,RAMPURHAT","The SRO II & DDO
O/o the Sub-Divisional Land & Land Reforms Officer
PO - Rampurhat 
Dist - Birbhum
Pin-731224",BRC,RAMPURHAT,"DIST. BIRBHUM, PIN - 731224",1480207.82,Fourteen Lakh Eighty Thousand Two Hundred Seven Rupees Only,8009-01-101-001-23,01-04-2021,261,09-03-2021,Death,4,RITESH LET,Other than family detail,,Son,,,JKD-1,25-03-2021
169,22-03-2021,FD-17/ADM/FP/R-00000128/3,25-03-2021,ADM,75951,TRILOKE NATH LET,TRILOCKE NATH LET,"Smt. Sikha Let
Vill+PO - Bischandrapur
Dist - Birbhum
Pin-731 245",FD-17,BRCLRR001,"S.R.O-II & D.D.O.TO S.D.L.& L.R.O,RAMPURHAT","The SRO II & DDO
O/o the Sub-Divisional Land & Land Reforms Officer
PO - Rampurhat 
Dist - Birbhum
Pin-731224",BRC,RAMPURHAT,"DIST. BIRBHUM, PIN - 731224",1480207.82,Fourteen Lakh Eighty Thousand Two Hundred Seven Rupees Only,8009-01-101-001-23,01-04-2021,261,09-03-2021,Death,4,SIKHA LET,Other than family detail,,Son,,,JKD-1,25-03-2021
170,22-03-2021,FD-17/ADM/FP/R-00000129/1,25-03-2021,ADM,79333,ANIMA MAJUMDER,,"Smt. Anima Majumder,
Vill-Alipurduar Court,Near N.B.S.T.C
PO-Alipurduar Court,P.S-Alipurduar,
Dist-Alipurduar, Pin-736122.",FD-17,JACLRR001,"SRO-II & DDO,S.D.L. & L. R. O.,ALIPURDUAR","The DDO & S.R.O-II
O/o the Sub-Divisional Land & Land Reforms Officer,Alipurduar
PO -Alipurduar Court, Dist-Jalpaiguri
Pin-736 122",JAC,ALIPURDUAR,"DIST. ALIPURDUAR, PIN - 736121",1155016.57,Eleven Lakh Fifty Five Thousand Sixteen Rupees Only,8009-01-101-001-23,01-05-2021,162,05-03-2021,Super Annuation,1,,Nominees,,Wife,,,JKD-1,25-03-2021
170,22-03-2021,FD-17/ADM/FP/R-00000129/2,25-03-2021,ADM,79333,ANIMA MAJUMDER,,"Smt. Anima Majumder,
Vill-Alipurduar Court,Near N.B.S.T.C
PO-Alipurduar Court,P.S-Alipurduar,
Dist-Alipurduar, Pin-736122.",FD-17,JACLRR001,"SRO-II & DDO,S.D.L. & L. R. O.,ALIPURDUAR","The DDO & S.R.O-II
O/o the Sub-Divisional Land & Land Reforms Officer,Alipurduar
PO -Alipurduar Court, Dist-Jalpaiguri
Pin-736 122",JAC,ALIPURDUAR,"DIST. ALIPURDUAR, PIN - 736121",1155016.57,Eleven Lakh Fifty Five Thousand Sixteen Rupees Only,8009-01-101-001-23,01-05-2021,162,05-03-2021,Super Annuation,1,,Nominees,,Wife,,,JKD-1,25-03-2021
170,22-03-2021,FD-17/ADM/FP/R-00000129/3,25-03-2021,ADM,79333,ANIMA MAJUMDER,,"Smt. Anima Majumder,
Vill-Alipurduar Court,Near N.B.S.T.C
PO-Alipurduar Court,P.S-Alipurduar,
Dist-Alipurduar, Pin-736122.",FD-17,JACLRR001,"SRO-II & DDO,S.D.L. & L. R. O.,ALIPURDUAR","The DDO & S.R.O-II
O/o the Sub-Divisional Land & Land Reforms Officer,Alipurduar
PO -Alipurduar Court, Dist-Jalpaiguri
Pin-736 122",JAC,ALIPURDUAR,"DIST. ALIPURDUAR, PIN - 736121",1155016.57,Eleven Lakh Fifty Five Thousand Sixteen Rupees Only,8009-01-101-001-23,01-05-2021,162,05-03-2021,Super Annuation,1,,Nominees,,Wife,,,JKD-1,25-03-2021
171,22-03-2021,FD-17/ADM/FP/R-00000140/1,31-03-2021,ADM,79730,BHOLA NATH DALAL,,"Sri Bholanath Dalal,
20/23 Biplabi Barin Ghosh Sarani,
Kolkata-700067.",FD-17,CAFBCA003,"ASST SCY.,W.B.COMMISSION FOR BACKWARD CLASSES","The O.S.D.,
O/o-Backward Classes Welfare Department,
AdministrativeBuilding,Sector-II,Salt Lake,
Kolkata-700091.",CAF,CAL PAO -III,"SUBHANNA, S.G.O. COMPLEX, 5TH. AND 6TH. FLOOR, BIDHANNAGAR, PIN - 700064",209542.11,Two Lakh Nine Thousand Five Hundred Forty Two Rupees Only,8009-01-101-001-23,,781,10-03-2021,Super Annuation,1,,Nominees,,Wife,,,JKD-1,31-03-2021
171,22-03-2021,FD-17/ADM/FP/R-00000140/2,31-03-2021,ADM,79730,BHOLA NATH DALAL,,"Sri Bholanath Dalal,
20/23 Biplabi Barin Ghosh Sarani,
Kolkata-700067.",FD-17,CAFBCA003,"ASST SCY.,W.B.COMMISSION FOR BACKWARD CLASSES","The O.S.D.,
O/o-Backward Classes Welfare Department,
AdministrativeBuilding,Sector-II,Salt Lake,
Kolkata-700091.",CAF,CAL PAO -III,"SUBHANNA, S.G.O. COMPLEX, 5TH. AND 6TH. FLOOR, BIDHANNAGAR, PIN - 700064",209542.11,Two Lakh Nine Thousand Five Hundred Forty Two Rupees Only,8009-01-101-001-23,,781,10-03-2021,Super Annuation,1,,Nominees,,Wife,,,JKD-1,31-03-2021
171,22-03-2021,FD-17/ADM/FP/R-00000140/3,31-03-2021,ADM,79730,BHOLA NATH DALAL,,"Sri Bholanath Dalal,
20/23 Biplabi Barin Ghosh Sarani,
Kolkata-700067.",FD-17,CAFBCA003,"ASST SCY.,W.B.COMMISSION FOR BACKWARD CLASSES","The O.S.D.,
O/o-Backward Classes Welfare Department,
AdministrativeBuilding,Sector-II,Salt Lake,
Kolkata-700091.",CAF,CAL PAO -III,"SUBHANNA, S.G.O. COMPLEX, 5TH. AND 6TH. FLOOR, BIDHANNAGAR, PIN - 700064",209542.11,Two Lakh Nine Thousand Five Hundred Forty Two Rupees Only,8009-01-101-001-23,,781,10-03-2021,Super Annuation,1,,Nominees,,Wife,,,JKD-1,31-03-2021
172,22-03-2021,FD-17/ADM/FP/R-00000133/1,25-03-2021,ADM,65037,ANJAN BISWAS,,"Sri Anjan Biswas,
65/A,Col. K.P.Gupta Rd.,
P.O-Nabanagar, Halisahar (m),
North 24-Paraganas,W.B.-743136.",FD-17,CAFEHA001,"O.S.D, HIGHER EDUCATION DEPT","The O.S.D.& D.D.O,
O/o-Higher Education Department,
Establishment Branch,
Bikash Bhavan, Salt Lake,
Kolkata-700091.",CAF,CAL PAO -III,"SUBHANNA, S.G.O. COMPLEX, 5TH. AND 6TH. FLOOR, BIDHANNAGAR, PIN - 700064",195680.35,One Lakh Ninety Five Thousand Six Hundred Eighty Rupees Only,8009-01-101-001-23,01-04-2020,374,05-03-2021,Super Annuation,1,,Nominees,,Wife,,,JKD-1,25-03-2021
172,22-03-2021,FD-17/ADM/FP/R-00000133/2,25-03-2021,ADM,65037,ANJAN BISWAS,,"Sri Anjan Biswas,
65/A,Col. K.P.Gupta Rd.,
P.O-Nabanagar, Halisahar (m),
North 24-Paraganas,W.B.-743136.",FD-17,CAFEHA001,"O.S.D, HIGHER EDUCATION DEPT","The O.S.D.& D.D.O,
O/o-Higher Education Department,
Establishment Branch,
Bikash Bhavan, Salt Lake,
Kolkata-700091.",CAF,CAL PAO -III,"SUBHANNA, S.G.O. COMPLEX, 5TH. AND 6TH. FLOOR, BIDHANNAGAR, PIN - 700064",195680.35,One Lakh Ninety Five Thousand Six Hundred Eighty Rupees Only,8009-01-101-001-23,01-04-2020,374,05-03-2021,Super Annuation,1,,Nominees,,Wife,,,JKD-1,25-03-2021
172,22-03-2021,FD-17/ADM/FP/R-00000133/3,25-03-2021,ADM,65037,ANJAN BISWAS,,"Sri Anjan Biswas,
65/A,Col. K.P.Gupta Rd.,
P.O-Nabanagar, Halisahar (m),
North 24-Paraganas,W.B.-743136.",FD-17,CAFEHA001,"O.S.D, HIGHER EDUCATION DEPT","The O.S.D.& D.D.O,
O/o-Higher Education Department,
Establishment Branch,
Bikash Bhavan, Salt Lake,
Kolkata-700091.",CAF,CAL PAO -III,"SUBHANNA, S.G.O. COMPLEX, 5TH. AND 6TH. FLOOR, BIDHANNAGAR, PIN - 700064",195680.35,One Lakh Ninety Five Thousand Six Hundred Eighty Rupees Only,8009-01-101-001-23,01-04-2020,374,05-03-2021,Super Annuation,1,,Nominees,,Wife,,,JKD-1,25-03-2021
173,22-03-2021,FD-17/ADM/FP/R-00000130/1,25-03-2021,ADM,70663,ADYANATH BERA,,"Sri Adya Nath Bera,
AH-354, Sector-II,
Salt Lake City,
Kolkata-700091.",FD-17,CAFHFA001,ASST.SECY. HEALTH & FAMILY WELFARE DEPARTMENT,"The Asstt.Secy.,
O/o-Department of Health & Family Welfare,
G.A.Branch, Swasthya Bhawan,
Salt Lake City,Kolkata-700091.",CAF,CAL PAO -III,"SUBHANNA, S.G.O. COMPLEX, 5TH. AND 6TH. FLOOR, BIDHANNAGAR, PIN - 700064",254325.53,Two Lakh Fifty Four Thousand Three Hundred Twenty Five Rupees Only,8009-01-101-001-23,,828,12-03-2021,Super Annuation,1,,Nominees,,Wife,,,JKD-1,25-03-2021
173,22-03-2021,FD-17/ADM/FP/R-00000130/2,25-03-2021,ADM,70663,ADYANATH BERA,,"Sri Adya Nath Bera,
AH-354, Sector-II,
Salt Lake City,
Kolkata-700091.",FD-17,CAFHFA001,ASST.SECY. HEALTH & FAMILY WELFARE DEPARTMENT,"The Asstt.Secy.,
O/o-Department of Health & Family Welfare,
G.A.Branch, Swasthya Bhawan,
Salt Lake City,Kolkata-700091.",CAF,CAL PAO -III,"SUBHANNA, S.G.O. COMPLEX, 5TH. AND 6TH. FLOOR, BIDHANNAGAR, PIN - 700064",254325.53,Two Lakh Fifty Four Thousand Three Hundred Twenty Five Rupees Only,8009-01-101-001-23,,828,12-03-2021,Super Annuation,1,,Nominees,,Wife,,,JKD-1,25-03-2021
173,22-03-2021,FD-17/ADM/FP/R-00000130/3,25-03-2021,ADM,70663,ADYANATH BERA,,"Sri Adya Nath Bera,
AH-354, Sector-II,
Salt Lake City,
Kolkata-700091.",FD-17,CAFHFA001,ASST.SECY. HEALTH & FAMILY WELFARE DEPARTMENT,"The Asstt.Secy.,
O/o-Department of Health & Family Welfare,
G.A.Branch, Swasthya Bhawan,
Salt Lake City,Kolkata-700091.",CAF,CAL PAO -III,"SUBHANNA, S.G.O. COMPLEX, 5TH. AND 6TH. FLOOR, BIDHANNAGAR, PIN - 700064",254325.53,Two Lakh Fifty Four Thousand Three Hundred Twenty Five Rupees Only,8009-01-101-001-23,,828,12-03-2021,Super Annuation,1,,Nominees,,Wife,,,JKD-1,25-03-2021
182,23-03-2021,FD-17/ADM/FP/R-00000138/1,31-03-2021,ADM,83569,JHUMA CHAKRABORTY (MUKHERJEE),,"Smt. Jhuma Chakraborty (Mukherjee),
7,Deshbandhupally, PO & PS Khardaha,
North 24 Parganas, Pin-700117.",FD-17,NPCLRR001,"S R O -II,S D L& L R O, BKP","The SRO-II & DDO.,
O/o-Sub-Divisional Land & Land Reforms Officer,
Barrackpore, North 24-Paraganas,
Kolkata-700120.",NPC,BARRACKPORE-I,"DIST. NORTH 24 PARGANAS, PIN - 700120",426474.66,Four Lakh Twenty Six Thousand Four Hundred Seventy Four Rupees Only,8009-01-101-001-23,,5,22-01-2021,Super Annuation,1,,Nominees,,Wife,,,SR1,31-03-2021
182,23-03-2021,FD-17/ADM/FP/R-00000138/2,31-03-2021,ADM,83569,JHUMA CHAKRABORTY (MUKHERJEE),,"Smt. Jhuma Chakraborty (Mukherjee),
7,Deshbandhupally, PO & PS Khardaha,
North 24 Parganas, Pin-700117.",FD-17,NPCLRR001,"S R O -II,S D L& L R O, BKP","The SRO-II & DDO.,
O/o-Sub-Divisional Land & Land Reforms Officer,
Barrackpore, North 24-Paraganas,
Kolkata-700120.",NPC,BARRACKPORE-I,"DIST. NORTH 24 PARGANAS, PIN - 700120",426474.66,Four Lakh Twenty Six Thousand Four Hundred Seventy Four Rupees Only,8009-01-101-001-23,,5,22-01-2021,Super Annuation,1,,Nominees,,Wife,,,SR1,31-03-2021
182,23-03-2021,FD-17/ADM/FP/R-00000138/3,31-03-2021,ADM,83569,JHUMA CHAKRABORTY (MUKHERJEE),,"Smt. Jhuma Chakraborty (Mukherjee),
7,Deshbandhupally, PO & PS Khardaha,
North 24 Parganas, Pin-700117.",FD-17,NPCLRR001,"S R O -II,S D L& L R O, BKP","The SRO-II & DDO.,
O/o-Sub-Divisional Land & Land Reforms Officer,
Barrackpore, North 24-Paraganas,
Kolkata-700120.",NPC,BARRACKPORE-I,"DIST. NORTH 24 PARGANAS, PIN - 700120",426474.66,Four Lakh Twenty Six Thousand Four Hundred Seventy Four Rupees Only,8009-01-101-001-23,,5,22-01-2021,Super Annuation,1,,Nominees,,Wife,,,SR1,31-03-2021
184,24-03-2021,FD-17/ADM/FP/R-00000137/1,26-03-2021,ADM,65464,CYPRIANUS MINJ,,"Sri Cyprianus Minj,
MB 676, Purabi APT.F-13,
Mahish Bathan, Salt Lake,Sector-5,
North 24-Paraganas, West Bengal,
Pin-700102",FD-17,CAFUDL001,JOINT DIRECTOR OF LOCAL BODIES(A&A) W.B.,"The Deputy Directorb (A&A),
O/o-Directorate of Local Bodies,W.B.,
Poura Prashasan Bhavan,3rd & 4th Floor, 
City Centre-I, Salt Lake City,North 24 Paraganas,
Kolkata-700064.",CAF,CAL PAO -III,"SUBHANNA, S.G.O. COMPLEX, 5TH. AND 6TH. FLOOR, BIDHANNAGAR, PIN - 700064",349252.68,Three Lakh Forty Nine Thousand Two Hundred Fifty Two Rupees Only,8009-01-101-001-23,30-04-2021,206,17-03-2021,Super Annuation,1,,Nominees,,Wife,,,JKD-1,26-03-2021
184,24-03-2021,FD-17/ADM/FP/R-00000137/2,26-03-2021,ADM,65464,CYPRIANUS MINJ,,"Sri Cyprianus Minj,
MB 676, Purabi APT.F-13,
Mahish Bathan, Salt Lake,Sector-5,
North 24-Paraganas, West Bengal,
Pin-700102",FD-17,CAFUDL001,JOINT DIRECTOR OF LOCAL BODIES(A&A) W.B.,"The Deputy Directorb (A&A),
O/o-Directorate of Local Bodies,W.B.,
Poura Prashasan Bhavan,3rd & 4th Floor, 
City Centre-I, Salt Lake City,North 24 Paraganas,
Kolkata-700064.",CAF,CAL PAO -III,"SUBHANNA, S.G.O. COMPLEX, 5TH. AND 6TH. FLOOR, BIDHANNAGAR, PIN - 700064",349252.68,Three Lakh Forty Nine Thousand Two Hundred Fifty Two Rupees Only,8009-01-101-001-23,30-04-2021,206,17-03-2021,Super Annuation,1,,Nominees,,Wife,,,JKD-1,26-03-2021
184,24-03-2021,FD-17/ADM/FP/R-00000137/3,26-03-2021,ADM,65464,CYPRIANUS MINJ,,"Sri Cyprianus Minj,
MB 676, Purabi APT.F-13,
Mahish Bathan, Salt Lake,Sector-5,
North 24-Paraganas, West Bengal,
Pin-700102",FD-17,CAFUDL001,JOINT DIRECTOR OF LOCAL BODIES(A&A) W.B.,"The Deputy Directorb (A&A),
O/o-Directorate of Local Bodies,W.B.,
Poura Prashasan Bhavan,3rd & 4th Floor, 
City Centre-I, Salt Lake City,North 24 Paraganas,
Kolkata-700064.",CAF,CAL PAO -III,"SUBHANNA, S.G.O. COMPLEX, 5TH. AND 6TH. FLOOR, BIDHANNAGAR, PIN - 700064",349252.68,Three Lakh Forty Nine Thousand Two Hundred Fifty Two Rupees Only,8009-01-101-001-23,30-04-2021,206,17-03-2021,Super Annuation,1,,Nominees,,Wife,,,JKD-1,26-03-2021
185,25-03-2021,FD-17/ADM/FP/R-00000142/1,31-03-2021,ADM,70102,DINA BANDHU SAHA,,"Sri Dina Bandhu Saha,
1 no.Sultanpur,
P.O-Jagacha,
Dist-Howrah,",FD-17,CAFUDA011,"A.O.URBAN DEVELOPMENT (T & CP), WEST BENGAL","The Accounts Officer,
Deptt.of Urban Development & Municipal Affairs,
Town and Country Planning Branch,
Nagarayan,  DF-8,Sector-I,  Bidhannagar,
Kolkata-700064.",CAF,CAL PAO -III,"SUBHANNA, S.G.O. COMPLEX, 5TH. AND 6TH. FLOOR, BIDHANNAGAR, PIN - 700064",52793.29,Fifty Two Thousand Seven Hundred Ninety Three Rupees Only,8009-01-101-001-23,01-04-2021,673,19-03-2021,Super Annuation,1,,Nominees,,Wife,,,JKD-1,31-03-2021
185,25-03-2021,FD-17/ADM/FP/R-00000142/2,31-03-2021,ADM,70102,DINA BANDHU SAHA,,"Sri Dina Bandhu Saha,
1 no.Sultanpur,
P.O-Jagacha,
Dist-Howrah,",FD-17,CAFUDA011,"A.O.URBAN DEVELOPMENT (T & CP), WEST BENGAL","The Accounts Officer,
Deptt.of Urban Development & Municipal Affairs,
Town and Country Planning Branch,
Nagarayan,  DF-8,Sector-I,  Bidhannagar,
Kolkata-700064.",CAF,CAL PAO -III,"SUBHANNA, S.G.O. COMPLEX, 5TH. AND 6TH. FLOOR, BIDHANNAGAR, PIN - 700064",52793.29,Fifty Two Thousand Seven Hundred Ninety Three Rupees Only,8009-01-101-001-23,01-04-2021,673,19-03-2021,Super Annuation,1,,Nominees,,Wife,,,JKD-1,31-03-2021
185,25-03-2021,FD-17/ADM/FP/R-00000142/3,31-03-2021,ADM,70102,DINA BANDHU SAHA,,"Sri Dina Bandhu Saha,
1 no.Sultanpur,
P.O-Jagacha,
Dist-Howrah,",FD-17,CAFUDA011,"A.O.URBAN DEVELOPMENT (T & CP), WEST BENGAL","The Accounts Officer,
Deptt.of Urban Development & Municipal Affairs,
Town and Country Planning Branch,
Nagarayan,  DF-8,Sector-I,  Bidhannagar,
Kolkata-700064.",CAF,CAL PAO -III,"SUBHANNA, S.G.O. COMPLEX, 5TH. AND 6TH. FLOOR, BIDHANNAGAR, PIN - 700064",52793.29,Fifty Two Thousand Seven Hundred Ninety Three Rupees Only,8009-01-101-001-23,01-04-2021,673,19-03-2021,Super Annuation,1,,Nominees,,Wife,,,JKD-1,31-03-2021
196,30-03-2021,FD-17/ADM/FP/R-00000141/1,31-03-2021,ADM,90037,MANJU DEY,,"Manju Dey,
Gustia Main Road, P.O,-Badu,
Barasat Municipality, Word No.-20,
Dist.-24 Pgs (N) Kolkata-700128",FD-17,CAFDPA001,"A.O. DEPARTMENT OF  PLANNING, GOVT. OF W.B.","The Accounts Officer &Ex-Officio Deputy Secretary,
O/O the Department Of Planning & Statistics,
Joint Adminstrative Building, Block HC-7,
Sec-III, Salt Lake, KOl-106",CAF,CAL PAO -III,"SUBHANNA, S.G.O. COMPLEX, 5TH. AND 6TH. FLOOR, BIDHANNAGAR, PIN - 700064",213530.88,Two Lakh Thirteen Thousand Five Hundred Thirty Rupees Only,8009-01-101-001-23,,310,19-03-2021,Super Annuation,1,,Nominees,,Wife,,,JKD-1,31-03-2021
196,30-03-2021,FD-17/ADM/FP/R-00000141/2,31-03-2021,ADM,90037,MANJU DEY,,"Manju Dey,
Gustia Main Road, P.O,-Badu,
Barasat Municipality, Word No.-20,
Dist.-24 Pgs (N) Kolkata-700128",FD-17,CAFDPA001,"A.O. DEPARTMENT OF  PLANNING, GOVT. OF W.B.","The Accounts Officer &Ex-Officio Deputy Secretary,
O/O the Department Of Planning & Statistics,
Joint Adminstrative Building, Block HC-7,
Sec-III, Salt Lake, KOl-106",CAF,CAL PAO -III,"SUBHANNA, S.G.O. COMPLEX, 5TH. AND 6TH. FLOOR, BIDHANNAGAR, PIN - 700064",213530.88,Two Lakh Thirteen Thousand Five Hundred Thirty Rupees Only,8009-01-101-001-23,,310,19-03-2021,Super Annuation,1,,Nominees,,Wife,,,JKD-1,31-03-2021
196,30-03-2021,FD-17/ADM/FP/R-00000141/3,31-03-2021,ADM,90037,MANJU DEY,,"Manju Dey,
Gustia Main Road, P.O,-Badu,
Barasat Municipality, Word No.-20,
Dist.-24 Pgs (N) Kolkata-700128",FD-17,CAFDPA001,"A.O. DEPARTMENT OF  PLANNING, GOVT. OF W.B.","The Accounts Officer &Ex-Officio Deputy Secretary,
O/O the Department Of Planning & Statistics,
Joint Adminstrative Building, Block HC-7,
Sec-III, Salt Lake, KOl-106",CAF,CAL PAO -III,"SUBHANNA, S.G.O. COMPLEX, 5TH. AND 6TH. FLOOR, BIDHANNAGAR, PIN - 700064",213530.88,Two Lakh Thirteen Thousand Five Hundred Thirty Rupees Only,8009-01-101-001-23,,310,19-03-2021,Super Annuation,1,,Nominees,,Wife,,,JKD-1,31-03-2021
198,31-03-2021,FD-17/ADM/FP/R-00000139/1,31-03-2021,ADM,86928,PRADIP KUMAR SAHA,Pradip Kr.Saha,"PRADIP KUMAR SAHA,
O/o THE EXECUTIVE ENGINEER,
SILIGURI DIVISION, M.E.Dte.
SILIGURI, PIN-734006.",FD-17,DADMCE002,"EXECUTIVE ENGINEER, SILIGURI DIVISION, M.E.D, SILIGURI.","THE EXECUTIVE ENGINEER,  SILIGURI DIVISION,
MUNICIPAL ENGINEERING DIRECTORATE,
DEPTT.OF U.D. & MUNICIPAL AFFAIRS,
NIRANJAN NAGAR, ASHIGHAR MORE,
SILIGURI, PIN-734006.",DAD,SILIGURI-I,"DIST. DARJEELING, PIN - 734001",300170.89,Three Lakh One Hundred Seventy Rupees Only,8009-01-101-001-23,,1134,26-03-2021,Super Annuation,1,,Nominees,,Wife,,,JKD-1,31-03-2021
198,31-03-2021,FD-17/ADM/FP/R-00000139/2,31-03-2021,ADM,86928,PRADIP KUMAR SAHA,Pradip Kr.Saha,"PRADIP KUMAR SAHA,
O/o THE EXECUTIVE ENGINEER,
SILIGURI DIVISION, M.E.Dte.
SILIGURI, PIN-734006.",FD-17,DADMCE002,"EXECUTIVE ENGINEER, SILIGURI DIVISION, M.E.D, SILIGURI.","THE EXECUTIVE ENGINEER,  SILIGURI DIVISION,
MUNICIPAL ENGINEERING DIRECTORATE,
DEPTT.OF U.D. & MUNICIPAL AFFAIRS,
NIRANJAN NAGAR, ASHIGHAR MORE,
SILIGURI, PIN-734006.",DAD,SILIGURI-I,"DIST. DARJEELING, PIN - 734001",300170.89,Three Lakh One Hundred Seventy Rupees Only,8009-01-101-001-23,,1134,26-03-2021,Super Annuation,1,,Nominees,,Wife,,,JKD-1,31-03-2021
198,31-03-2021,FD-17/ADM/FP/R-00000139/3,31-03-2021,ADM,86928,PRADIP KUMAR SAHA,Pradip Kr.Saha,"PRADIP KUMAR SAHA,
O/o THE EXECUTIVE ENGINEER,
SILIGURI DIVISION, M.E.Dte.
SILIGURI, PIN-734006.",FD-17,DADMCE002,"EXECUTIVE ENGINEER, SILIGURI DIVISION, M.E.D, SILIGURI.","THE EXECUTIVE ENGINEER,  SILIGURI DIVISION,
MUNICIPAL ENGINEERING DIRECTORATE,
DEPTT.OF U.D. & MUNICIPAL AFFAIRS,
NIRANJAN NAGAR, ASHIGHAR MORE,
SILIGURI, PIN-734006.",DAD,SILIGURI-I,"DIST. DARJEELING, PIN - 734001",300170.89,Three Lakh One Hundred Seventy Rupees Only,8009-01-101-001-23,,1134,26-03-2021,Super Annuation,1,,Nominees,,Wife,,,JKD-1,31-03-2021
